NZ_CP072215.1_43945-54537:._4	411ae5a1aabd3b3b949d0766147c6498	291	Pfam	PF04055	Radical SAM superfamily	27	186	6.3E-14	T	13-04-2026	IPR007197	Radical SAM	-	-
NZ_CP072215.1_43945-54537:._4	411ae5a1aabd3b3b949d0766147c6498	291	CDD	cd01335	Radical_SAM	27	210	4.83418E-5	T	13-04-2026	-	-	-	-
NZ_AP029022.1_2742988-2753550:._5	c0958e8c9f408c316d4afaa74c74b5bf	385	CDD	cd01483	E1_enzyme_family	180	300	4.41872E-24	T	13-04-2026	-	-	-	-
NZ_AP029022.1_2742988-2753550:._5	c0958e8c9f408c316d4afaa74c74b5bf	385	Pfam	PF20590	Domain of unknown function (DUF6791)	11	162	1.2E-40	T	13-04-2026	IPR046741	Domain of unknown function DUF6791	-	-
NZ_AP029022.1_2742988-2753550:._5	c0958e8c9f408c316d4afaa74c74b5bf	385	Pfam	PF00899	ThiF family	174	301	4.3E-12	T	13-04-2026	IPR000594	THIF-type NAD/FAD binding fold	-	-
NZ_CP051682.1_46407-57116:._7	331c1cc24d299d2a98fd2a501c9e0c47	280	Pfam	PF00535	Glycosyl transferase family 2	6	131	1.3E-9	T	13-04-2026	IPR001173	Glycosyltransferase 2-like	-	-
NZ_CP110012.1_3190230-3200819:._5	92e8fbc15ff15fc4df1da41f74a33dfb	170	Pfam	PF18863	AbiJ N-terminal domain 4	4	39	2.1E-6	T	13-04-2026	IPR049503	HEPN, AbiJ-N-terminal domain 4	-	-
NZ_CP095413.1_5460829-5471271:._8	7461b1adf3f98a6ab6375ddda4e42d75	235	Pfam	PF13852	Protein of unknown function (DUF4197)	34	233	5.2E-66	T	13-04-2026	IPR025245	Protein of unknown function DUF4197	-	-
NZ_CP193656.1_3635614-3646293:._13	e90afcdbcfc6d0533a510eb2c2a7022d	599	CDD	cd00130	PAS	229	331	3.46549E-18	T	13-04-2026	IPR000014	PAS domain	-	-
NZ_CP193656.1_3635614-3646293:._13	e90afcdbcfc6d0533a510eb2c2a7022d	599	Pfam	PF02518	Histidine kinase-, DNA gyrase B-, and HSP90-like ATPase	477	597	7.0E-16	T	13-04-2026	IPR003594	Histidine kinase/HSP90-like ATPase	-	-
NZ_CP193656.1_3635614-3646293:._13	e90afcdbcfc6d0533a510eb2c2a7022d	599	Pfam	PF08447	PAS fold	244	327	1.7E-15	T	13-04-2026	IPR013655	PAS fold-3	-	-
NZ_CP193656.1_3635614-3646293:._13	e90afcdbcfc6d0533a510eb2c2a7022d	599	CDD	cd00082	HisKA	363	429	3.511E-7	T	13-04-2026	IPR003661	Signal transduction histidine kinase, dimerisation/phosphoacceptor domain	-	-
NZ_CP193656.1_3635614-3646293:._13	e90afcdbcfc6d0533a510eb2c2a7022d	599	Pfam	PF00512	His Kinase A (phospho-acceptor) domain	367	429	0.0019	T	13-04-2026	IPR003661	Signal transduction histidine kinase, dimerisation/phosphoacceptor domain	-	-
NZ_CP193656.1_3635614-3646293:._13	e90afcdbcfc6d0533a510eb2c2a7022d	599	Pfam	PF08448	PAS fold	99	207	0.026	T	13-04-2026	IPR013656	PAS fold-4	-	-
NZ_CM148634.1_2194474-2205048:._6	10c07b10defd7d06b9ad8faabb3f0538	269	Pfam	PF06114	IrrE N-terminal-like domain	34	166	2.5E-11	T	13-04-2026	IPR010359	IrrE N-terminal-like domain	-	-
NZ_CP197400.1_1166464-1177041:._3	98d7594b2b3377a686f4fdccf1363632	474	Pfam	PF01938	TRAM domain	14	62	0.0013	T	13-04-2026	IPR002792	TRAM domain	-	-
NZ_CP197400.1_1166464-1177041:._3	98d7594b2b3377a686f4fdccf1363632	474	CDD	cd02440	AdoMet_MTases	331	421	3.41568E-11	T	13-04-2026	-	-	-	-
NZ_CP197400.1_1166464-1177041:._3	98d7594b2b3377a686f4fdccf1363632	474	Pfam	PF05958	tRNA (Uracil-5-)-methyltransferase	295	474	3.5E-15	T	13-04-2026	IPR010280	(Uracil-5)-methyltransferase family	-	-
NZ_CP120354.1_19280-29884:._4	b7432615e8f4813fa57030d3bb7a691d	208	CDD	cd08071	MPN_DUF2466	88	200	1.39961E-50	T	13-04-2026	IPR025657	RadC-like JAB domain	-	-
NZ_CP120354.1_19280-29884:._4	b7432615e8f4813fa57030d3bb7a691d	208	Pfam	PF04002	RadC-like JAB domain	86	203	1.3E-35	T	13-04-2026	IPR025657	RadC-like JAB domain	-	-
NZ_CP143637.1_1427192-1437565:._3	97bdc78d468d1710ca408575d3cb2fd7	334	Pfam	PF00561	alpha/beta hydrolase fold	67	199	4.0E-5	T	13-04-2026	IPR000073	Alpha/beta hydrolase fold-1	-	-
NZ_OZ245719.1_5125857-5136431:._6	e2692fd040c3899346b61c36479b657d	170	Pfam	PF02796	Helix-turn-helix domain of resolvase	117	162	0.001	T	13-04-2026	IPR006120	Resolvase, HTH domain	-	-
NZ_OZ245719.1_5125857-5136431:._6	e2692fd040c3899346b61c36479b657d	170	Pfam	PF00239	Resolvase, N terminal domain	3	115	1.0E-36	T	13-04-2026	IPR006119	Resolvase, N-terminal catalytic domain	-	-
NZ_OZ245719.1_5125857-5136431:._6	e2692fd040c3899346b61c36479b657d	170	CDD	cd03768	SR_ResInv	6	105	3.11501E-50	T	13-04-2026	-	-	-	-
NZ_CP096965.1_32657-43249:._2	59a84f439c38e1504b2b26fbd772d903	946	Pfam	PF12833	Helix-turn-helix domain	863	941	4.2E-20	T	13-04-2026	IPR018060	DNA binding HTH domain, AraC-type	-	-
NZ_CP096965.1_32657-43249:._2	59a84f439c38e1504b2b26fbd772d903	946	Pfam	PF07494	Two component regulator propeller	84	105	1.2	T	13-04-2026	IPR011110	Two component regulator propeller	-	-
NZ_CP096965.1_32657-43249:._2	59a84f439c38e1504b2b26fbd772d903	946	Pfam	PF07495	Y_Y_Y domain	708	768	2.1E-12	T	13-04-2026	IPR011123	Two component regulator three Y	-	-
NZ_CP033918.1_3313892-3324232:._7	aea7f4d572b6630a7eec001609ccef50	89	Pfam	PF00239	Resolvase, N terminal domain	6	40	0.0016	T	13-04-2026	IPR006119	Resolvase, N-terminal catalytic domain	-	-
NZ_CP033918.1_3313892-3324232:._7	aea7f4d572b6630a7eec001609ccef50	89	Pfam	PF02796	Helix-turn-helix domain of resolvase	43	87	5.8E-4	T	13-04-2026	IPR006120	Resolvase, HTH domain	-	-
NZ_CP102938.1_14230-24825:._8	e6cfe003e73e91f9e258a8734a173ec6	338	Pfam	PF00535	Glycosyl transferase family 2	6	115	1.8E-15	T	13-04-2026	IPR001173	Glycosyltransferase 2-like	-	-
NZ_CP102938.1_14230-24825:._8	e6cfe003e73e91f9e258a8734a173ec6	338	CDD	cd04186	GT_2_like_c	6	223	2.17977E-48	T	13-04-2026	-	-	-	-
NZ_CM148686.1_2917064-2927656:._4	2aa7c4fd32e35f714b5b2690506e7ee1	197	Pfam	PF00239	Resolvase, N terminal domain	4	142	5.0E-21	T	13-04-2026	IPR006119	Resolvase, N-terminal catalytic domain	-	-
NZ_CM148686.1_2917064-2927656:._4	2aa7c4fd32e35f714b5b2690506e7ee1	197	CDD	cd03768	SR_ResInv	5	133	1.24749E-31	T	13-04-2026	-	-	-	-
NZ_OZ409872.1_1033845-1044446:._7	362f566764d59046a237c2d700989e0a	341	Pfam	PF06580	Histidine kinase	156	233	4.9E-12	T	13-04-2026	IPR010559	Signal transduction histidine kinase, internal region	-	-
NZ_CP072238.1_51863-62458:._9	96a3e9210d3ee74cc33a0a6cdd28ae88	82	Pfam	PF04014	Antidote-toxin recognition MazE, bacterial antitoxin	7	45	0.036	T	13-04-2026	IPR007159	SpoVT-AbrB domain	-	-
NZ_CP143950.1_88416-99011:._9	96a3e9210d3ee74cc33a0a6cdd28ae88	82	Pfam	PF04014	Antidote-toxin recognition MazE, bacterial antitoxin	7	45	0.036	T	13-04-2026	IPR007159	SpoVT-AbrB domain	-	-
NZ_CP069564.1_87419-98014:._8	96a3e9210d3ee74cc33a0a6cdd28ae88	82	Pfam	PF04014	Antidote-toxin recognition MazE, bacterial antitoxin	7	45	0.036	T	13-04-2026	IPR007159	SpoVT-AbrB domain	-	-
NZ_CP072241.1_51837-62432:._9	96a3e9210d3ee74cc33a0a6cdd28ae88	82	Pfam	PF04014	Antidote-toxin recognition MazE, bacterial antitoxin	7	45	0.036	T	13-04-2026	IPR007159	SpoVT-AbrB domain	-	-
NZ_CP143953.1_1-10201:._8	96a3e9210d3ee74cc33a0a6cdd28ae88	82	Pfam	PF04014	Antidote-toxin recognition MazE, bacterial antitoxin	7	45	0.036	T	13-04-2026	IPR007159	SpoVT-AbrB domain	-	-
NZ_CP072245.1_55835-66430:._9	96a3e9210d3ee74cc33a0a6cdd28ae88	82	Pfam	PF04014	Antidote-toxin recognition MazE, bacterial antitoxin	7	45	0.036	T	13-04-2026	IPR007159	SpoVT-AbrB domain	-	-
NZ_CP143942.1_80606-91201:._9	96a3e9210d3ee74cc33a0a6cdd28ae88	82	Pfam	PF04014	Antidote-toxin recognition MazE, bacterial antitoxin	7	45	0.036	T	13-04-2026	IPR007159	SpoVT-AbrB domain	-	-
NZ_CP072228.1_51839-62434:._9	96a3e9210d3ee74cc33a0a6cdd28ae88	82	Pfam	PF04014	Antidote-toxin recognition MazE, bacterial antitoxin	7	45	0.036	T	13-04-2026	IPR007159	SpoVT-AbrB domain	-	-
NZ_CP072233.1_55833-66428:._9	96a3e9210d3ee74cc33a0a6cdd28ae88	82	Pfam	PF04014	Antidote-toxin recognition MazE, bacterial antitoxin	7	45	0.036	T	13-04-2026	IPR007159	SpoVT-AbrB domain	-	-
NZ_CP072211.1_51838-62433:._9	96a3e9210d3ee74cc33a0a6cdd28ae88	82	Pfam	PF04014	Antidote-toxin recognition MazE, bacterial antitoxin	7	45	0.036	T	13-04-2026	IPR007159	SpoVT-AbrB domain	-	-
NZ_CP131534.1_3163299-3173894:._9	96a3e9210d3ee74cc33a0a6cdd28ae88	82	Pfam	PF04014	Antidote-toxin recognition MazE, bacterial antitoxin	7	45	0.036	T	13-04-2026	IPR007159	SpoVT-AbrB domain	-	-
NZ_CP103120.1_40675-51270:._4	96a3e9210d3ee74cc33a0a6cdd28ae88	82	Pfam	PF04014	Antidote-toxin recognition MazE, bacterial antitoxin	7	45	0.036	T	13-04-2026	IPR007159	SpoVT-AbrB domain	-	-
NZ_CP081905.1_30585-41180:._8	96a3e9210d3ee74cc33a0a6cdd28ae88	82	Pfam	PF04014	Antidote-toxin recognition MazE, bacterial antitoxin	7	45	0.036	T	13-04-2026	IPR007159	SpoVT-AbrB domain	-	-
NZ_CP072253.1_51844-62439:._9	96a3e9210d3ee74cc33a0a6cdd28ae88	82	Pfam	PF04014	Antidote-toxin recognition MazE, bacterial antitoxin	7	45	0.036	T	13-04-2026	IPR007159	SpoVT-AbrB domain	-	-
NZ_CP081907.1_47128-57723:._8	96a3e9210d3ee74cc33a0a6cdd28ae88	82	Pfam	PF04014	Antidote-toxin recognition MazE, bacterial antitoxin	7	45	0.036	T	13-04-2026	IPR007159	SpoVT-AbrB domain	-	-
NZ_CP072219.1_51842-62437:._9	96a3e9210d3ee74cc33a0a6cdd28ae88	82	Pfam	PF04014	Antidote-toxin recognition MazE, bacterial antitoxin	7	45	0.036	T	13-04-2026	IPR007159	SpoVT-AbrB domain	-	-
NZ_CP072230.1_55830-66425:._9	96a3e9210d3ee74cc33a0a6cdd28ae88	82	Pfam	PF04014	Antidote-toxin recognition MazE, bacterial antitoxin	7	45	0.036	T	13-04-2026	IPR007159	SpoVT-AbrB domain	-	-
NZ_CP072223.1_86752-97347:._8	96a3e9210d3ee74cc33a0a6cdd28ae88	82	Pfam	PF04014	Antidote-toxin recognition MazE, bacterial antitoxin	7	45	0.036	T	13-04-2026	IPR007159	SpoVT-AbrB domain	-	-
NZ_AP019726.1_81904-92499:._9	96a3e9210d3ee74cc33a0a6cdd28ae88	82	Pfam	PF04014	Antidote-toxin recognition MazE, bacterial antitoxin	7	45	0.036	T	13-04-2026	IPR007159	SpoVT-AbrB domain	-	-
NZ_CP159476.1_3963034-3973641:._2	e11c6c89bfd02eef355e591e0218f891	149	CDD	cd08071	MPN_DUF2466	28	144	3.4176E-41	T	13-04-2026	IPR025657	RadC-like JAB domain	-	-
NZ_CP159476.1_3963034-3973641:._2	e11c6c89bfd02eef355e591e0218f891	149	Pfam	PF04002	RadC-like JAB domain	25	148	9.7E-30	T	13-04-2026	IPR025657	RadC-like JAB domain	-	-
NZ_CP059973.1_3139427-3151240:._5	7dbfcce1683189e4185c0e39ff16ca25	604	CDD	cd00338	Ser_Recombinase	7	144	1.63934E-15	T	13-04-2026	-	-	-	-
NZ_CP059973.1_3139427-3151240:._5	7dbfcce1683189e4185c0e39ff16ca25	604	Pfam	PF07508	Recombinase	184	277	5.3E-8	T	13-04-2026	IPR011109	DNA-binding recombinase domain	-	-
NZ_CP059973.1_3139427-3151240:._5	7dbfcce1683189e4185c0e39ff16ca25	604	Pfam	PF00239	Resolvase, N terminal domain	4	147	5.7E-18	T	13-04-2026	IPR006119	Resolvase, N-terminal catalytic domain	-	-
NZ_CP012937.1_5202558-5214371:._8	7dbfcce1683189e4185c0e39ff16ca25	604	CDD	cd00338	Ser_Recombinase	7	144	1.63934E-15	T	13-04-2026	-	-	-	-
NZ_CP012937.1_5202558-5214371:._8	7dbfcce1683189e4185c0e39ff16ca25	604	Pfam	PF07508	Recombinase	184	277	5.3E-8	T	13-04-2026	IPR011109	DNA-binding recombinase domain	-	-
NZ_CP012937.1_5202558-5214371:._8	7dbfcce1683189e4185c0e39ff16ca25	604	Pfam	PF00239	Resolvase, N terminal domain	4	147	5.7E-18	T	13-04-2026	IPR006119	Resolvase, N-terminal catalytic domain	-	-
NZ_CP135989.1_1706394-1716983:._11	54c741581315effc3e75de4e203b786d	421	CDD	cd00610	OAT_like	3	418	1.01732E-129	T	13-04-2026	IPR005814	Aminotransferase class-III	-	-
NZ_CP135989.1_1706394-1716983:._11	54c741581315effc3e75de4e203b786d	421	Pfam	PF00202	Aminotransferase class-III	24	418	1.3E-98	T	13-04-2026	IPR005814	Aminotransferase class-III	-	-
NZ_AP042451.1_2405721-2415902:._3	c2c129422f915c8b8d10fd36353c4acb	302	Pfam	PF09697	Protein of unknown function (Porph_ging)	198	223	0.0062	T	13-04-2026	IPR005901	GLPGLI family protein	-	-
NZ_CP073276.1_2893513-2903694:._9	c2c129422f915c8b8d10fd36353c4acb	302	Pfam	PF09697	Protein of unknown function (Porph_ging)	198	223	0.0062	T	13-04-2026	IPR005901	GLPGLI family protein	-	-
NC_013730.1_4412465-4423030:._2	a6a1e39375d5797f3d0780620be3797e	114	Pfam	PF19762	Domain of unknown function (DUF6249)	10	108	1.8E-8	T	13-04-2026	IPR046216	Domain of unknown function DUF6249	-	-
NZ_CP056032.1_3024565-3035151:._2	0ccaf46fb618411244570e0f59cba746	854	Pfam	PF14905	Outer membrane protein beta-barrel family	403	812	1.9E-81	T	13-04-2026	IPR041700	Outer membrane protein beta-barrel domain 3	-	-
NZ_CP056032.1_3024565-3035151:._2	0ccaf46fb618411244570e0f59cba746	854	Pfam	PF13620	Carboxypeptidase regulatory-like domain	52	129	1.6E-10	T	13-04-2026	-	-	-	-
NZ_CP056032.1_3024565-3035151:._2	0ccaf46fb618411244570e0f59cba746	854	Pfam	PF07715	TonB-dependent Receptor Plug Domain	170	250	0.0041	T	13-04-2026	IPR012910	TonB-dependent receptor, plug domain	-	-
NZ_CP119604.1_57801-68393:._8	368bf7b445571d1a230a0fc9c224cd06	292	Pfam	PF13310	Virulence protein RhuM family	62	133	1.6E-21	T	13-04-2026	IPR011204	Virulence protein RhuM-like	-	-
NC_015703.1_4519906-4530483:._10	2f8fbede198759163e79bf93e84c2132	131	Pfam	PF04134	DCC1-like thiol-disulfide oxidoreductase	5	113	7.3E-30	T	13-04-2026	IPR007263	DCC1-like thiol-disulfide oxidoreductase family	-	-
NZ_CP044017.1_1-9654:._4	0932d4e38769dda51c72d61467dcb78d	200	Pfam	PF00239	Resolvase, N terminal domain	3	135	2.1E-40	T	13-04-2026	IPR006119	Resolvase, N-terminal catalytic domain	-	-
NZ_CP044017.1_1-9654:._4	0932d4e38769dda51c72d61467dcb78d	200	CDD	cd03768	SR_ResInv	2	126	1.12522E-55	T	13-04-2026	-	-	-	-
NZ_CP071530.1_2194749-2205311:._3	6a8960fd4bc8e3c874bbee97cc634200	349	CDD	cd00038	CAP_ED	173	279	9.73173E-8	T	13-04-2026	IPR000595	Cyclic nucleotide-binding domain	-	-
NZ_CP071530.1_2194749-2205311:._3	6a8960fd4bc8e3c874bbee97cc634200	349	Pfam	PF00027	Cyclic nucleotide-binding domain	191	279	0.0058	T	13-04-2026	IPR000595	Cyclic nucleotide-binding domain	-	-
NZ_CP071530.1_2194749-2205311:._3	6a8960fd4bc8e3c874bbee97cc634200	349	Pfam	PF17761	DUF1016 N-terminal domain	7	142	1.3E-31	T	13-04-2026	IPR041527	YhcG, N-terminal	-	-
NZ_CP095185.1_951427-961992:._6	935eed849397131b25f331e29e2f07d8	355	CDD	cd00093	HTH_XRE	4	61	2.52255E-11	T	13-04-2026	IPR001387	Cro/C1-type helix-turn-helix domain	-	-
NZ_CP095185.1_951427-961992:._6	935eed849397131b25f331e29e2f07d8	355	Pfam	PF01381	Helix-turn-helix	7	60	1.3E-7	T	13-04-2026	IPR001387	Cro/C1-type helix-turn-helix domain	-	-
NZ_CP095185.1_951427-961992:._6	935eed849397131b25f331e29e2f07d8	355	Pfam	PF06114	IrrE N-terminal-like domain	162	276	2.7E-11	T	13-04-2026	IPR010359	IrrE N-terminal-like domain	-	-
NZ_CP072339.1_1316605-1328361:._12	75bdef0e6e3a79173d044ea54a1854ab	149	Pfam	PF04002	RadC-like JAB domain	27	146	2.1E-33	T	13-04-2026	IPR025657	RadC-like JAB domain	-	-
NZ_CP072339.1_1316605-1328361:._12	75bdef0e6e3a79173d044ea54a1854ab	149	CDD	cd08071	MPN_DUF2466	28	143	7.38645E-49	T	13-04-2026	IPR025657	RadC-like JAB domain	-	-
NZ_CP029145.1_1157964-1168115:._6	e701b1913f358e518ec4ad1a25cdb9ce	81	Pfam	PF13384	Homeodomain-like domain	2	46	1.0E-6	T	13-04-2026	-	-	-	-
NZ_CP182581.1_4402594-4413114:._11	bb8bea0866c2ecdc7c7514063ceb0557	64	Pfam	PF00313	'Cold-shock' DNA-binding domain	3	62	6.4E-18	T	13-04-2026	IPR002059	Cold-shock protein, DNA-binding	-	-
NZ_CP182581.1_4402594-4413114:._11	bb8bea0866c2ecdc7c7514063ceb0557	64	CDD	cd04458	CSP_CDS	2	63	1.51064E-22	T	13-04-2026	IPR002059	Cold-shock protein, DNA-binding	-	-
NZ_OZ409824.1_5101300-5111901:._15	99d18b42e17ecc3a61ac3fb3866c2ade	291	Pfam	PF00248	Aldo/keto reductase family	2	271	1.5E-70	T	13-04-2026	IPR023210	NADP-dependent oxidoreductase domain	-	-
NZ_CP199727.1_3386737-3397341:._6	345a54038c09dcb62cdf8d8e1047d457	201	Pfam	PF00239	Resolvase, N terminal domain	3	135	1.2E-41	T	13-04-2026	IPR006119	Resolvase, N-terminal catalytic domain	-	-
NZ_CP199727.1_3386737-3397341:._6	345a54038c09dcb62cdf8d8e1047d457	201	CDD	cd03768	SR_ResInv	2	126	1.25949E-59	T	13-04-2026	-	-	-	-
NZ_CP152355.1_5086-14492:._7	945612ab341bc9a866a9d34218313258	385	Pfam	PF13463	Winged helix DNA-binding domain	307	362	0.2	T	13-04-2026	IPR000835	MarR-type HTH domain	-	-
NZ_OX596083.1_2220108-2230706:._2	b8269a93296f17400dc4a179a9ed9ba3	512	Pfam	PF07505	Protein of unknown function (DUF5131)	81	242	7.5E-11	T	13-04-2026	IPR011101	Protein of unknown function DUF5131	-	-
NZ_OX596083.1_2220108-2230706:._2	b8269a93296f17400dc4a179a9ed9ba3	512	Pfam	PF02195	ParB/Sulfiredoxin domain	286	337	0.0054	T	13-04-2026	IPR003115	ParB/Sulfiredoxin	-	-
NZ_CP025096.1_8554097-8564680:._1	d2da30e6b98f8358a6b34db6af3f8e49	205	Pfam	PF18565	Glycoside hydrolase family 2 C-terminal domain 5	99	201	8.0E-31	T	13-04-2026	IPR040605	Glycoside hydrolase family 2, domain 5	-	-
NZ_CP025096.1_8554097-8564680:._1	d2da30e6b98f8358a6b34db6af3f8e49	205	Pfam	PF16355	Domain of unknown function (DUF4982)	28	85	2.3E-10	T	13-04-2026	IPR032311	Domain of unknown function DUF4982	-	-
NZ_CP146517.1_1634569-1644945:._7	cadd10b11115575a63c900fc00b42eab	109	Pfam	PF01022	Bacterial regulatory protein, arsR family	23	68	1.3E-9	T	13-04-2026	IPR001845	HTH ArsR-type DNA-binding domain	-	-
NZ_CP146517.1_1634569-1644945:._7	cadd10b11115575a63c900fc00b42eab	109	CDD	cd00090	HTH_ARSR	17	78	1.38245E-15	T	13-04-2026	IPR011991	ArsR-like helix-turn-helix domain	-	-
NZ_CP032819.1_28358-38950:._9	72f217091b38e16f42358366ece091e5	249	Pfam	PF14268	YoaP-like	201	244	1.2E-6	T	13-04-2026	IPR025685	YoaP-like domain	-	-
NZ_CP032819.1_28358-38950:._9	72f217091b38e16f42358366ece091e5	249	Pfam	PF00583	Acetyltransferase (GNAT) family	64	109	0.21	T	13-04-2026	IPR000182	GNAT domain	-	-
NZ_CP094531.1_39741-50303:._11	e2575ed60b20840e72c87f9a215ab67c	300	Pfam	PF13280	WYL domain	122	292	3.5E-19	T	13-04-2026	IPR026881	WYL domain	-	-
NZ_OY997410.1_1109465-1119655:._3	f77f73db3130ae921a82d0b4cd97b419	323	Pfam	PF00877	NlpC/P60 family	184	301	3.4E-17	T	13-04-2026	IPR000064	Endopeptidase, NLPC/P60 domain	-	-
NZ_OY997410.1_1109465-1119655:._3	f77f73db3130ae921a82d0b4cd97b419	323	Pfam	PF18348	Bacterial dipeptidyl-peptidase Sh3 domain	42	83	2.5E-8	T	13-04-2026	IPR041382	Bacterial dipeptidyl-peptidase SH3 domain	-	-
NZ_CP081921.1_7444-18036:._1	7b0cf8658a9fc0d67ebf3cdc0eb7e911	230	Pfam	PF01051	Initiator Replication protein, WH1	47	215	6.3E-11	T	13-04-2026	IPR000525	Initiator Rep protein, WH1 domain	-	-
NZ_CP119422.1_4788955-4799508:._10	2b605cef5dcf01f458c44aa6cde6343f	430	CDD	cd17525	RMtype1_S_Eco15ORF14057P-TRD1-CR1_like	232	422	1.08598E-88	T	13-04-2026	-	-	-	-
NZ_CP119422.1_4788955-4799508:._10	2b605cef5dcf01f458c44aa6cde6343f	430	Pfam	PF01420	Type I restriction modification DNA specificity domain	18	198	4.5E-4	T	13-04-2026	IPR000055	Type I restriction modification DNA specificity domain	-	-
NZ_CP119422.1_4788955-4799508:._10	2b605cef5dcf01f458c44aa6cde6343f	430	Pfam	PF01420	Type I restriction modification DNA specificity domain	231	408	2.9E-9	T	13-04-2026	IPR000055	Type I restriction modification DNA specificity domain	-	-
NZ_CP072364.1_68924-79300:._1	6648c451d0ac0a580055414a502d4f6e	264	CDD	cd01029	TOPRIM_primases	236	259	0.00216864	T	13-04-2026	IPR034154	Archaeal primase DnaG/twinkle-like, TOPRIM domain	-	-
NZ_CP030854.1_26986-37599:._8	996dd4c7db76a89f0435c301f5308568	589	Pfam	PF13860	FlgD Ig-like domain	527	576	0.003	T	13-04-2026	IPR025965	FlgD/Vpr, Ig-like domain	-	-
NZ_CP016374.1_1840671-1851227:._8	a01fb8ca6f9abe1d990da4c9d2f31db2	215	Pfam	PF02810	SEC-C motif	172	188	0.31	T	13-04-2026	IPR004027	SEC-C motif	-	-
NZ_CP081299.1_7408552-7419153:._8	8b9dd2557c322657befdadec09ed2413	109	Pfam	PF12840	Helix-turn-helix domain	23	71	1.2E-5	T	13-04-2026	-	-	-	-
NZ_CP081299.1_7408552-7419153:._8	8b9dd2557c322657befdadec09ed2413	109	CDD	cd00090	HTH_ARSR	20	85	7.86967E-15	T	13-04-2026	IPR011991	ArsR-like helix-turn-helix domain	-	-
NZ_CP197400.1_1166464-1177041:._12	937abb296e72b1f99dd0cc1c0eafed89	173	Pfam	PF03703	Bacterial PH domain	78	140	2.8E-5	T	13-04-2026	IPR005182	YdbS-like, PH domain	-	-
NZ_CP037921.1_118503-129116:._4	769e45cddb6137da7cdcfc9560779d7f	301	Pfam	PF02397	Bacterial sugar transferase	120	285	8.2E-49	T	13-04-2026	IPR003362	Bacterial sugar transferase	-	-
NZ_OZ257252.1_3003352-3013911:._4	71f3d20798450f2c218850a38d4d9cf6	570	Pfam	PF05139	Erythromycin esterase	250	561	2.4E-44	T	13-04-2026	IPR007815	Erythromycin esterase	-	-
NZ_OZ257252.1_3003352-3013911:._4	71f3d20798450f2c218850a38d4d9cf6	570	CDD	cd14728	Ere-like	220	561	3.70596E-83	T	13-04-2026	IPR007815	Erythromycin esterase	-	-
NZ_OZ245806.1_1584225-1594832:._11	187d9d146559c5fed3ec2ebebf87a8a6	454	Pfam	PF01235	Sodium:alanine symporter family	55	452	1.1E-109	T	13-04-2026	IPR001463	Sodium:alanine symporter	-	-
NZ_LR134404.1_997179-1007786:._2	70b06ef35501269218190d79c8dfe181	343	Pfam	PF08843	Nucleotidyl transferase AbiEii toxin, Type IV TA system	48	320	5.4E-37	T	13-04-2026	IPR014942	Nucleotidyl transferase AbiEii toxin, Type IV TA system	-	-
NC_015144.1_2100312-2110919:._7	70b06ef35501269218190d79c8dfe181	343	Pfam	PF08843	Nucleotidyl transferase AbiEii toxin, Type IV TA system	48	320	5.4E-37	T	13-04-2026	IPR014942	Nucleotidyl transferase AbiEii toxin, Type IV TA system	-	-
NZ_CP139137.1_4120948-4131552:._4	1c97bae00faa85e8a56ba5167aa6b7af	201	CDD	cd03768	SR_ResInv	2	126	1.60684E-58	T	13-04-2026	-	-	-	-
NZ_CP139137.1_4120948-4131552:._4	1c97bae00faa85e8a56ba5167aa6b7af	201	Pfam	PF00239	Resolvase, N terminal domain	3	135	3.2E-41	T	13-04-2026	IPR006119	Resolvase, N-terminal catalytic domain	-	-
NZ_CP033922.1_2373170-2383738:._4	58473cf99e207648219f771d97d438f4	275	Pfam	PF00582	Universal stress protein family	1	139	7.8E-10	T	13-04-2026	IPR006016	UspA	-	-
NZ_CP033922.1_2373170-2383738:._4	58473cf99e207648219f771d97d438f4	275	CDD	cd00293	USP_Like	3	138	2.85098E-13	T	13-04-2026	-	-	-	-
NZ_CP029145.1_1157964-1168115:._3	c538b57d8c43194eaaca6af687f0bd1c	245	Pfam	PF00665	Integrase core domain	72	171	9.7E-17	T	13-04-2026	IPR001584	Integrase, catalytic core	-	-
NC_015164.1_34583-45172:._3	f303e537ed15352ba809cf28c2d4796c	634	Pfam	PF13476	AAA domain	6	198	4.6E-6	T	13-04-2026	IPR038729	Rad50/SbcC-type AAA domain	-	-
NZ_AP026867.1_1-5558:._1	2f0b3ad470becb9a13677f2b76dd4f16	469	CDD	cd00009	AAA	164	289	1.40956E-12	T	13-04-2026	-	-	-	-
NZ_AP026867.1_1-5558:._1	2f0b3ad470becb9a13677f2b76dd4f16	469	Pfam	PF11638	DnaA N-terminal domain	7	68	6.1E-16	T	13-04-2026	IPR024633	DnaA N-terminal domain	-	-
NZ_AP026867.1_1-5558:._1	2f0b3ad470becb9a13677f2b76dd4f16	469	Pfam	PF00308	Bacterial dnaA  protein	130	346	4.5E-79	T	13-04-2026	IPR013317	Chromosomal replication initiator protein DnaA	-	-
NZ_AP026867.1_1-5558:._1	2f0b3ad470becb9a13677f2b76dd4f16	469	CDD	cd06571	Bac_DnaA_C	375	464	9.46621E-37	T	13-04-2026	IPR013159	Chromosomal replication initiator, DnaA C-terminal	-	-
NZ_AP026867.1_1-5558:._1	2f0b3ad470becb9a13677f2b76dd4f16	469	Pfam	PF08299	Bacterial dnaA protein helix-turn-helix	375	443	9.3E-25	T	13-04-2026	IPR013159	Chromosomal replication initiator, DnaA C-terminal	-	-
NC_015703.1_4519906-4530483:._4	f6646ff4aee4cd6b7da9758647e48d9e	506	Pfam	PF00589	Phage integrase family	9	176	4.0E-34	T	13-04-2026	IPR002104	Integrase, catalytic domain	-	-
NC_015703.1_4519906-4530483:._4	f6646ff4aee4cd6b7da9758647e48d9e	506	CDD	cd00397	DNA_BRE_C	15	173	1.36847E-33	T	13-04-2026	-	-	-	-
NZ_JBQSUP010000001.1_5071-14507:._5	ec76589e7cfb89eefc9ad8a363eb40f7	92	Pfam	PF09827	CRISPR associated protein Cas2	1	83	0.0087	T	13-04-2026	IPR019199	Virulence-associated protein D / CRISPR associated protein Cas2	-	-
NC_013730.1_4412465-4423030:._11	37c497d5f9e386f2b64670d6dff394c1	832	Pfam	PF17755	UvrA DNA-binding domain	165	274	2.0E-8	T	13-04-2026	IPR041552	UvrA DNA-binding domain	-	-
NZ_CP054141.1_36662-47269:._4	3f602d5bec6c74fab8f65dd08e0d5196	184	Pfam	PF06835	Lipopolysaccharide-assembly, LptC-related	12	167	5.5E-12	T	13-04-2026	IPR010664	Lipopolysaccharide assembly, LptC-related	-	-
NC_009614.1_2958343-2970018:._3	9d4c3c944308463792adf1e2928ce728	122	Pfam	PF03733	Inner membrane component domain	4	54	2.9E-13	T	13-04-2026	IPR005185	Inner membrane component domain	-	-
NC_009614.1_2958343-2970018:._3	9d4c3c944308463792adf1e2928ce728	122	Pfam	PF03733	Inner membrane component domain	69	119	5.7E-18	T	13-04-2026	IPR005185	Inner membrane component domain	-	-
NZ_CP179925.1_3024398-3036073:._3	9d4c3c944308463792adf1e2928ce728	122	Pfam	PF03733	Inner membrane component domain	4	54	2.9E-13	T	13-04-2026	IPR005185	Inner membrane component domain	-	-
NZ_CP179925.1_3024398-3036073:._3	9d4c3c944308463792adf1e2928ce728	122	Pfam	PF03733	Inner membrane component domain	69	119	5.7E-18	T	13-04-2026	IPR005185	Inner membrane component domain	-	-
NZ_CP177162.1_207753-218357:._4	462a73c4772e92084450bbf4bfc078ec	413	CDD	cd00267	ABC_ATPase	300	344	5.25738E-4	T	13-04-2026	-	-	-	-
NZ_CP177162.1_207753-218357:._4	462a73c4772e92084450bbf4bfc078ec	413	Pfam	PF13304	AAA domain, putative AbiEii toxin, Type IV TA system	49	344	4.8E-20	T	13-04-2026	IPR003959	ATPase, AAA-type, core	-	-
NZ_CP130738.1_353416-363531:._1	76db032e3b3d3909e7801dc1ea369c37	347	Pfam	PF00122	E1-E2 ATPase	153	333	3.8E-41	T	13-04-2026	-	-	-	-
NZ_CP023401.1_2656649-2667241:._7	39c81aacf973795817cec65a86642a9e	197	Pfam	PF00239	Resolvase, N terminal domain	4	142	2.8E-21	T	13-04-2026	IPR006119	Resolvase, N-terminal catalytic domain	-	-
NZ_CP023401.1_2656649-2667241:._7	39c81aacf973795817cec65a86642a9e	197	CDD	cd03768	SR_ResInv	5	133	1.57836E-32	T	13-04-2026	-	-	-	-
NZ_CP023403.1_2692148-2702740:._7	39c81aacf973795817cec65a86642a9e	197	Pfam	PF00239	Resolvase, N terminal domain	4	142	2.8E-21	T	13-04-2026	IPR006119	Resolvase, N-terminal catalytic domain	-	-
NZ_CP023403.1_2692148-2702740:._7	39c81aacf973795817cec65a86642a9e	197	CDD	cd03768	SR_ResInv	5	133	1.57836E-32	T	13-04-2026	-	-	-	-
NZ_CP023404.1_2692148-2702740:._7	39c81aacf973795817cec65a86642a9e	197	Pfam	PF00239	Resolvase, N terminal domain	4	142	2.8E-21	T	13-04-2026	IPR006119	Resolvase, N-terminal catalytic domain	-	-
NZ_CP023404.1_2692148-2702740:._7	39c81aacf973795817cec65a86642a9e	197	CDD	cd03768	SR_ResInv	5	133	1.57836E-32	T	13-04-2026	-	-	-	-
NZ_CP023402.1_2692148-2702740:._7	39c81aacf973795817cec65a86642a9e	197	Pfam	PF00239	Resolvase, N terminal domain	4	142	2.8E-21	T	13-04-2026	IPR006119	Resolvase, N-terminal catalytic domain	-	-
NZ_CP023402.1_2692148-2702740:._7	39c81aacf973795817cec65a86642a9e	197	CDD	cd03768	SR_ResInv	5	133	1.57836E-32	T	13-04-2026	-	-	-	-
NZ_CP053911.1_48024-58688:._2	a85d311ffd69c0a9d956cbeeac18efdc	819	Pfam	PF14905	Outer membrane protein beta-barrel family	385	797	1.4E-75	T	13-04-2026	IPR041700	Outer membrane protein beta-barrel domain 3	-	-
NZ_CP053911.1_48024-58688:._2	a85d311ffd69c0a9d956cbeeac18efdc	819	Pfam	PF13620	Carboxypeptidase regulatory-like domain	34	109	2.6E-10	T	13-04-2026	-	-	-	-
NZ_CP053911.1_48024-58688:._2	a85d311ffd69c0a9d956cbeeac18efdc	819	Pfam	PF07715	TonB-dependent Receptor Plug Domain	148	231	0.027	T	13-04-2026	IPR012910	TonB-dependent receptor, plug domain	-	-
NZ_CP180265.1_3933061-3943665:._6	df2ed4c92e0c4df02473c31e21a58e88	201	Pfam	PF00239	Resolvase, N terminal domain	3	135	2.4E-40	T	13-04-2026	IPR006119	Resolvase, N-terminal catalytic domain	-	-
NZ_CP180265.1_3933061-3943665:._6	df2ed4c92e0c4df02473c31e21a58e88	201	CDD	cd03768	SR_ResInv	2	126	2.36692E-56	T	13-04-2026	-	-	-	-
NZ_OZ257252.1_2008577-2019169:._12	c81982683e293a394507c52a6b3d63b2	253	Pfam	PF12706	Beta-lactamase superfamily domain	46	223	5.4E-36	T	13-04-2026	IPR001279	Metallo-beta-lactamase	-	-
NZ_OZ257252.1_2008577-2019169:._12	c81982683e293a394507c52a6b3d63b2	253	CDD	cd16279	metallo-hydrolase-like_MBL-fold	1	192	3.1162E-104	T	13-04-2026	-	-	-	-
NZ_CP006587.1_4757826-4767977:._3	fbaf33f759289e6fab2fa932ac47443b	105	CDD	cd00090	HTH_ARSR	24	93	3.29881E-13	T	13-04-2026	IPR011991	ArsR-like helix-turn-helix domain	-	-
NZ_CP006587.1_4757826-4767977:._3	fbaf33f759289e6fab2fa932ac47443b	105	Pfam	PF01022	Bacterial regulatory protein, arsR family	29	75	1.2E-6	T	13-04-2026	IPR001845	HTH ArsR-type DNA-binding domain	-	-
NZ_CP037428.1_20809-31371:._8	b5efe51adabc79adf841cf4c856a52f1	187	Pfam	PF13470	PIN domain	8	114	1.1E-8	T	13-04-2026	IPR002716	PIN domain	-	-
NZ_CP125998.1_20809-31371:._8	b5efe51adabc79adf841cf4c856a52f1	187	Pfam	PF13470	PIN domain	8	114	1.1E-8	T	13-04-2026	IPR002716	PIN domain	-	-
NZ_CP125988.1_20809-31371:._8	b5efe51adabc79adf841cf4c856a52f1	187	Pfam	PF13470	PIN domain	8	114	1.1E-8	T	13-04-2026	IPR002716	PIN domain	-	-
NZ_CM148686.1_2917064-2927656:._5	f466882edc59ff8296e2d944bec1fb1c	179	Pfam	PF07275	Antirestriction protein (ArdA)	13	175	2.5E-19	T	13-04-2026	IPR009899	Antirestriction	-	-
NC_010830.1_107438-117994:._10	394e6256a7e108af675098b24c9352af	177	Pfam	PF20582	UPF0758 N-terminal	20	98	4.6E-26	T	13-04-2026	IPR046778	UPF0758, N-terminal	-	-
NC_010830.1_107438-117994:._10	394e6256a7e108af675098b24c9352af	177	Pfam	PF04002	RadC-like JAB domain	121	177	1.5E-4	T	13-04-2026	IPR025657	RadC-like JAB domain	-	-
NZ_CP047028.1_60104-70729:._13	2abb0b14802eb4c55c7f3b0d04bfb9f5	483	Pfam	PF01078	Magnesium chelatase, subunit ChlI	193	399	8.1E-90	T	13-04-2026	IPR000523	Magnesium chelatase ChlI-like, catalytic domain	-	-
NZ_CP047028.1_60104-70729:._13	2abb0b14802eb4c55c7f3b0d04bfb9f5	483	Pfam	PF13335	Magnesium chelatase, subunit ChlI C-terminal	406	476	1.0E-14	T	13-04-2026	IPR025158	Mg chelatase-related protein, C-terminal domain	-	-
NZ_CP047028.1_60104-70729:._13	2abb0b14802eb4c55c7f3b0d04bfb9f5	483	Pfam	PF13541	Subunit ChlI of Mg-chelatase	20	141	5.4E-42	T	13-04-2026	-	-	-	-
NZ_CP054002.1_56769-67379:._11	32889353683d8ea656ddf4fc08087db6	203	CDD	cd03768	SR_ResInv	2	125	2.06894E-50	T	13-04-2026	-	-	-	-
NZ_CP054002.1_56769-67379:._11	32889353683d8ea656ddf4fc08087db6	203	Pfam	PF00239	Resolvase, N terminal domain	3	134	9.8E-35	T	13-04-2026	IPR006119	Resolvase, N-terminal catalytic domain	-	-
NZ_CP197400.1_1166464-1177041:._6	dc8676bacd785a2723c9771624ef9519	392	Pfam	PF06414	Zeta toxin	15	203	5.1E-33	T	13-04-2026	IPR010488	Zeta toxin domain	-	-
NZ_CP192720.1_1244432-1254811:._7	9f7ad8618196acd8d74b4506b3e1c448	400	Pfam	PF00589	Phage integrase family	250	382	4.4E-8	T	13-04-2026	IPR002104	Integrase, catalytic domain	-	-
NZ_CP192720.1_1244432-1254811:._7	9f7ad8618196acd8d74b4506b3e1c448	400	CDD	cd01185	INTN1_C_like	221	387	1.18331E-30	T	13-04-2026	-	-	-	-
NZ_CP192720.1_1244432-1254811:._7	9f7ad8618196acd8d74b4506b3e1c448	400	Pfam	PF17293	Arm DNA-binding domain	10	96	5.2E-4	T	13-04-2026	IPR035386	Arm, DNA-binding domain	-	-
NZ_CP192720.1_1244432-1254811:._7	9f7ad8618196acd8d74b4506b3e1c448	400	Pfam	PF13102	Phage integrase SAM-like domain	109	188	6.4E-7	T	13-04-2026	IPR025269	Phage integrase SAM-like domain	-	-
NZ_CP060787.1_1-8437:._4	16f07c65e37b4e7e97adbf8e5e3a50de	119	Pfam	PF00239	Resolvase, N terminal domain	2	51	2.4E-9	T	13-04-2026	IPR006119	Resolvase, N-terminal catalytic domain	-	-
NZ_CM148686.1_2917064-2927656:._3	8123853881923684935fd1378ad9c8a1	667	Pfam	PF07508	Recombinase	172	282	2.6E-9	T	13-04-2026	IPR011109	DNA-binding recombinase domain	-	-
NZ_CM148686.1_2917064-2927656:._3	8123853881923684935fd1378ad9c8a1	667	CDD	cd00338	Ser_Recombinase	4	138	8.1085E-30	T	13-04-2026	-	-	-	-
NZ_CM148686.1_2917064-2927656:._3	8123853881923684935fd1378ad9c8a1	667	Pfam	PF00239	Resolvase, N terminal domain	3	150	4.9E-19	T	13-04-2026	IPR006119	Resolvase, N-terminal catalytic domain	-	-
NZ_CM148686.1_2917064-2927656:._3	8123853881923684935fd1378ad9c8a1	667	Pfam	PF13408	Recombinase zinc beta ribbon domain	295	350	1.0E-11	T	13-04-2026	IPR025827	Recombinase zinc beta ribbon domain	-	-
NZ_CP119422.1_5694152-5704711:._9	303e7aa40ff21802c88cc620866fd889	80	Pfam	PF13711	Domain of unknown function (DUF4160)	9	73	3.0E-15	T	13-04-2026	IPR025427	Protein of unknown function DUF4160	-	-
NZ_CP033918.1_3313892-3324232:._3	bdbbe9c0e47cdfde226134acb9bf50f8	577	Pfam	PF10088	Uncharacterised protein conserved in bacteria (DUF2326)	429	570	2.2E-27	T	13-04-2026	IPR018760	Domain of unknown function DUF2326	-	-
NZ_CP096965.1_32657-43249:._5	3b3fd1bd0d0c648642369c723e430d0e	601	CDD	cd08983	GH43_Bt3655-like	20	282	1.67347E-89	T	13-04-2026	-	-	-	-
NZ_CP096965.1_32657-43249:._5	3b3fd1bd0d0c648642369c723e430d0e	601	Pfam	PF04616	Glycosyl hydrolases family 43	294	594	7.4E-63	T	13-04-2026	IPR006710	Glycoside hydrolase, family 43	-	-
NZ_CP096965.1_32657-43249:._5	3b3fd1bd0d0c648642369c723e430d0e	601	Pfam	PF04616	Glycosyl hydrolases family 43	38	219	6.9E-7	T	13-04-2026	IPR006710	Glycoside hydrolase, family 43	-	-
NZ_CP096965.1_32657-43249:._5	3b3fd1bd0d0c648642369c723e430d0e	601	CDD	cd18828	GH43_BT3675-like	303	597	1.99879E-158	T	13-04-2026	-	-	-	-
NZ_CP039929.1_1273645-1284252:._8	03ee26f613ab1c7287cbab6685cb9feb	1001	Pfam	PF18766	SWI2/SNF2 ATPase	250	480	8.5E-54	T	13-04-2026	IPR040980	SWI2/SNF2 ATPase	-	-
NZ_CP039929.1_1273645-1284252:._8	03ee26f613ab1c7287cbab6685cb9feb	1001	CDD	cd18800	SF2_C_EcoR124I-like	637	693	4.32091E-32	T	13-04-2026	-	-	-	-
NZ_CP039929.1_1273645-1284252:._8	03ee26f613ab1c7287cbab6685cb9feb	1001	CDD	cd22332	HsdR_N	4	233	1.18008E-55	T	13-04-2026	-	-	-	-
NZ_CP039929.1_1273645-1284252:._8	03ee26f613ab1c7287cbab6685cb9feb	1001	Pfam	PF04313	Type I restriction enzyme R protein N terminus (HSDR_N)	3	187	1.0E-29	T	13-04-2026	IPR007409	Restriction endonuclease, type I, HsdR, N-terminal	-	-
NZ_CP039929.1_1273645-1284252:._8	03ee26f613ab1c7287cbab6685cb9feb	1001	Pfam	PF12008	Type I restriction and modification enzyme - subunit R C terminal	718	987	2.6E-58	T	13-04-2026	IPR022625	Type I restriction enzyme R protein, C-terminal	-	-
NZ_CP039929.1_1273645-1284252:._8	03ee26f613ab1c7287cbab6685cb9feb	1001	CDD	cd18030	DEXHc_RE_I_HsdR	227	451	4.33768E-67	T	13-04-2026	-	-	-	-
NZ_LR735258.1_6136832-6147391:._6	1b1c33dec103189c8184be624311f5db	186	Pfam	PF00239	Resolvase, N terminal domain	3	135	2.0E-40	T	13-04-2026	IPR006119	Resolvase, N-terminal catalytic domain	-	-
NZ_LR735258.1_6136832-6147391:._6	1b1c33dec103189c8184be624311f5db	186	CDD	cd03768	SR_ResInv	3	126	2.97003E-58	T	13-04-2026	-	-	-	-
NZ_CP103120.1_40675-51270:._5	3480fc184de9654808761efc2adaa6d9	289	Pfam	PF13310	Virulence protein RhuM family	62	139	8.0E-23	T	13-04-2026	IPR011204	Virulence protein RhuM-like	-	-
NZ_CP034173.1_1138126-1148700:._2	170b96d2c7a6af8e7ffb10d3317e8f1d	271	Pfam	PF09697	Protein of unknown function (Porph_ging)	146	171	1.3E-4	T	13-04-2026	IPR005901	GLPGLI family protein	-	-
NZ_CP072373.1_1796422-1806798:._7	029411746d027d9a699cfe79a292a5ef	125	Pfam	PF00239	Resolvase, N terminal domain	6	111	6.4E-23	T	13-04-2026	IPR006119	Resolvase, N-terminal catalytic domain	-	-
NZ_CP072373.1_1796422-1806798:._7	029411746d027d9a699cfe79a292a5ef	125	CDD	cd03768	SR_ResInv	6	110	1.53688E-27	T	13-04-2026	-	-	-	-
NZ_CP072342.1_391022-401398:._6	029411746d027d9a699cfe79a292a5ef	125	Pfam	PF00239	Resolvase, N terminal domain	6	111	6.4E-23	T	13-04-2026	IPR006119	Resolvase, N-terminal catalytic domain	-	-
NZ_CP072342.1_391022-401398:._6	029411746d027d9a699cfe79a292a5ef	125	CDD	cd03768	SR_ResInv	6	110	1.53688E-27	T	13-04-2026	-	-	-	-
NZ_CP146517.1_1634569-1644945:._5	029411746d027d9a699cfe79a292a5ef	125	Pfam	PF00239	Resolvase, N terminal domain	6	111	6.4E-23	T	13-04-2026	IPR006119	Resolvase, N-terminal catalytic domain	-	-
NZ_CP146517.1_1634569-1644945:._5	029411746d027d9a699cfe79a292a5ef	125	CDD	cd03768	SR_ResInv	6	110	1.53688E-27	T	13-04-2026	-	-	-	-
NZ_CP072364.1_68924-79300:._7	029411746d027d9a699cfe79a292a5ef	125	Pfam	PF00239	Resolvase, N terminal domain	6	111	6.4E-23	T	13-04-2026	IPR006119	Resolvase, N-terminal catalytic domain	-	-
NZ_CP072364.1_68924-79300:._7	029411746d027d9a699cfe79a292a5ef	125	CDD	cd03768	SR_ResInv	6	110	1.53688E-27	T	13-04-2026	-	-	-	-
NZ_CP090557.1_2770991-2781580:._8	d2167c2d77f815c064bd61e8ebda3c97	196	CDD	cd03768	SR_ResInv	2	126	7.87656E-61	T	13-04-2026	-	-	-	-
NZ_CP090557.1_2770991-2781580:._8	d2167c2d77f815c064bd61e8ebda3c97	196	Pfam	PF00239	Resolvase, N terminal domain	3	136	2.2E-44	T	13-04-2026	IPR006119	Resolvase, N-terminal catalytic domain	-	-
NZ_CP090557.1_2770991-2781580:._8	d2167c2d77f815c064bd61e8ebda3c97	196	Pfam	PF13384	Homeodomain-like domain	144	181	1.7E-4	T	13-04-2026	-	-	-	-
NZ_CP110003.1_1-5567:._4	6988b8ac4b0ced807456de74e31015b6	392	Pfam	PF01420	Type I restriction modification DNA specificity domain	44	192	9.7E-12	T	13-04-2026	IPR000055	Type I restriction modification DNA specificity domain	-	-
NZ_CP110003.1_1-5567:._4	6988b8ac4b0ced807456de74e31015b6	392	Pfam	PF01420	Type I restriction modification DNA specificity domain	218	373	1.9E-27	T	13-04-2026	IPR000055	Type I restriction modification DNA specificity domain	-	-
NZ_CP110003.1_1-5567:._4	6988b8ac4b0ced807456de74e31015b6	392	CDD	cd17291	RMtype1_S_MgeORF438P-TRD-CR_like	220	383	4.24433E-62	T	13-04-2026	-	-	-	-
NZ_CP092371.1_10906-21471:._2	6988b8ac4b0ced807456de74e31015b6	392	Pfam	PF01420	Type I restriction modification DNA specificity domain	44	192	9.7E-12	T	13-04-2026	IPR000055	Type I restriction modification DNA specificity domain	-	-
NZ_CP092371.1_10906-21471:._2	6988b8ac4b0ced807456de74e31015b6	392	Pfam	PF01420	Type I restriction modification DNA specificity domain	218	373	1.9E-27	T	13-04-2026	IPR000055	Type I restriction modification DNA specificity domain	-	-
NZ_CP092371.1_10906-21471:._2	6988b8ac4b0ced807456de74e31015b6	392	CDD	cd17291	RMtype1_S_MgeORF438P-TRD-CR_like	220	383	4.24433E-62	T	13-04-2026	-	-	-	-
NZ_CP119767.1_283609-294213:._6	0f511f4947f29d84bc6a694e0605f907	293	Pfam	PF18928	Family of unknown function (DUF5677)	91	226	1.3E-4	T	13-04-2026	IPR043733	Family of unknown function DUF5677	-	-
NZ_CP094932.1_1506-12110:._6	100756e5c3ef431ffc0bfc064b557846	130	Pfam	PF12681	Glyoxalase-like domain	4	128	1.1E-6	T	13-04-2026	IPR025870	Glyoxalase-like domain	-	-
NZ_CP119421.1_5019560-5030119:._4	4c719d1e00815f93306ab8c2ae9e3ec8	186	Pfam	PF00239	Resolvase, N terminal domain	3	135	3.6E-41	T	13-04-2026	IPR006119	Resolvase, N-terminal catalytic domain	-	-
NZ_CP119421.1_5019560-5030119:._4	4c719d1e00815f93306ab8c2ae9e3ec8	186	CDD	cd00569	HTH_Hin_like	138	180	6.27796E-9	T	13-04-2026	-	-	-	-
NZ_CP119421.1_5019560-5030119:._4	4c719d1e00815f93306ab8c2ae9e3ec8	186	Pfam	PF02796	Helix-turn-helix domain of resolvase	138	181	1.9E-5	T	13-04-2026	IPR006120	Resolvase, HTH domain	-	-
NZ_CP119421.1_5019560-5030119:._4	4c719d1e00815f93306ab8c2ae9e3ec8	186	CDD	cd03768	SR_ResInv	2	126	6.08725E-61	T	13-04-2026	-	-	-	-
NZ_CP050063.1_6370496-6381115:._8	2452fba2bce03cf9950b82ffce26d47c	375	Pfam	PF09722	Antitoxin Xre/MbcA/ParS C-terminal toxin-binding domain	325	372	1.5E-7	T	13-04-2026	IPR024467	Antitoxin Xre/MbcA/ParS-like, toxin-binding domain	-	-
NZ_CP050063.1_6370496-6381115:._8	2452fba2bce03cf9950b82ffce26d47c	375	Pfam	PF20432	Antitoxin Xre-like helix-turn-helix domain	263	316	2.7E-9	T	13-04-2026	IPR046847	Antitoxin Xre-like, helix-turn-helix domain	-	-
NZ_CP034173.1_1138126-1148700:._7	33fc6192801380b194e36c123be4c92c	335	Pfam	PF01734	Patatin-like phospholipase	10	208	5.9E-21	T	13-04-2026	IPR002641	Patatin-like phospholipase domain	-	-
NZ_CP034173.1_1138126-1148700:._7	33fc6192801380b194e36c123be4c92c	335	CDD	cd07199	Pat17_PNPLA8_PNPLA9_like	41	322	9.06147E-53	T	13-04-2026	-	-	-	-
NZ_CP095413.1_5460829-5471271:._11	c3a8f4839a545e9f344d6f5b271fdc51	127	Pfam	PF01450	Acetohydroxy acid isomeroreductase, catalytic domain	3	120	3.4E-12	T	13-04-2026	IPR000506	Ketol-acid reductoisomerase, C-terminal	-	-
NZ_CP125998.1_20809-31371:._5	9ade64eae5769c61d82b506c4d86031d	417	Pfam	PF00817	impB/mucB/samB family	5	149	2.5E-34	T	13-04-2026	IPR001126	UmuC domain	-	-
NZ_CP125998.1_20809-31371:._5	9ade64eae5769c61d82b506c4d86031d	417	Pfam	PF13438	Domain of unknown function (DUF4113)	367	416	7.0E-17	T	13-04-2026	IPR025188	Domain of unknown function DUF4113	-	-
NZ_CP125998.1_20809-31371:._5	9ade64eae5769c61d82b506c4d86031d	417	CDD	cd01700	PolY_Pol_V_umuC	3	346	5.4015E-162	T	13-04-2026	-	-	-	-
NZ_CP125998.1_20809-31371:._5	9ade64eae5769c61d82b506c4d86031d	417	Pfam	PF11799	impB/mucB/samB family C-terminal domain	241	357	2.4E-18	T	13-04-2026	IPR017961	DNA polymerase, Y-family, little finger domain	-	-
NZ_CP037428.1_20809-31371:._5	9ade64eae5769c61d82b506c4d86031d	417	Pfam	PF00817	impB/mucB/samB family	5	149	2.5E-34	T	13-04-2026	IPR001126	UmuC domain	-	-
NZ_CP037428.1_20809-31371:._5	9ade64eae5769c61d82b506c4d86031d	417	Pfam	PF13438	Domain of unknown function (DUF4113)	367	416	7.0E-17	T	13-04-2026	IPR025188	Domain of unknown function DUF4113	-	-
NZ_CP037428.1_20809-31371:._5	9ade64eae5769c61d82b506c4d86031d	417	CDD	cd01700	PolY_Pol_V_umuC	3	346	5.4015E-162	T	13-04-2026	-	-	-	-
NZ_CP037428.1_20809-31371:._5	9ade64eae5769c61d82b506c4d86031d	417	Pfam	PF11799	impB/mucB/samB family C-terminal domain	241	357	2.4E-18	T	13-04-2026	IPR017961	DNA polymerase, Y-family, little finger domain	-	-
NZ_CP125988.1_20809-31371:._5	9ade64eae5769c61d82b506c4d86031d	417	Pfam	PF00817	impB/mucB/samB family	5	149	2.5E-34	T	13-04-2026	IPR001126	UmuC domain	-	-
NZ_CP125988.1_20809-31371:._5	9ade64eae5769c61d82b506c4d86031d	417	Pfam	PF13438	Domain of unknown function (DUF4113)	367	416	7.0E-17	T	13-04-2026	IPR025188	Domain of unknown function DUF4113	-	-
NZ_CP125988.1_20809-31371:._5	9ade64eae5769c61d82b506c4d86031d	417	CDD	cd01700	PolY_Pol_V_umuC	3	346	5.4015E-162	T	13-04-2026	-	-	-	-
NZ_CP125988.1_20809-31371:._5	9ade64eae5769c61d82b506c4d86031d	417	Pfam	PF11799	impB/mucB/samB family C-terminal domain	241	357	2.4E-18	T	13-04-2026	IPR017961	DNA polymerase, Y-family, little finger domain	-	-
NZ_CP146526.1_6816-17408:._12	c833ce2d288da60edf0f552052a42b88	321	Pfam	PF11751	Type IX secretion system membrane protein PorP/SprF	28	300	2.9E-54	T	13-04-2026	IPR019861	Type IX secretion system membrane protein, PorP/SprF family	-	-
NZ_CP033934.1_78870-89474:._2	0f63908f297a379301f856623e50bf9c	520	Pfam	PF13424	Tetratricopeptide repeat	142	214	2.0E-4	T	13-04-2026	-	-	-	-
NZ_CP081299.1_7408552-7419153:._4	064bb47036dd4b769aab0033e6a5227d	400	Pfam	PF13424	Tetratricopeptide repeat	289	344	1.4E-6	T	13-04-2026	-	-	-	-
NZ_CP012937.1_5202558-5214371:._7	ddda22ca918d47f561074b30fa163651	403	Pfam	PF00589	Phage integrase family	223	379	1.1E-8	T	13-04-2026	IPR002104	Integrase, catalytic domain	-	-
NZ_CP012937.1_5202558-5214371:._7	ddda22ca918d47f561074b30fa163651	403	Pfam	PF17293	Arm DNA-binding domain	9	91	1.4E-8	T	13-04-2026	IPR035386	Arm, DNA-binding domain	-	-
NZ_CP012937.1_5202558-5214371:._7	ddda22ca918d47f561074b30fa163651	403	CDD	cd01185	INTN1_C_like	222	382	6.36515E-53	T	13-04-2026	-	-	-	-
NZ_CP012937.1_5202558-5214371:._7	ddda22ca918d47f561074b30fa163651	403	Pfam	PF13102	Phage integrase SAM-like domain	120	204	3.9E-9	T	13-04-2026	IPR025269	Phage integrase SAM-like domain	-	-
NZ_CP056032.1_3024565-3035151:._6	311dbc0585c54f0517dd7e6426cdd136	446	Pfam	PF13546	DDE superfamily endonuclease	27	268	1.2E-23	T	13-04-2026	IPR038721	Transposase IS701-like, DDE domain	-	-
NZ_CP006587.1_4757826-4767977:._13	83a49df6f5582d005f1e244570f446d8	253	Pfam	PF07715	TonB-dependent Receptor Plug Domain	144	235	1.2E-5	T	13-04-2026	IPR012910	TonB-dependent receptor, plug domain	-	-
NZ_CP006587.1_4757826-4767977:._13	83a49df6f5582d005f1e244570f446d8	253	Pfam	PF13620	Carboxypeptidase regulatory-like domain	38	108	4.7E-9	T	13-04-2026	-	-	-	-
NZ_CM148673.1_2105830-2116425:._10	74b054f20b18f6b32c42cdf5b142a83e	319	Pfam	PF18864	AbiTii	6	201	4.4E-22	T	13-04-2026	IPR041304	AbiTii	-	-
NZ_CM148643.1_3210785-3221380:._3	74b054f20b18f6b32c42cdf5b142a83e	319	Pfam	PF18864	AbiTii	6	201	4.4E-22	T	13-04-2026	IPR041304	AbiTii	-	-
NZ_CP089538.1_2571047-2581738:._4	a3d04fb0b0d207535006d8844ca43da9	407	Pfam	PF17293	Arm DNA-binding domain	16	95	3.2E-5	T	13-04-2026	IPR035386	Arm, DNA-binding domain	-	-
NZ_CP089538.1_2571047-2581738:._4	a3d04fb0b0d207535006d8844ca43da9	407	Pfam	PF13102	Phage integrase SAM-like domain	108	211	1.7E-4	T	13-04-2026	IPR025269	Phage integrase SAM-like domain	-	-
NZ_CP075682.1_3356240-3366844:._9	6d1430ff974a3b9ad833b2c1730e495f	201	Pfam	PF00239	Resolvase, N terminal domain	3	135	6.1E-41	T	13-04-2026	IPR006119	Resolvase, N-terminal catalytic domain	-	-
NZ_CP075682.1_3356240-3366844:._9	6d1430ff974a3b9ad833b2c1730e495f	201	CDD	cd03768	SR_ResInv	2	126	1.0379E-58	T	13-04-2026	-	-	-	-
NZ_CP048222.1_624272-634840:._10	af0f9bb44de369b8444966086eff6f45	408	Pfam	PF13304	AAA domain, putative AbiEii toxin, Type IV TA system	49	341	2.8E-27	T	13-04-2026	IPR003959	ATPase, AAA-type, core	-	-
NZ_CP094932.1_1506-12110:._9	8851372541aa26c953fb4d5d8c9678ca	241	Pfam	PF14137	Domain of unknown function (DUF4304)	30	144	6.1E-22	T	13-04-2026	IPR025412	Protein of unknown function DUF4304	-	-
NZ_CM148647.1_2391999-2402636:._2	c52c3799507a64531ad03ec307a3de89	255	Pfam	PF13847	Methyltransferase domain	29	152	6.0E-19	T	13-04-2026	IPR025714	Methyltransferase domain	-	-
NZ_CM148647.1_2391999-2402636:._2	c52c3799507a64531ad03ec307a3de89	255	CDD	cd02440	AdoMet_MTases	33	131	1.47069E-15	T	13-04-2026	-	-	-	-
NZ_CP095413.1_5460829-5471271:._5	63ebc4750eada48a166e5287cc8bb71f	272	Pfam	PF00589	Phage integrase family	102	259	1.4E-42	T	13-04-2026	IPR002104	Integrase, catalytic domain	-	-
NZ_CP095413.1_5460829-5471271:._5	63ebc4750eada48a166e5287cc8bb71f	272	Pfam	PF13495	Phage integrase, N-terminal SAM-like domain	5	83	1.2E-9	T	13-04-2026	IPR004107	Integrase, SAM-like, N-terminal	-	-
NZ_CP115636.1_2090523-2101085:._5	7be08695dc13d5b775acff63e79cd6b4	187	CDD	cd03768	SR_ResInv	2	127	6.13503E-58	T	13-04-2026	-	-	-	-
NZ_CP115636.1_2090523-2101085:._5	7be08695dc13d5b775acff63e79cd6b4	187	Pfam	PF02796	Helix-turn-helix domain of resolvase	139	185	2.7E-4	T	13-04-2026	IPR006120	Resolvase, HTH domain	-	-
NZ_CP115636.1_2090523-2101085:._5	7be08695dc13d5b775acff63e79cd6b4	187	Pfam	PF00239	Resolvase, N terminal domain	2	136	1.7E-39	T	13-04-2026	IPR006119	Resolvase, N-terminal catalytic domain	-	-
NZ_CP171011.1_905932-916497:._5	14842427b7d9e8da6a0d31d588ec5dbe	72	Pfam	PF05573	NosL	4	70	0.032	T	13-04-2026	IPR008719	Nitrous oxide reductase accessory protein NosL	-	-
NZ_AP029022.1_2742988-2753550:._9	07fa6a954521ec9f97c318d44233b8bf	187	CDD	cd03768	SR_ResInv	2	127	2.05771E-55	T	13-04-2026	-	-	-	-
NZ_AP029022.1_2742988-2753550:._9	07fa6a954521ec9f97c318d44233b8bf	187	Pfam	PF00239	Resolvase, N terminal domain	3	136	3.5E-38	T	13-04-2026	IPR006119	Resolvase, N-terminal catalytic domain	-	-
NZ_CP147519.1_306556-317139:._6	91708ad947a9797be06706c18bf32584	194	Pfam	PF02796	Helix-turn-helix domain of resolvase	138	182	5.6E-6	T	13-04-2026	IPR006120	Resolvase, HTH domain	-	-
NZ_CP147519.1_306556-317139:._6	91708ad947a9797be06706c18bf32584	194	Pfam	PF00239	Resolvase, N terminal domain	3	135	2.0E-40	T	13-04-2026	IPR006119	Resolvase, N-terminal catalytic domain	-	-
NZ_CP147519.1_306556-317139:._6	91708ad947a9797be06706c18bf32584	194	CDD	cd03768	SR_ResInv	3	126	6.52262E-57	T	13-04-2026	-	-	-	-
NZ_CP018939.1_57218-67810:._10	ca9bff1ee75254257bc44e11cc69b9ec	336	Pfam	PF18818	Zincin-like metallopeptidase	196	302	3.8E-25	T	13-04-2026	IPR041459	Polyvalent protein, metallopeptidase domain	-	-
NZ_CP018939.1_57218-67810:._10	ca9bff1ee75254257bc44e11cc69b9ec	336	Pfam	PF08401	N-terminal domain of anti-restriction factor ArdC	7	139	2.8E-27	T	13-04-2026	IPR013610	N-terminal domain of anti-restriction factor ArdC	-	-
NZ_CP192720.1_1244432-1254811:._10	acfa74a153d71005aaa968895b01e04a	116	Pfam	PF17145	Domain of unknown function (DUF5119)	33	116	6.4E-28	T	13-04-2026	IPR033410	Protein of unknown function DUF5119	-	-
NZ_CP119767.1_283609-294213:._7	9cbbf91574bad2cc6405b7bc3ef68670	201	CDD	cd03768	SR_ResInv	2	126	1.41326E-57	T	13-04-2026	-	-	-	-
NZ_CP119767.1_283609-294213:._7	9cbbf91574bad2cc6405b7bc3ef68670	201	Pfam	PF00239	Resolvase, N terminal domain	3	135	1.5E-40	T	13-04-2026	IPR006119	Resolvase, N-terminal catalytic domain	-	-
NZ_CP065589.1_4744455-4755017:._6	ea1d6fb9b8f66be4955da6f8af30391e	282	Pfam	PF08843	Nucleotidyl transferase AbiEii toxin, Type IV TA system	11	268	1.6E-22	T	13-04-2026	IPR014942	Nucleotidyl transferase AbiEii toxin, Type IV TA system	-	-
NZ_CP048222.1_66079-76653:._1	07943d300f0e9dd199bf5f941c1c98a8	149	Pfam	PF13751	Transposase DDE domain	13	108	3.5E-16	T	13-04-2026	IPR025668	Transposase DDE domain	-	-
NZ_LR134404.1_997179-1007786:._5	be33bb4bfc232811a1ce2134201e1eed	88	Pfam	PF01527	Transposase	1	71	2.3E-18	T	13-04-2026	IPR002514	Transposase IS3/IS911family	-	-
NC_015144.1_2100312-2110919:._4	be33bb4bfc232811a1ce2134201e1eed	88	Pfam	PF01527	Transposase	1	71	2.3E-18	T	13-04-2026	IPR002514	Transposase IS3/IS911family	-	-
NZ_CP171010.1_321704-332272:._11	4ab44649fca4ff501fe70992edd08c3d	417	Pfam	PF00817	impB/mucB/samB family	5	149	1.0E-33	T	13-04-2026	IPR001126	UmuC domain	-	-
NZ_CP171010.1_321704-332272:._11	4ab44649fca4ff501fe70992edd08c3d	417	CDD	cd01700	PolY_Pol_V_umuC	3	346	2.21162E-161	T	13-04-2026	-	-	-	-
NZ_CP171010.1_321704-332272:._11	4ab44649fca4ff501fe70992edd08c3d	417	Pfam	PF13438	Domain of unknown function (DUF4113)	367	416	5.4E-17	T	13-04-2026	IPR025188	Domain of unknown function DUF4113	-	-
NZ_CP171010.1_321704-332272:._11	4ab44649fca4ff501fe70992edd08c3d	417	Pfam	PF11799	impB/mucB/samB family C-terminal domain	241	356	6.3E-18	T	13-04-2026	IPR017961	DNA polymerase, Y-family, little finger domain	-	-
NZ_CP073240.1_22748-33310:._4	e800992904e3a37804433ea933146a87	258	CDD	cd02042	ParAB_family	11	204	2.20935E-37	T	13-04-2026	-	-	-	-
NZ_CP073240.1_22748-33310:._4	e800992904e3a37804433ea933146a87	258	Pfam	PF13614	AAA domain	10	180	4.7E-29	T	13-04-2026	IPR025669	AAA domain	-	-
NZ_CP119422.1_4788955-4799508:._5	2a9e9e8b7dc04450db51b8f110ed2f97	118	Pfam	PF11799	impB/mucB/samB family C-terminal domain	41	107	7.9E-9	T	13-04-2026	IPR017961	DNA polymerase, Y-family, little finger domain	-	-
NZ_CP064939.1_4395415-4405641:._5	df05fd2425c22b57f54687f9a81da473	121	Pfam	PF00239	Resolvase, N terminal domain	2	56	3.9E-10	T	13-04-2026	IPR006119	Resolvase, N-terminal catalytic domain	-	-
NZ_CP094997.1_809047-819648:._1	e14a34c6670c294df19ea1a804cb1a90	750	CDD	cd07185	OmpA_C-like	642	747	9.7811E-45	T	13-04-2026	IPR006665	OmpA-like domain	-	-
NZ_CP094997.1_809047-819648:._1	e14a34c6670c294df19ea1a804cb1a90	750	Pfam	PF00691	OmpA family	646	741	8.7E-19	T	13-04-2026	IPR006665	OmpA-like domain	-	-
NZ_CP081299.1_7335084-7345685:._10	ac992334a2cf48be6afe587e82a4a5bd	298	Pfam	PF12833	Helix-turn-helix domain	216	293	2.0E-15	T	13-04-2026	IPR018060	DNA binding HTH domain, AraC-type	-	-
NZ_CP119422.1_4788955-4799508:._9	5b32d3099bc90729bc011e7372c3ee67	966	Pfam	PF02384	N-6 DNA Methylase	138	449	3.2E-98	T	13-04-2026	IPR003356	DNA methylase, adenine-specific	-	-
NZ_CP119422.1_4788955-4799508:._9	5b32d3099bc90729bc011e7372c3ee67	966	Pfam	PF12161	HsdM N-terminal domain	10	124	1.1E-6	T	13-04-2026	IPR022749	N6 adenine-specific DNA methyltransferase, N-terminal domain	-	-
NZ_CP125998.1_20809-31371:._2	bd90611a5ae2c3c2bbcb764242f57a9b	58	Pfam	PF07432	Histone H1-like protein Hc1	2	58	2.1E-17	T	13-04-2026	IPR010886	Histone H1-like Hc1	-	-
NZ_CP037428.1_20809-31371:._2	bd90611a5ae2c3c2bbcb764242f57a9b	58	Pfam	PF07432	Histone H1-like protein Hc1	2	58	2.1E-17	T	13-04-2026	IPR010886	Histone H1-like Hc1	-	-
NZ_CP125988.1_20809-31371:._2	bd90611a5ae2c3c2bbcb764242f57a9b	58	Pfam	PF07432	Histone H1-like protein Hc1	2	58	2.1E-17	T	13-04-2026	IPR010886	Histone H1-like Hc1	-	-
NZ_CP023402.1_2692148-2702740:._8	0d028e34e4693525ed7645209149a863	667	Pfam	PF07508	Recombinase	172	282	2.6E-9	T	13-04-2026	IPR011109	DNA-binding recombinase domain	-	-
NZ_CP023402.1_2692148-2702740:._8	0d028e34e4693525ed7645209149a863	667	CDD	cd00338	Ser_Recombinase	4	138	9.11572E-30	T	13-04-2026	-	-	-	-
NZ_CP023402.1_2692148-2702740:._8	0d028e34e4693525ed7645209149a863	667	Pfam	PF00239	Resolvase, N terminal domain	3	150	4.9E-19	T	13-04-2026	IPR006119	Resolvase, N-terminal catalytic domain	-	-
NZ_CP023402.1_2692148-2702740:._8	0d028e34e4693525ed7645209149a863	667	Pfam	PF13408	Recombinase zinc beta ribbon domain	295	350	1.0E-11	T	13-04-2026	IPR025827	Recombinase zinc beta ribbon domain	-	-
NZ_CP023401.1_2656649-2667241:._8	0d028e34e4693525ed7645209149a863	667	Pfam	PF07508	Recombinase	172	282	2.6E-9	T	13-04-2026	IPR011109	DNA-binding recombinase domain	-	-
NZ_CP023401.1_2656649-2667241:._8	0d028e34e4693525ed7645209149a863	667	CDD	cd00338	Ser_Recombinase	4	138	9.11572E-30	T	13-04-2026	-	-	-	-
NZ_CP023401.1_2656649-2667241:._8	0d028e34e4693525ed7645209149a863	667	Pfam	PF00239	Resolvase, N terminal domain	3	150	4.9E-19	T	13-04-2026	IPR006119	Resolvase, N-terminal catalytic domain	-	-
NZ_CP023401.1_2656649-2667241:._8	0d028e34e4693525ed7645209149a863	667	Pfam	PF13408	Recombinase zinc beta ribbon domain	295	350	1.0E-11	T	13-04-2026	IPR025827	Recombinase zinc beta ribbon domain	-	-
NZ_CP023404.1_2692148-2702740:._8	0d028e34e4693525ed7645209149a863	667	Pfam	PF07508	Recombinase	172	282	2.6E-9	T	13-04-2026	IPR011109	DNA-binding recombinase domain	-	-
NZ_CP023404.1_2692148-2702740:._8	0d028e34e4693525ed7645209149a863	667	CDD	cd00338	Ser_Recombinase	4	138	9.11572E-30	T	13-04-2026	-	-	-	-
NZ_CP023404.1_2692148-2702740:._8	0d028e34e4693525ed7645209149a863	667	Pfam	PF00239	Resolvase, N terminal domain	3	150	4.9E-19	T	13-04-2026	IPR006119	Resolvase, N-terminal catalytic domain	-	-
NZ_CP023404.1_2692148-2702740:._8	0d028e34e4693525ed7645209149a863	667	Pfam	PF13408	Recombinase zinc beta ribbon domain	295	350	1.0E-11	T	13-04-2026	IPR025827	Recombinase zinc beta ribbon domain	-	-
NZ_CP023403.1_2692148-2702740:._8	0d028e34e4693525ed7645209149a863	667	Pfam	PF07508	Recombinase	172	282	2.6E-9	T	13-04-2026	IPR011109	DNA-binding recombinase domain	-	-
NZ_CP023403.1_2692148-2702740:._8	0d028e34e4693525ed7645209149a863	667	CDD	cd00338	Ser_Recombinase	4	138	9.11572E-30	T	13-04-2026	-	-	-	-
NZ_CP023403.1_2692148-2702740:._8	0d028e34e4693525ed7645209149a863	667	Pfam	PF00239	Resolvase, N terminal domain	3	150	4.9E-19	T	13-04-2026	IPR006119	Resolvase, N-terminal catalytic domain	-	-
NZ_CP023403.1_2692148-2702740:._8	0d028e34e4693525ed7645209149a863	667	Pfam	PF13408	Recombinase zinc beta ribbon domain	295	350	1.0E-11	T	13-04-2026	IPR025827	Recombinase zinc beta ribbon domain	-	-
NZ_CP048222.1_624272-634840:._6	c65cf2440cd186e7b1c703dd7ad86134	596	Pfam	PF00589	Phage integrase family	420	581	4.9E-34	T	13-04-2026	IPR002104	Integrase, catalytic domain	-	-
NZ_CP048222.1_624272-634840:._6	c65cf2440cd186e7b1c703dd7ad86134	596	Pfam	PF13495	Phage integrase, N-terminal SAM-like domain	323	400	1.6E-16	T	13-04-2026	IPR004107	Integrase, SAM-like, N-terminal	-	-
NZ_CM148639.1_2178787-2189382:._6	4150215c0ca8d3bb41d8e0955d8873ff	198	CDD	cd03768	SR_ResInv	2	126	1.86527E-62	T	13-04-2026	-	-	-	-
NZ_CM148639.1_2178787-2189382:._6	4150215c0ca8d3bb41d8e0955d8873ff	198	Pfam	PF00239	Resolvase, N terminal domain	3	136	3.8E-45	T	13-04-2026	IPR006119	Resolvase, N-terminal catalytic domain	-	-
NZ_CM148639.1_2178787-2189382:._6	4150215c0ca8d3bb41d8e0955d8873ff	198	Pfam	PF02796	Helix-turn-helix domain of resolvase	156	184	0.065	T	13-04-2026	IPR006120	Resolvase, HTH domain	-	-
NZ_CP032819.1_28358-38950:._11	af965b100cce42db866ab57f69f3387d	265	Pfam	PF04072	Leucine carboxyl methyltransferase	17	171	1.4E-13	T	13-04-2026	IPR007213	Methyltransferase Ppm1/Ppm2/Tcmp	-	-
NZ_CP094669.1_3816073-3826653:._5	fc1c861ad01eb8f81785d93a25de4baa	208	CDD	cd00038	CAP_ED	34	140	7.04764E-11	T	13-04-2026	IPR000595	Cyclic nucleotide-binding domain	-	-
NZ_CP094669.1_3816073-3826653:._5	fc1c861ad01eb8f81785d93a25de4baa	208	Pfam	PF00027	Cyclic nucleotide-binding domain	49	136	5.2E-5	T	13-04-2026	IPR000595	Cyclic nucleotide-binding domain	-	-
NZ_CP006587.1_4757826-4767977:._12	b9773823239ff262adb47857eb0382e7	392	Pfam	PF06580	Histidine kinase	170	248	2.5E-19	T	13-04-2026	IPR010559	Signal transduction histidine kinase, internal region	-	-
NZ_CP006587.1_4757826-4767977:._12	b9773823239ff262adb47857eb0382e7	392	Pfam	PF02518	Histidine kinase-, DNA gyrase B-, and HSP90-like ATPase	267	363	7.6E-6	T	13-04-2026	IPR003594	Histidine kinase/HSP90-like ATPase	-	-
NZ_CP089538.1_2526952-2537580:._2	744ed6ccf51bf46f9c7b0aaed458fa8b	479	Pfam	PF18476	PIN like domain	27	243	8.3E-52	T	13-04-2026	IPR041578	PIN like domain, group 8	-	-
NZ_CP071550.1_2125019-2135659:._6	423f877fae9f7a1507c29b14b2df3186	648	CDD	cd00338	Ser_Recombinase	4	141	1.68395E-21	T	13-04-2026	-	-	-	-
NZ_CP071550.1_2125019-2135659:._6	423f877fae9f7a1507c29b14b2df3186	648	Pfam	PF07508	Recombinase	173	281	4.5E-11	T	13-04-2026	IPR011109	DNA-binding recombinase domain	-	-
NZ_CP071550.1_2125019-2135659:._6	423f877fae9f7a1507c29b14b2df3186	648	Pfam	PF00239	Resolvase, N terminal domain	4	151	2.1E-13	T	13-04-2026	IPR006119	Resolvase, N-terminal catalytic domain	-	-
NZ_CP071550.1_2125019-2135659:._6	423f877fae9f7a1507c29b14b2df3186	648	Pfam	PF13408	Recombinase zinc beta ribbon domain	294	350	3.3E-13	T	13-04-2026	IPR025827	Recombinase zinc beta ribbon domain	-	-
NZ_OY997410.1_1109465-1119655:._4	fa4b9ed101b8ffb1806e1551d6859e5b	345	CDD	cd03319	L-Ala-DL-Glu_epimerase	5	310	4.05578E-118	T	13-04-2026	IPR034603	Dipeptide epimerase	-	-
NZ_OY997410.1_1109465-1119655:._4	fa4b9ed101b8ffb1806e1551d6859e5b	345	Pfam	PF13378	Enolase C-terminal domain-like	140	339	1.3E-30	T	13-04-2026	IPR029065	Enolase C-terminal domain-like	-	-
NZ_OY997410.1_1109465-1119655:._4	fa4b9ed101b8ffb1806e1551d6859e5b	345	Pfam	PF02746	Mandelate racemase / muconate lactonizing enzyme, N-terminal domain	15	110	1.4E-4	T	13-04-2026	IPR013341	Mandelate racemase/muconate lactonizing enzyme, N-terminal domain	-	-
NZ_CP152475.1_3982608-3993212:._1	9e19a3d4ee1b3286fee5b45f51cc8a65	231	Pfam	PF00689	Cation transporting ATPase, C-terminus	52	224	1.2E-33	T	13-04-2026	IPR006068	Cation-transporting P-type ATPase, C-terminal	-	-
NZ_CP059732.1_8769055-8779602:._12	de66044802a835272e7fb092c12ef464	374	Pfam	PF06250	YhcG PDDEXK nuclease domain	204	357	1.9E-59	T	13-04-2026	IPR009362	YhcG PDDEXK nuclease domain	-	-
NZ_CP059732.1_8769055-8779602:._12	de66044802a835272e7fb092c12ef464	374	Pfam	PF17761	DUF1016 N-terminal domain	14	180	1.9E-32	T	13-04-2026	IPR041527	YhcG, N-terminal	-	-
NZ_CP054141.1_36662-47269:._6	ec5d408e65c292f98431d21d7ef7f625	244	Pfam	PF03309	Type III pantothenate kinase	3	193	3.3E-38	T	13-04-2026	IPR004619	Type III pantothenate kinase	-	-
NZ_OZ409839.1_326389-336990:._7	e74233f7267e4ad0b1eae5642540a370	200	Pfam	PF00239	Resolvase, N terminal domain	3	135	7.0E-42	T	13-04-2026	IPR006119	Resolvase, N-terminal catalytic domain	-	-
NZ_OZ409839.1_326389-336990:._7	e74233f7267e4ad0b1eae5642540a370	200	CDD	cd03768	SR_ResInv	2	126	9.32588E-57	T	13-04-2026	-	-	-	-
NZ_OZ409824.1_5101300-5111901:._10	e74233f7267e4ad0b1eae5642540a370	200	Pfam	PF00239	Resolvase, N terminal domain	3	135	7.0E-42	T	13-04-2026	IPR006119	Resolvase, N-terminal catalytic domain	-	-
NZ_OZ409824.1_5101300-5111901:._10	e74233f7267e4ad0b1eae5642540a370	200	CDD	cd03768	SR_ResInv	2	126	9.32588E-57	T	13-04-2026	-	-	-	-
NZ_CP096965.1_32657-43249:._3	ca8a1f6a3448af34b26db95a1b03b9af	784	Pfam	PF00754	F5/8 type C domain	710	781	2.6E-6	T	13-04-2026	IPR000421	Coagulation factor 5/8 C-terminal domain	-	-
NZ_CP096965.1_32657-43249:._3	ca8a1f6a3448af34b26db95a1b03b9af	784	Pfam	PF21317	Beta-galactosidase, first all-beta domain	394	506	2.7E-19	T	13-04-2026	IPR048912	Beta-galactosidase 1-like , first all-beta domain	-	-
NZ_CP096965.1_32657-43249:._3	ca8a1f6a3448af34b26db95a1b03b9af	784	Pfam	PF01301	Glycosyl hydrolases family 35	33	347	9.6E-121	T	13-04-2026	IPR031330	Glycoside hydrolase 35, catalytic domain	-	-
NZ_CP096965.1_32657-43249:._3	ca8a1f6a3448af34b26db95a1b03b9af	784	Pfam	PF21467	Beta-galactosidase, galactose-binding domain	537	595	1.5E-22	T	13-04-2026	IPR048913	Beta-galactosidase, galactose-binding domain	-	-
NZ_CP054002.1_56769-67379:._14	57dfb56ad3505c3c1f42f31bf0c40ffe	231	Pfam	PF09140	ATPase MipZ	10	130	0.01	T	13-04-2026	IPR015223	ATPase MipZ	-	-
NZ_CP054002.1_56769-67379:._14	57dfb56ad3505c3c1f42f31bf0c40ffe	231	CDD	cd02042	ParAB_family	10	178	6.12076E-15	T	13-04-2026	-	-	-	-
NZ_CP054002.1_18955-29541:._13	57dfb56ad3505c3c1f42f31bf0c40ffe	231	Pfam	PF09140	ATPase MipZ	10	130	0.01	T	13-04-2026	IPR015223	ATPase MipZ	-	-
NZ_CP054002.1_18955-29541:._13	57dfb56ad3505c3c1f42f31bf0c40ffe	231	CDD	cd02042	ParAB_family	10	178	6.12076E-15	T	13-04-2026	-	-	-	-
NZ_CP081299.1_7408552-7419153:._5	e84bf9ed3baa8a2b8000829c8d044a48	508	Pfam	PF12770	CHAT domain	209	470	2.3E-30	T	13-04-2026	IPR024983	CHAT domain	-	-
NZ_CP117880.1_596108-606379:._5	9aff8b1d84c50cb681425e6e0d5faddf	404	CDD	cd01185	INTN1_C_like	227	391	8.67489E-57	T	13-04-2026	-	-	-	-
NZ_CP117880.1_596108-606379:._5	9aff8b1d84c50cb681425e6e0d5faddf	404	Pfam	PF17293	Arm DNA-binding domain	9	96	1.3E-7	T	13-04-2026	IPR035386	Arm, DNA-binding domain	-	-
NZ_CP117880.1_596108-606379:._5	9aff8b1d84c50cb681425e6e0d5faddf	404	Pfam	PF00589	Phage integrase family	224	388	7.6E-13	T	13-04-2026	IPR002104	Integrase, catalytic domain	-	-
NZ_CP117880.1_596108-606379:._5	9aff8b1d84c50cb681425e6e0d5faddf	404	Pfam	PF13102	Phage integrase SAM-like domain	109	213	7.4E-12	T	13-04-2026	IPR025269	Phage integrase SAM-like domain	-	-
NZ_CP099631.1_3546-14147:._6	bea4a9844cfd29619f9dd2f7e307bfb1	265	Pfam	PF12833	Helix-turn-helix domain	188	264	2.9E-12	T	13-04-2026	IPR018060	DNA binding HTH domain, AraC-type	-	-
NZ_LT906459.1_3554432-3565048:._4	d8938019037ef697b6e616c091b0dccc	709	Pfam	PF01131	DNA topoisomerase	152	568	3.3E-116	T	13-04-2026	IPR013497	DNA topoisomerase, type IA, central	-	-
NZ_LT906459.1_3554432-3565048:._4	d8938019037ef697b6e616c091b0dccc	709	CDD	cd00186	TOP1Ac	154	578	6.56668E-118	T	13-04-2026	IPR013497	DNA topoisomerase, type IA, central	-	-
NZ_LT906459.1_3554432-3565048:._4	d8938019037ef697b6e616c091b0dccc	709	CDD	cd03362	TOPRIM_TopoIA_TopoIII	1	145	4.84437E-52	T	13-04-2026	IPR034144	DNA topoisomerase 3-like, TOPRIM domain	-	-
NZ_LT906459.1_3554432-3565048:._4	d8938019037ef697b6e616c091b0dccc	709	Pfam	PF01751	Toprim domain	3	132	1.8E-8	T	13-04-2026	IPR006171	TOPRIM domain	-	-
NZ_LT906459.1_3554432-3565048:._4	d8938019037ef697b6e616c091b0dccc	709	Pfam	PF13342	C-terminal repeat of topoisomerase	650	704	1.5E-10	T	13-04-2026	IPR025589	Topoisomerase C-terminal repeat	-	-
NC_015160.1_3554654-3565171:._3	d8938019037ef697b6e616c091b0dccc	709	Pfam	PF01131	DNA topoisomerase	152	568	3.3E-116	T	13-04-2026	IPR013497	DNA topoisomerase, type IA, central	-	-
NC_015160.1_3554654-3565171:._3	d8938019037ef697b6e616c091b0dccc	709	CDD	cd00186	TOP1Ac	154	578	6.56668E-118	T	13-04-2026	IPR013497	DNA topoisomerase, type IA, central	-	-
NC_015160.1_3554654-3565171:._3	d8938019037ef697b6e616c091b0dccc	709	CDD	cd03362	TOPRIM_TopoIA_TopoIII	1	145	4.84437E-52	T	13-04-2026	IPR034144	DNA topoisomerase 3-like, TOPRIM domain	-	-
NC_015160.1_3554654-3565171:._3	d8938019037ef697b6e616c091b0dccc	709	Pfam	PF01751	Toprim domain	3	132	1.8E-8	T	13-04-2026	IPR006171	TOPRIM domain	-	-
NC_015160.1_3554654-3565171:._3	d8938019037ef697b6e616c091b0dccc	709	Pfam	PF13342	C-terminal repeat of topoisomerase	650	704	1.5E-10	T	13-04-2026	IPR025589	Topoisomerase C-terminal repeat	-	-
NZ_CP060497.1_5609736-5620304:._8	ec46da0fb3fbf70f0f6203d36868163d	341	Pfam	PF14022	Protein of unknown function (DUF4238)	6	273	1.2E-33	T	13-04-2026	IPR025332	Protein of unknown function DUF4238	-	-
NZ_OZ245719.1_5125857-5136431:._5	c6f15b3944f55950f8886bdec6c36793	69	CDD	cd00371	HMA	12	67	1.54576E-5	T	13-04-2026	IPR006121	Heavy metal-associated domain, HMA	-	-
NZ_OZ245719.1_5125857-5136431:._5	c6f15b3944f55950f8886bdec6c36793	69	Pfam	PF00403	Heavy-metal-associated domain	9	64	0.013	T	13-04-2026	IPR006121	Heavy metal-associated domain, HMA	-	-
NZ_CP125988.1_20809-31371:._7	4f6cccd62392cf62601c75e4b97b0837	151	Pfam	PF12728	Helix-turn-helix domain	81	127	1.0E-6	T	13-04-2026	IPR041657	Helix-turn-helix domain, group 17	-	-
NZ_CP125998.1_20809-31371:._7	4f6cccd62392cf62601c75e4b97b0837	151	Pfam	PF12728	Helix-turn-helix domain	81	127	1.0E-6	T	13-04-2026	IPR041657	Helix-turn-helix domain, group 17	-	-
NZ_CP037428.1_20809-31371:._7	4f6cccd62392cf62601c75e4b97b0837	151	Pfam	PF12728	Helix-turn-helix domain	81	127	1.0E-6	T	13-04-2026	IPR041657	Helix-turn-helix domain, group 17	-	-
NZ_CP159476.1_3963034-3973641:._4	81b5754c3562354ed3cf1596c0379f15	341	Pfam	PF18976	Family of unknown function (DUF5712)	2	337	6.5E-98	T	13-04-2026	IPR043766	Mobilization protein BfmA-like	-	-
NZ_OZ040189.1_1192087-1202679:._3	f791151f718c9dfb8d73a6539d03df3b	654	Pfam	PF11074	Domain of unknown function(DUF2779)	378	524	1.1E-18	T	13-04-2026	IPR021301	Domain of unknown functionDUF2779	-	-
NZ_AP042451.1_2405721-2415902:._10	f8bc0addb3c98d18e3d30dd611cb74b3	395	Pfam	PF13905	Thioredoxin-like	284	374	6.6E-8	T	13-04-2026	IPR012336	Thioredoxin-like fold	-	-
NZ_AP042451.1_2405721-2415902:._10	f8bc0addb3c98d18e3d30dd611cb74b3	395	CDD	cd02966	TlpA_like_family	267	380	1.4516E-20	T	13-04-2026	-	-	-	-
NZ_CP073276.1_2893513-2903694:._2	f8bc0addb3c98d18e3d30dd611cb74b3	395	Pfam	PF13905	Thioredoxin-like	284	374	6.6E-8	T	13-04-2026	IPR012336	Thioredoxin-like fold	-	-
NZ_CP073276.1_2893513-2903694:._2	f8bc0addb3c98d18e3d30dd611cb74b3	395	CDD	cd02966	TlpA_like_family	267	380	1.4516E-20	T	13-04-2026	-	-	-	-
NZ_CP123860.1_6049507-6060096:._9	7720545be8d0bd07d6c2b4e3708033b6	196	CDD	cd03768	SR_ResInv	2	126	4.78374E-60	T	13-04-2026	-	-	-	-
NZ_CP123860.1_6049507-6060096:._9	7720545be8d0bd07d6c2b4e3708033b6	196	Pfam	PF00239	Resolvase, N terminal domain	3	135	4.7E-42	T	13-04-2026	IPR006119	Resolvase, N-terminal catalytic domain	-	-
NZ_CP030854.1_26986-37599:._4	d8fc04bbf06481ae714799aa17e6fc42	302	Pfam	PF13280	WYL domain	131	298	5.4E-13	T	13-04-2026	IPR026881	WYL domain	-	-
NZ_CP030854.1_26986-37599:._4	d8fc04bbf06481ae714799aa17e6fc42	302	Pfam	PF08279	HTH domain	18	62	0.53	T	13-04-2026	IPR013196	Helix-turn-helix, type 11	-	-
NZ_OZ040189.1_1192087-1202679:._5	0e4515d303549feaf20044be2aeff772	256	Pfam	PF09674	Protein of unknown function (DUF2400)	28	252	1.3E-86	T	13-04-2026	IPR014127	Conserved hypothetical protein CHP02757	-	-
NZ_CP056032.1_1770823-1781409:._1	be7bf62ce429ca603c41a161c2a2011e	250	Pfam	PF02591	C4-type zinc ribbon domain	203	234	2.0E-8	T	13-04-2026	IPR003743	C4-type zinc ribbon domain	-	-
NZ_CP039929.1_1273645-1284252:._7	a3ef2fe828f3af2005c2d8d743b35243	88	Pfam	PF12728	Helix-turn-helix domain	41	88	0.001	T	13-04-2026	IPR041657	Helix-turn-helix domain, group 17	-	-
NZ_CP103067.1_3539419-3551232:._7	2fdcdc9b41a23f4e9855b396b2858202	604	CDD	cd00338	Ser_Recombinase	7	144	1.91163E-16	T	13-04-2026	-	-	-	-
NZ_CP103067.1_3539419-3551232:._7	2fdcdc9b41a23f4e9855b396b2858202	604	Pfam	PF07508	Recombinase	184	277	3.0E-7	T	13-04-2026	IPR011109	DNA-binding recombinase domain	-	-
NZ_CP103067.1_3539419-3551232:._7	2fdcdc9b41a23f4e9855b396b2858202	604	Pfam	PF00239	Resolvase, N terminal domain	4	147	3.1E-18	T	13-04-2026	IPR006119	Resolvase, N-terminal catalytic domain	-	-
NZ_CP102938.1_14230-24825:._6	bf4c71d1136ff51a9b45200c61f2687c	373	Pfam	PF13173	AAA domain	17	138	3.5E-27	T	13-04-2026	IPR041682	AAA domain, group 14	-	-
NZ_CP102938.1_14230-24825:._6	bf4c71d1136ff51a9b45200c61f2687c	373	Pfam	PF13635	Domain of unknown function (DUF4143)	184	340	7.1E-22	T	13-04-2026	IPR025420	Domain of unknown function DUF4143	-	-
NZ_CP120354.1_48892-59487:._4	444205148d56871097847088f0899a03	111	Pfam	PF08843	Nucleotidyl transferase AbiEii toxin, Type IV TA system	39	83	8.3E-10	T	13-04-2026	IPR014942	Nucleotidyl transferase AbiEii toxin, Type IV TA system	-	-
NZ_CP063145.1_230248-240813:._11	87170687cec7f6e2a9c712ae11e2c745	237	Pfam	PF02321	Outer membrane efflux protein	24	213	2.7E-9	T	13-04-2026	IPR003423	Outer membrane efflux protein	-	-
NZ_CP171011.1_905932-916497:._11	87170687cec7f6e2a9c712ae11e2c745	237	Pfam	PF02321	Outer membrane efflux protein	24	213	2.7E-9	T	13-04-2026	IPR003423	Outer membrane efflux protein	-	-
NZ_CP037428.1_20809-31371:._4	0a7aa0056f27e2a172ff87b1033a7efd	154	CDD	cd06529	S24_LexA-like	67	143	3.86811E-12	T	13-04-2026	IPR039418	LexA-like	-	-
NZ_CP037428.1_20809-31371:._4	0a7aa0056f27e2a172ff87b1033a7efd	154	Pfam	PF00717	Peptidase S24-like	31	143	6.4E-15	T	13-04-2026	IPR015927	Peptidase S24/S26A/S26B/S26C	-	-
NZ_CP125988.1_20809-31371:._4	0a7aa0056f27e2a172ff87b1033a7efd	154	CDD	cd06529	S24_LexA-like	67	143	3.86811E-12	T	13-04-2026	IPR039418	LexA-like	-	-
NZ_CP125988.1_20809-31371:._4	0a7aa0056f27e2a172ff87b1033a7efd	154	Pfam	PF00717	Peptidase S24-like	31	143	6.4E-15	T	13-04-2026	IPR015927	Peptidase S24/S26A/S26B/S26C	-	-
NZ_CP125998.1_20809-31371:._4	0a7aa0056f27e2a172ff87b1033a7efd	154	CDD	cd06529	S24_LexA-like	67	143	3.86811E-12	T	13-04-2026	IPR039418	LexA-like	-	-
NZ_CP125998.1_20809-31371:._4	0a7aa0056f27e2a172ff87b1033a7efd	154	Pfam	PF00717	Peptidase S24-like	31	143	6.4E-15	T	13-04-2026	IPR015927	Peptidase S24/S26A/S26B/S26C	-	-
NZ_CP095061.1_546517-557088:._3	4a46dc8797147a74025c673988b72a0b	97	Pfam	PF12728	Helix-turn-helix domain	38	87	1.7E-6	T	13-04-2026	IPR041657	Helix-turn-helix domain, group 17	-	-
NZ_CP050063.1_5052396-5062973:._5	7542f397c3af159b8a62c40d1782a81b	192	CDD	cd03768	SR_ResInv	2	126	1.16378E-62	T	13-04-2026	-	-	-	-
NZ_CP050063.1_5052396-5062973:._5	7542f397c3af159b8a62c40d1782a81b	192	Pfam	PF00239	Resolvase, N terminal domain	3	135	1.9E-44	T	13-04-2026	IPR006119	Resolvase, N-terminal catalytic domain	-	-
NZ_CP050063.1_5052396-5062973:._5	7542f397c3af159b8a62c40d1782a81b	192	Pfam	PF02796	Helix-turn-helix domain of resolvase	138	184	0.0012	T	13-04-2026	IPR006120	Resolvase, HTH domain	-	-
NZ_CP020104.1_7258622-7269187:._10	a26ac6b51507db21b0bf743168ee976b	393	Pfam	PF01757	Acyltransferase family	12	363	1.5E-27	T	13-04-2026	IPR002656	Acyltransferase 3 domain	-	-
NZ_CP072373.1_1796422-1806798:._10	01ec62a98552ac7d10683a0419dfc148	728	Pfam	PF07715	TonB-dependent Receptor Plug Domain	124	231	2.7E-12	T	13-04-2026	IPR012910	TonB-dependent receptor, plug domain	-	-
NZ_CP072373.1_1796422-1806798:._10	01ec62a98552ac7d10683a0419dfc148	728	Pfam	PF13715	CarboxypepD_reg-like domain	28	114	8.3E-11	T	13-04-2026	-	-	-	-
NZ_CP072373.1_1796422-1806798:._10	01ec62a98552ac7d10683a0419dfc148	728	Pfam	PF00593	TonB dependent receptor	327	686	4.6E-12	T	13-04-2026	IPR000531	TonB-dependent receptor-like, beta-barrel	-	-
NZ_CP072364.1_68924-79300:._10	01ec62a98552ac7d10683a0419dfc148	728	Pfam	PF07715	TonB-dependent Receptor Plug Domain	124	231	2.7E-12	T	13-04-2026	IPR012910	TonB-dependent receptor, plug domain	-	-
NZ_CP072364.1_68924-79300:._10	01ec62a98552ac7d10683a0419dfc148	728	Pfam	PF13715	CarboxypepD_reg-like domain	28	114	8.3E-11	T	13-04-2026	-	-	-	-
NZ_CP072364.1_68924-79300:._10	01ec62a98552ac7d10683a0419dfc148	728	Pfam	PF00593	TonB dependent receptor	327	686	4.6E-12	T	13-04-2026	IPR000531	TonB-dependent receptor-like, beta-barrel	-	-
NZ_CP072342.1_391022-401398:._9	01ec62a98552ac7d10683a0419dfc148	728	Pfam	PF07715	TonB-dependent Receptor Plug Domain	124	231	2.7E-12	T	13-04-2026	IPR012910	TonB-dependent receptor, plug domain	-	-
NZ_CP072342.1_391022-401398:._9	01ec62a98552ac7d10683a0419dfc148	728	Pfam	PF13715	CarboxypepD_reg-like domain	28	114	8.3E-11	T	13-04-2026	-	-	-	-
NZ_CP072342.1_391022-401398:._9	01ec62a98552ac7d10683a0419dfc148	728	Pfam	PF00593	TonB dependent receptor	327	686	4.6E-12	T	13-04-2026	IPR000531	TonB-dependent receptor-like, beta-barrel	-	-
NZ_OZ040189.1_1192087-1202679:._2	ed1264844b680726e00a7b192f3cce58	203	Pfam	PF13532	2OG-Fe(II) oxygenase superfamily	60	198	1.3E-17	T	13-04-2026	IPR027450	Alpha-ketoglutarate-dependent dioxygenase AlkB-like	-	-
NZ_OZ257252.1_2008577-2019169:._6	3bc53974319e8e90307ce9d3531ae75f	229	Pfam	PF00656	Caspase domain	3	180	1.3E-10	T	13-04-2026	IPR011600	Peptidase C14, caspase domain	-	-
NZ_OZ040189.1_1192087-1202679:._7	34f0b3a287ac6742ed82c1ab8bb04447	179	Pfam	PF09674	Protein of unknown function (DUF2400)	26	169	6.6E-40	T	13-04-2026	IPR014127	Conserved hypothetical protein CHP02757	-	-
NZ_CP130738.1_353416-363531:._14	f19e65bc19fc0635c9e2d05b3682ec7f	377	Pfam	PF19044	TraG P-loop domain	2	368	1.1E-52	T	13-04-2026	IPR043964	TraG, P-loop domain	-	-
NZ_CP089538.1_2617236-2627807:._1	f862d4e49aa9e8115cd979f742ec4292	441	Pfam	PF17293	Arm DNA-binding domain	37	119	0.0016	T	13-04-2026	IPR035386	Arm, DNA-binding domain	-	-
NZ_CP089538.1_2617236-2627807:._1	f862d4e49aa9e8115cd979f742ec4292	441	Pfam	PF13102	Phage integrase SAM-like domain	138	240	8.3E-6	T	13-04-2026	IPR025269	Phage integrase SAM-like domain	-	-
NZ_CP197400.1_1166464-1177041:._1	7631fd58cc6d615dd1efc599d96f37ce	152	Pfam	PF06480	FtsH Extracellular	19	82	8.8E-6	T	13-04-2026	IPR011546	Peptidase M41, FtsH extracellular	-	-
NZ_CP016374.1_1840671-1851227:._7	60f601daa3cf3926af0c58e7c5e1858a	251	Pfam	PF04471	Restriction endonuclease	10	119	2.0E-6	T	13-04-2026	IPR007560	Restriction endonuclease type IV, Mrr	-	-
NZ_CP179925.1_3024398-3036073:._1	f01cb80f646c70f8920606ac902512e2	422	Pfam	PF00365	Phosphofructokinase	5	200	2.3E-26	T	13-04-2026	IPR000023	Phosphofructokinase domain	-	-
NC_009614.1_2958343-2970018:._1	f01cb80f646c70f8920606ac902512e2	422	Pfam	PF00365	Phosphofructokinase	5	200	2.3E-26	T	13-04-2026	IPR000023	Phosphofructokinase domain	-	-
NZ_OX596083.1_2220108-2230706:._4	d55dba2ad69a44acd2cec795bba75e79	179	Pfam	PF07275	Antirestriction protein (ArdA)	13	175	1.1E-19	T	13-04-2026	IPR009899	Antirestriction	-	-
NZ_CP072250.1_32706-43298:._8	b4a9acc7613469d9e62ff33abde1099d	424	Pfam	PF13586	Transposase DDE domain	322	396	1.9E-6	T	13-04-2026	IPR025668	Transposase DDE domain	-	-
NZ_CP118631.1_4648428-4659014:._5	e2545a8488a55bed4bba3395d7fe3997	433	Pfam	PF13304	AAA domain, putative AbiEii toxin, Type IV TA system	46	361	5.1E-24	T	13-04-2026	IPR003959	ATPase, AAA-type, core	-	-
NZ_CP071550.1_2125019-2135659:._2	a20e834cdf4e755df08de8ca2b38d125	515	Pfam	PF07505	Protein of unknown function (DUF5131)	31	244	1.1E-5	T	13-04-2026	IPR011101	Protein of unknown function DUF5131	-	-
NZ_CP071550.1_2125019-2135659:._2	a20e834cdf4e755df08de8ca2b38d125	515	Pfam	PF02195	ParB/Sulfiredoxin domain	288	339	0.14	T	13-04-2026	IPR003115	ParB/Sulfiredoxin	-	-
NZ_CP073240.1_22748-33310:._8	784a1007666aed3959bf919b6798fee5	287	CDD	cd03487	RT_Bac_retron_II	56	240	6.8996E-53	T	13-04-2026	IPR000123	RNA-directed DNA polymerase (reverse transcriptase), msDNA	-	-
NZ_CP073240.1_22748-33310:._8	784a1007666aed3959bf919b6798fee5	287	Pfam	PF00078	Reverse transcriptase (RNA-dependent DNA polymerase)	49	228	1.3E-11	T	13-04-2026	IPR000477	Reverse transcriptase domain	-	-
NZ_CP111121.1_2399092-2409696:._11	ed39ec5d544e98a437c7df06f3e09de7	475	Pfam	PF00324	Amino acid permease	21	470	1.1E-114	T	13-04-2026	IPR004841	Amino acid permease/ SLC12A domain	-	-
NZ_CP111121.1_4947174-4957778:._1	6cebf6f9d38644bcc4c00273ac8aa073	272	Pfam	PF07715	TonB-dependent Receptor Plug Domain	125	228	2.1E-15	T	13-04-2026	IPR012910	TonB-dependent receptor, plug domain	-	-
NZ_CP111121.1_4947174-4957778:._1	6cebf6f9d38644bcc4c00273ac8aa073	272	Pfam	PF13715	CarboxypepD_reg-like domain	23	109	3.7E-13	T	13-04-2026	-	-	-	-
NZ_CP034173.1_1138126-1148700:._5	afe068244d0fc0743045095d08cc2bec	212	Pfam	PF02810	SEC-C motif	172	188	0.011	T	13-04-2026	IPR004027	SEC-C motif	-	-
NZ_OZ260103.1_4084383-4094978:._9	8a7e4bc4d19b9cc170e9979a5315faff	582	Pfam	PF13408	Recombinase zinc beta ribbon domain	292	349	6.7E-12	T	13-04-2026	IPR025827	Recombinase zinc beta ribbon domain	-	-
NZ_OZ260103.1_4084383-4094978:._9	8a7e4bc4d19b9cc170e9979a5315faff	582	Pfam	PF07508	Recombinase	169	277	2.6E-12	T	13-04-2026	IPR011109	DNA-binding recombinase domain	-	-
NZ_OZ260103.1_4084383-4094978:._9	8a7e4bc4d19b9cc170e9979a5315faff	582	CDD	cd00338	Ser_Recombinase	4	137	2.46018E-20	T	13-04-2026	-	-	-	-
NZ_OZ260103.1_4084383-4094978:._9	8a7e4bc4d19b9cc170e9979a5315faff	582	Pfam	PF00239	Resolvase, N terminal domain	4	147	2.7E-14	T	13-04-2026	IPR006119	Resolvase, N-terminal catalytic domain	-	-
NZ_CP171011.1_905932-916497:._1	5938f05c597d806d3eb7cc8bcee3b104	164	Pfam	PF02469	Fasciclin domain	63	161	5.0E-19	T	13-04-2026	IPR000782	FAS1 domain	-	-
NZ_CP063145.1_230248-240813:._1	5938f05c597d806d3eb7cc8bcee3b104	164	Pfam	PF02469	Fasciclin domain	63	161	5.0E-19	T	13-04-2026	IPR000782	FAS1 domain	-	-
NZ_CP114768.1_24102-34712:._3	d260c22523b307f903ef5733916aa7c0	780	Pfam	PF20256	Molybdopterin cofactor-binding domain	425	716	9.9E-59	T	13-04-2026	IPR046867	Aldehyde oxidase/xanthine dehydrogenase, second molybdopterin binding domain	-	-
NZ_CP114768.1_24102-34712:._3	d260c22523b307f903ef5733916aa7c0	780	Pfam	PF02738	Molybdopterin cofactor-binding domain	173	401	1.9E-60	T	13-04-2026	IPR008274	Aldehyde oxidase/xanthine dehydrogenase, first molybdopterin binding domain	-	-
NZ_CP114768.1_24102-34712:._3	d260c22523b307f903ef5733916aa7c0	780	Pfam	PF01315	Aldehyde oxidase and xanthine dehydrogenase, a/b hammerhead domain	31	143	9.5E-13	T	13-04-2026	IPR000674	Aldehyde oxidase/xanthine dehydrogenase, a/b hammerhead	-	-
NZ_OX030782.1_4641479-4652074:._4	0f502f900c50683ff3f20153915cdb00	325	Pfam	PF13418	Galactose oxidase, central domain	194	223	0.35	T	13-04-2026	-	-	-	-
NZ_CP096247.1_1008628-1019193:._6	8a83cfb9be9b3455197f8f73e67f61d2	188	CDD	cd03768	SR_ResInv	2	127	3.03581E-54	T	13-04-2026	-	-	-	-
NZ_CP096247.1_1008628-1019193:._6	8a83cfb9be9b3455197f8f73e67f61d2	188	Pfam	PF00239	Resolvase, N terminal domain	2	136	1.6E-42	T	13-04-2026	IPR006119	Resolvase, N-terminal catalytic domain	-	-
NZ_CP096247.1_1006520-1017082:._7	8a83cfb9be9b3455197f8f73e67f61d2	188	CDD	cd03768	SR_ResInv	2	127	3.03581E-54	T	13-04-2026	-	-	-	-
NZ_CP096247.1_1006520-1017082:._7	8a83cfb9be9b3455197f8f73e67f61d2	188	Pfam	PF00239	Resolvase, N terminal domain	2	136	1.6E-42	T	13-04-2026	IPR006119	Resolvase, N-terminal catalytic domain	-	-
NZ_CP072342.1_391022-401398:._2	393b0ce35c341f8ec08fb37a6858446d	284	Pfam	PF09697	Protein of unknown function (Porph_ging)	165	191	1.5E-4	T	13-04-2026	IPR005901	GLPGLI family protein	-	-
NZ_CP033934.1_78870-89474:._6	28a3babaa939445267cec4bdbd1ef967	241	Pfam	PF01553	Acyltransferase	65	184	1.5E-17	T	13-04-2026	IPR002123	Phospholipid/glycerol acyltransferase	-	-
NZ_CP033934.1_78870-89474:._6	28a3babaa939445267cec4bdbd1ef967	241	CDD	cd07989	LPLAT_AGPAT-like	49	220	1.60226E-36	T	13-04-2026	-	-	-	-
NZ_CP048222.1_66079-76653:._8	7faf6a35474a6699b6ca44981cb3de33	165	Pfam	PF00583	Acetyltransferase (GNAT) family	21	140	1.3E-4	T	13-04-2026	IPR000182	GNAT domain	-	-
NZ_OZ409839.1_326389-336990:._11	146883fe5a004f25d1004b4d0cd080b5	116	Pfam	PF05713	Bacterial mobilisation protein (MobC)	73	107	0.0027	T	13-04-2026	IPR008687	Bacterial mobilisation	-	-
NZ_CP029145.1_1157964-1168115:._4	54bceb388062aae7916a4ef5f05d5ca1	181	Pfam	PF00355	Rieske [2Fe-2S] domain	104	168	1.3E-7	T	13-04-2026	IPR017941	Rieske [2Fe-2S] iron-sulphur domain	-	-
NZ_CP029145.1_1157964-1168115:._4	54bceb388062aae7916a4ef5f05d5ca1	181	CDD	cd03467	Rieske	93	174	1.26286E-17	T	13-04-2026	-	-	-	-
NZ_CP071530.1_2194749-2205311:._6	b37b33326d69cdc61f3e48c58624bccf	187	CDD	cd03768	SR_ResInv	2	127	2.16554E-56	T	13-04-2026	-	-	-	-
NZ_CP071530.1_2194749-2205311:._6	b37b33326d69cdc61f3e48c58624bccf	187	Pfam	PF00239	Resolvase, N terminal domain	2	136	2.5E-39	T	13-04-2026	IPR006119	Resolvase, N-terminal catalytic domain	-	-
NZ_CP071530.1_2194749-2205311:._6	b37b33326d69cdc61f3e48c58624bccf	187	Pfam	PF02796	Helix-turn-helix domain of resolvase	139	183	5.0E-4	T	13-04-2026	IPR006120	Resolvase, HTH domain	-	-
NZ_CP081299.1_1785944-1796431:._13	149fc4eb3d139074f9aaee541d0acccb	263	Pfam	PF03050	Transposase IS66 family	30	263	7.7E-64	T	13-04-2026	IPR004291	Transposase IS66, central domain	-	-
NZ_CP087585.1_3158408-3169009:._1	1155b7b5fce2ed9bd39e24eed2e3cd02	382	Pfam	PF02384	N-6 DNA Methylase	183	382	2.1E-71	T	13-04-2026	IPR003356	DNA methylase, adenine-specific	-	-
NZ_CP087585.1_3158408-3169009:._1	1155b7b5fce2ed9bd39e24eed2e3cd02	382	Pfam	PF12161	HsdM N-terminal domain	9	171	2.7E-14	T	13-04-2026	IPR022749	N6 adenine-specific DNA methyltransferase, N-terminal domain	-	-
NZ_CP099631.1_3546-14147:._5	c8eec732d340826515e99a90a6cc023b	264	Pfam	PF00199	Catalase	62	259	7.9E-12	T	13-04-2026	IPR011614	Catalase core domain	-	-
NZ_CM148644.1_2122378-2132973:._7	dbcabb934f8d990ea722f5cd37f0909a	169	Pfam	PF18138	Bacterial HORMA domain family 1	1	169	7.8E-46	T	13-04-2026	IPR041162	Bacterial HORMA domain 1	-	-
NZ_LR735258.1_6136832-6147391:._9	2640621a4f3ea21b7ca146dfacbe3974	86	Pfam	PF15738	Bacterial toxin of type II toxin-antitoxin system, YafQ	3	84	1.0E-16	T	13-04-2026	IPR004386	Toxin-antitoxin system, YafQ-like toxin	-	-
NZ_CP096247.1_1008628-1019193:._9	f059603a65619532c6d381a99a634d0c	517	Pfam	PF13102	Phage integrase SAM-like domain	100	176	0.0049	T	13-04-2026	IPR025269	Phage integrase SAM-like domain	-	-
NZ_CP030855.1_6097-16716:._4	490ce5f5f9e3d36e89919c377de5d191	206	Pfam	PF00239	Resolvase, N terminal domain	9	142	8.5E-47	T	13-04-2026	IPR006119	Resolvase, N-terminal catalytic domain	-	-
NZ_CP030855.1_6097-16716:._4	490ce5f5f9e3d36e89919c377de5d191	206	CDD	cd03768	SR_ResInv	8	132	9.76733E-65	T	13-04-2026	-	-	-	-
NZ_CP036540.1_72561-83153:._8	cc236bb65f5fa5f3c592ce8a5290dd0b	440	Pfam	PF01640	Peptidase C10 family	189	409	7.8E-12	T	13-04-2026	IPR000200	Peptidase C10, streptopain	-	-
NZ_CP119604.1_57801-68393:._5	cc236bb65f5fa5f3c592ce8a5290dd0b	440	Pfam	PF01640	Peptidase C10 family	189	409	7.8E-12	T	13-04-2026	IPR000200	Peptidase C10, streptopain	-	-
NZ_CP036547.1_5524-14930:._4	cc236bb65f5fa5f3c592ce8a5290dd0b	440	Pfam	PF01640	Peptidase C10 family	189	409	7.8E-12	T	13-04-2026	IPR000200	Peptidase C10, streptopain	-	-
NZ_CP075682.1_3356240-3366844:._11	21a3ae99c16be2195d049bef9baaae4d	384	CDD	cd03586	PolY_Pol_IV_kappa	6	337	1.85199E-124	T	13-04-2026	IPR022880	DNA polymerase IV	-	-
NZ_CP075682.1_3356240-3366844:._11	21a3ae99c16be2195d049bef9baaae4d	384	Pfam	PF00817	impB/mucB/samB family	9	151	5.1E-39	T	13-04-2026	IPR001126	UmuC domain	-	-
NZ_CP075682.1_3356240-3366844:._11	21a3ae99c16be2195d049bef9baaae4d	384	Pfam	PF11799	impB/mucB/samB family C-terminal domain	238	346	3.3E-23	T	13-04-2026	IPR017961	DNA polymerase, Y-family, little finger domain	-	-
NZ_CP197400.1_1166464-1177041:._9	63ae9493e812a9f28e71e0775f4bba4e	136	Pfam	PF05713	Bacterial mobilisation protein (MobC)	73	110	0.0029	T	13-04-2026	IPR008687	Bacterial mobilisation	-	-
NZ_CP054141.1_36662-47269:._1	48132d678b75ebe1a61e8f3c2313cc7b	46	Pfam	PF13623	SurA-like N-terminal domain	4	46	1.2E-5	T	13-04-2026	-	-	-	-
NZ_CP119421.1_5019560-5030119:._9	f8f1bf1015327c9b22f8dc5565e21a55	249	Pfam	PF00078	Reverse transcriptase (RNA-dependent DNA polymerase)	4	124	5.8E-22	T	13-04-2026	IPR000477	Reverse transcriptase domain	-	-
NZ_CP119421.1_5019560-5030119:._9	f8f1bf1015327c9b22f8dc5565e21a55	249	Pfam	PF08388	Group II intron, maturase-specific domain	154	220	1.5E-5	T	13-04-2026	IPR013597	Group II intron, maturase-specific	-	-
NZ_CP119421.1_5019560-5030119:._9	f8f1bf1015327c9b22f8dc5565e21a55	249	CDD	cd01651	RT_G2_intron	1	124	1.39518E-39	T	13-04-2026	-	-	-	-
NZ_OZ257252.1_3003352-3013911:._7	bc0c4bff0f98adb7c0aeeb0217ddc3d8	478	Pfam	PF18324	Bacterial isocitrate dehydrogenase, C-terminal domain	369	478	1.6E-43	T	13-04-2026	IPR040978	Isocitrate dehydrogenase/Hypothetical protein TT1725, C-terminal domain	-	-
NZ_OZ257252.1_3003352-3013911:._7	bc0c4bff0f98adb7c0aeeb0217ddc3d8	478	Pfam	PF00180	Isocitrate/isopropylmalate dehydrogenase	4	334	5.2E-90	T	13-04-2026	IPR024084	Isopropylmalate dehydrogenase-like domain	-	-
NZ_CP081299.1_1785944-1796431:._3	43ea2ed0096cc7ff323cffedf8259e8f	192	Pfam	PF20001	Family of unknown function (DUF6428)	31	192	1.6E-36	T	13-04-2026	IPR045534	Protein of unknown function DUF6428	-	-
NZ_CP110012.1_3190230-3200819:._12	1ac4cc5782d7ba60cce86acf9c5038e1	480	Pfam	PF07508	Recombinase	153	233	0.0015	T	13-04-2026	IPR011109	DNA-binding recombinase domain	-	-
NZ_CP110012.1_3190230-3200819:._12	1ac4cc5782d7ba60cce86acf9c5038e1	480	Pfam	PF00239	Resolvase, N terminal domain	2	131	2.0E-12	T	13-04-2026	IPR006119	Resolvase, N-terminal catalytic domain	-	-
NZ_CP081299.1_7408552-7419153:._3	06e312554e92b12c0515fc60f2e9128c	469	Pfam	PF00082	Subtilase family	138	406	2.6E-10	T	13-04-2026	IPR000209	Peptidase S8/S53 domain	-	-
NZ_OY997410.1_1109465-1119655:._9	fb890379232d540d56692759598b8b40	387	Pfam	PF14294	Domain of unknown function (DUF4372)	4	75	2.8E-24	T	13-04-2026	IPR025399	Domain of unknown function DUF4372	-	-
NZ_OY997410.1_1109465-1119655:._9	fb890379232d540d56692759598b8b40	387	Pfam	PF01609	Transposase DDE domain	120	330	5.7E-25	T	13-04-2026	IPR002559	Transposase IS4-like domain	-	-
NZ_AP026867.1_1-5558:._4	a61e8949e05dc9243cbda7d83aaab11e	239	Pfam	PF13386	Cytochrome C biogenesis protein transmembrane region	8	207	1.9E-45	T	13-04-2026	IPR039447	Urease accessory protein UreH-like, transmembrane domain	-	-
NZ_CP103197.1_18166-28749:._9	9b56c1edbdbce82ed1c152b84772231e	502	Pfam	PF07488	Glycosyl hydrolase family 67 middle domain	2	224	2.3E-114	T	13-04-2026	IPR011100	Glycosyl hydrolase family 67, catalytic domain	-	-
NZ_CP103197.1_18166-28749:._9	9b56c1edbdbce82ed1c152b84772231e	502	Pfam	PF07477	Glycosyl hydrolase family 67 C-terminus	247	473	3.7E-93	T	13-04-2026	IPR011099	Glycosyl hydrolase family 67, C-terminal	-	-
NZ_CP030854.1_26986-37599:._7	90401397483beb82c849a78cc6570515	149	Pfam	PF00583	Acetyltransferase (GNAT) family	40	131	1.8E-14	T	13-04-2026	IPR000182	GNAT domain	-	-
NZ_CP030854.1_26986-37599:._7	90401397483beb82c849a78cc6570515	149	CDD	cd04301	NAT_SF	51	117	8.41892E-10	T	13-04-2026	-	-	-	-
NZ_CP192720.1_1244432-1254811:._1	1b45573883805a8e86259e5ba62fbf1f	708	Pfam	PF13715	CarboxypepD_reg-like domain	40	120	6.9E-16	T	13-04-2026	-	-	-	-
NZ_CP192720.1_1244432-1254811:._1	1b45573883805a8e86259e5ba62fbf1f	708	Pfam	PF07715	TonB-dependent Receptor Plug Domain	127	232	1.2E-15	T	13-04-2026	IPR012910	TonB-dependent receptor, plug domain	-	-
NZ_CP130738.1_353416-363531:._2	11f93ed4141958b1a140cf2d7fd1802a	123	Pfam	PF12487	Protein of unknown function (DUF3703)	11	116	1.5E-38	T	13-04-2026	IPR022172	Protein of unknown function DUF3703	-	-
NC_014230.1_965027-975640:._10	83948a8121906c7d0211c4ba0ff5d960	204	Pfam	PF00239	Resolvase, N terminal domain	11	149	5.7E-22	T	13-04-2026	IPR006119	Resolvase, N-terminal catalytic domain	-	-
NC_014230.1_965027-975640:._10	83948a8121906c7d0211c4ba0ff5d960	204	CDD	cd03768	SR_ResInv	12	140	3.80015E-29	T	13-04-2026	-	-	-	-
NZ_CP141186.1_35393-45964:._8	7eb6ed0573ce60609bb48139622d35cb	126	Pfam	PF11042	Protein of unknown function (DUF2750)	18	118	7.4E-22	T	13-04-2026	IPR021284	Protein of unknown function DUF2750	-	-
NZ_OX579588.1_1236768-1247390:._12	a769575327b8479eb592972510babbea	227	Pfam	PF11363	Protein of unknown function (DUF3164)	30	205	4.3E-7	T	13-04-2026	IPR021505	Bacteriophage B3, Orf6	-	-
NZ_CP089538.1_2571047-2581738:._7	c5e109c930463ed633050e70dabece55	272	Pfam	PF13365	Trypsin-like peptidase domain	49	219	7.8E-4	T	13-04-2026	-	-	-	-
NZ_CP115859.1_474741-485300:._2	bbf6f051835db07ede97be91430f4791	461	CDD	cd17321	MFS_MMR_MDR_like	13	415	2.66725E-52	T	13-04-2026	-	-	-	-
NZ_CP115859.1_474741-485300:._2	bbf6f051835db07ede97be91430f4791	461	Pfam	PF07690	Major Facilitator Superfamily	13	408	2.1E-54	T	13-04-2026	IPR011701	Major facilitator superfamily	-	-
NZ_CP023642.1_4512811-4523433:._15	a36f2ac08fd7599a07265c330c4fdb49	590	Pfam	PF03235	Protein of unknown function DUF262	15	169	3.0E-20	T	13-04-2026	IPR004919	Domain of unknown function DUF262	-	-
NZ_CP023642.1_4512811-4523433:._15	a36f2ac08fd7599a07265c330c4fdb49	590	CDD	cd16387	ParB_N_Srx	35	73	0.00310561	T	13-04-2026	-	-	-	-
NZ_LR735258.1_6136832-6147391:._13	d5152a4ead7d9acb8e64bb8707b692b9	273	Pfam	PF14054	Domain of unknown function (DUF4249)	1	266	3.2E-25	T	13-04-2026	IPR025345	Protein of unknown function DUF4249	-	-
NZ_CP072249.1_7477-18069:._13	8a58bd62d5262f76eeb1358b53b19b09	278	Pfam	PF13342	C-terminal repeat of topoisomerase	134	190	5.7E-10	T	13-04-2026	IPR025589	Topoisomerase C-terminal repeat	-	-
NZ_CP072249.1_7477-18069:._13	8a58bd62d5262f76eeb1358b53b19b09	278	Pfam	PF13342	C-terminal repeat of topoisomerase	221	276	1.5E-13	T	13-04-2026	IPR025589	Topoisomerase C-terminal repeat	-	-
NZ_CP072249.1_7477-18069:._13	8a58bd62d5262f76eeb1358b53b19b09	278	Pfam	PF13342	C-terminal repeat of topoisomerase	38	89	2.2E-10	T	13-04-2026	IPR025589	Topoisomerase C-terminal repeat	-	-
NC_015160.1_3554654-3565171:._5	dcceef7cd6bdfc7901b07ece634d4c92	172	Pfam	PF00239	Resolvase, N terminal domain	12	145	9.1E-40	T	13-04-2026	IPR006119	Resolvase, N-terminal catalytic domain	-	-
NC_015160.1_3554654-3565171:._5	dcceef7cd6bdfc7901b07ece634d4c92	172	CDD	cd03768	SR_ResInv	12	135	2.11672E-53	T	13-04-2026	-	-	-	-
NZ_CM148644.1_2122378-2132973:._2	a48773f0ed9ecd89ecdf493edd33631b	300	Pfam	PF12833	Helix-turn-helix domain	215	294	1.0E-17	T	13-04-2026	IPR018060	DNA binding HTH domain, AraC-type	-	-
NZ_CP048222.1_66079-76653:._6	45805bb6debf8dab68e6efd7c86a2e66	358	Pfam	PF06250	YhcG PDDEXK nuclease domain	192	345	6.2E-63	T	13-04-2026	IPR009362	YhcG PDDEXK nuclease domain	-	-
NZ_CP048222.1_66079-76653:._6	45805bb6debf8dab68e6efd7c86a2e66	358	Pfam	PF17761	DUF1016 N-terminal domain	18	170	7.4E-38	T	13-04-2026	IPR041527	YhcG, N-terminal	-	-
NZ_CP072373.1_1796422-1806798:._9	aa4edf0ff46b08581aa459d9ae247319	109	Pfam	PF01022	Bacterial regulatory protein, arsR family	23	68	1.3E-9	T	13-04-2026	IPR001845	HTH ArsR-type DNA-binding domain	-	-
NZ_CP072373.1_1796422-1806798:._9	aa4edf0ff46b08581aa459d9ae247319	109	CDD	cd00090	HTH_ARSR	17	78	1.38245E-15	T	13-04-2026	IPR011991	ArsR-like helix-turn-helix domain	-	-
NZ_CP072342.1_391022-401398:._8	aa4edf0ff46b08581aa459d9ae247319	109	Pfam	PF01022	Bacterial regulatory protein, arsR family	23	68	1.3E-9	T	13-04-2026	IPR001845	HTH ArsR-type DNA-binding domain	-	-
NZ_CP072342.1_391022-401398:._8	aa4edf0ff46b08581aa459d9ae247319	109	CDD	cd00090	HTH_ARSR	17	78	1.38245E-15	T	13-04-2026	IPR011991	ArsR-like helix-turn-helix domain	-	-
NZ_CP072364.1_68924-79300:._9	aa4edf0ff46b08581aa459d9ae247319	109	Pfam	PF01022	Bacterial regulatory protein, arsR family	23	68	1.3E-9	T	13-04-2026	IPR001845	HTH ArsR-type DNA-binding domain	-	-
NZ_CP072364.1_68924-79300:._9	aa4edf0ff46b08581aa459d9ae247319	109	CDD	cd00090	HTH_ARSR	17	78	1.38245E-15	T	13-04-2026	IPR011991	ArsR-like helix-turn-helix domain	-	-
NZ_OZ245806.1_1584225-1594832:._10	9609a0cbe33796161c9b86155185d791	202	CDD	cd03768	SR_ResInv	2	131	1.29163E-54	T	13-04-2026	-	-	-	-
NZ_OZ245806.1_1584225-1594832:._10	9609a0cbe33796161c9b86155185d791	202	Pfam	PF00239	Resolvase, N terminal domain	2	140	2.8E-38	T	13-04-2026	IPR006119	Resolvase, N-terminal catalytic domain	-	-
NZ_CP117880.1_3051631-3062205:._12	de8e29f717961355b70458b5fb6f680d	682	CDD	cd00009	AAA	179	339	3.71749E-23	T	13-04-2026	-	-	-	-
NZ_CP117880.1_3051631-3062205:._12	de8e29f717961355b70458b5fb6f680d	682	Pfam	PF17871	AAA lid domain	341	441	1.6E-31	T	13-04-2026	IPR041546	ClpA/ClpB, AAA lid domain	-	-
NZ_CP117880.1_3051631-3062205:._12	de8e29f717961355b70458b5fb6f680d	682	Pfam	PF07724	AAA domain (Cdc48 subfamily)	594	682	1.3E-35	T	13-04-2026	IPR003959	ATPase, AAA-type, core	-	-
NZ_CP117880.1_3051631-3062205:._12	de8e29f717961355b70458b5fb6f680d	682	Pfam	PF00004	ATPase family associated with various cellular activities (AAA)	201	334	1.2E-9	T	13-04-2026	IPR003959	ATPase, AAA-type, core	-	-
NZ_CP117880.1_3051631-3062205:._12	de8e29f717961355b70458b5fb6f680d	682	CDD	cd19499	RecA-like_ClpB_Hsp104-like	556	682	4.11961E-77	T	13-04-2026	-	-	-	-
NZ_CP117880.1_3051631-3062205:._12	de8e29f717961355b70458b5fb6f680d	682	Pfam	PF02861	Clp amino terminal domain, pathogenicity island component	92	143	3.5E-8	T	13-04-2026	IPR004176	Clp, repeat (R) domain	-	-
NZ_CP117880.1_3051631-3062205:._12	de8e29f717961355b70458b5fb6f680d	682	Pfam	PF02861	Clp amino terminal domain, pathogenicity island component	17	68	6.3E-6	T	13-04-2026	IPR004176	Clp, repeat (R) domain	-	-
NZ_CP114291.2_1703538-1714145:._5	716a951caa41a35b23d7ef29f2f90089	296	Pfam	PF12950	TaqI-like C-terminal specificity domain	83	229	1.1E-10	T	13-04-2026	IPR025931	TaqI-like C-terminal specificity domain	-	-
NZ_CP034173.1_1138126-1148700:._3	8959e2417f0a9b6f423b951f8a764628	515	Pfam	PF13751	Transposase DDE domain	389	512	4.3E-28	T	13-04-2026	IPR025668	Transposase DDE domain	-	-
NZ_CP034173.1_1138126-1148700:._3	8959e2417f0a9b6f423b951f8a764628	515	Pfam	PF05598	Transposase domain (DUF772)	51	121	1.3E-17	T	13-04-2026	IPR008490	Transposase InsH, N-terminal	-	-
NZ_CP050995.1_3127917-3138476:._2	5e80b17e03f2766c075aa3a1a66f4dbf	294	CDD	cd00009	AAA	42	204	9.50428E-7	T	13-04-2026	-	-	-	-
NZ_CP050995.1_3127917-3138476:._2	5e80b17e03f2766c075aa3a1a66f4dbf	294	Pfam	PF05621	Bacterial TniB protein	20	209	7.6E-69	T	13-04-2026	IPR008868	Bacterial TniB	-	-
NZ_CP006587.1_4757826-4767977:._5	5ca9948cc3bee272cb0692f24ff329e4	424	Pfam	PF00999	Sodium/hydrogen exchanger family	7	392	4.0E-38	T	13-04-2026	IPR006153	Cation/H+ exchanger	-	-
NZ_CP030854.1_26986-37599:._5	cb0c596babdab2fe51427fa999a29320	204	CDD	cd03768	SR_ResInv	2	126	7.50205E-66	T	13-04-2026	-	-	-	-
NZ_CP030854.1_26986-37599:._5	cb0c596babdab2fe51427fa999a29320	204	Pfam	PF00239	Resolvase, N terminal domain	3	136	1.4E-46	T	13-04-2026	IPR006119	Resolvase, N-terminal catalytic domain	-	-
NZ_AP029022.1_2742988-2753550:._6	c74d67ba19c6ab2531afe2b0120f7e15	227	Pfam	PF14452	Multiubiquitin	155	225	2.3E-7	T	13-04-2026	IPR027802	Multi-ubiquitin domain	-	-
NZ_OZ257252.1_2008577-2019169:._4	b0882dc91eb96ab802f8d9e1c840b218	371	Pfam	PF12686	Protein of unknown function (DUF3800)	147	324	6.8E-4	T	13-04-2026	IPR024524	Protein of unknown function DUF3800	-	-
NZ_CP123860.1_6049507-6060096:._3	48eb2e5920503e68ea569f8ea7ce639d	58	Pfam	PF07432	Histone H1-like protein Hc1	1	55	2.7E-20	T	13-04-2026	IPR010886	Histone H1-like Hc1	-	-
NZ_CP006587.1_4757826-4767977:._4	8c1b3c1bcf91f75ac3036126adc5155b	200	CDD	cd02966	TlpA_like_family	65	178	3.81529E-41	T	13-04-2026	-	-	-	-
NZ_CP006587.1_4757826-4767977:._4	8c1b3c1bcf91f75ac3036126adc5155b	200	Pfam	PF08534	Redoxin	66	190	9.8E-16	T	13-04-2026	IPR013740	Redoxin	-	-
NZ_CP104203.1_3298143-3308708:._1	ce0e9c5972578d0af6912d70e5d29134	327	Pfam	PF06527	TniQ	15	151	2.2E-10	T	13-04-2026	IPR009492	TniQ	-	-
NZ_CP182860.1_3198816-3209453:._4	518bdb450aea24653421f5182c0261cd	178	Pfam	PF13508	Acetyltransferase (GNAT) domain	47	127	0.0064	T	13-04-2026	IPR000182	GNAT domain	-	-
NZ_CP056032.1_1770823-1781409:._2	5c3d0b7d4fb75c2f7779fc13b2d3f4ea	366	Pfam	PF01784	Duf34/NIF3 (NGG1p interacting factor 3)	7	348	6.6E-69	T	13-04-2026	IPR002678	DUF34/NIF3	-	-
NZ_CP081299.1_7335084-7345685:._9	ccc16621ae92e73151f13007cdfa5c22	138	Pfam	PF02566	OsmC-like protein	43	130	7.4E-14	T	13-04-2026	IPR003718	OsmC/Ohr family	-	-
NZ_CP063145.1_230248-240813:._2	3bd1df903063a5f10e687b0a51f54e6e	255	Pfam	PF12679	ABC-2 family transporter protein	49	255	8.6E-9	T	13-04-2026	IPR032688	ABC-2 type transporter permease protein NosY/YtrC-like	-	-
NZ_CP171011.1_905932-916497:._2	3bd1df903063a5f10e687b0a51f54e6e	255	Pfam	PF12679	ABC-2 family transporter protein	49	255	8.6E-9	T	13-04-2026	IPR032688	ABC-2 type transporter permease protein NosY/YtrC-like	-	-
NZ_CM148646.1_2068858-2079456:._9	5c102ad1fb6f9f30d85d12f488198f8d	257	Pfam	PF14253	Bacteriophage abortive infection AbiH	9	201	1.8E-17	T	13-04-2026	IPR025935	Bacteriophage abortive infection AbiH	-	-
NZ_CP051682.1_46407-57116:._6	2a06aa33da3fa06dbb79b54b52289ddc	403	CDD	cd03801	GT4_PimA-like	23	398	5.8619E-37	T	13-04-2026	-	-	-	-
NZ_CP051682.1_46407-57116:._6	2a06aa33da3fa06dbb79b54b52289ddc	403	Pfam	PF00534	Glycosyl transferases group 1	219	379	6.6E-26	T	13-04-2026	IPR001296	Glycosyl transferase, family 1	-	-
NZ_CP063145.1_230248-240813:._5	0a80f8054fcc0e24822f03f88f18c190	72	Pfam	PF05573	NosL	4	70	0.037	T	13-04-2026	IPR008719	Nitrous oxide reductase accessory protein NosL	-	-
NZ_CP060497.1_5609736-5620304:._3	51a20b84a977a80c4df9e7fd7f8e1ef4	116	Pfam	PF11225	Protein of unknown function (DUF3024)	62	115	8.9E-15	T	13-04-2026	IPR021388	Bacteriophage 933W, L0084	-	-
NZ_JBQSUP010000001.1_5071-14507:._9	e27a3e5c0b02885fa7d8115db8e54e54	292	Pfam	PF01609	Transposase DDE domain	98	269	2.9E-25	T	13-04-2026	IPR002559	Transposase IS4-like domain	-	-
NZ_OZ257252.1_2008577-2019169:._5	e59047410a0a1ea9e2f4d9096abe9381	197	CDD	cd03768	SR_ResInv	2	126	2.97487E-66	T	13-04-2026	-	-	-	-
NZ_OZ257252.1_2008577-2019169:._5	e59047410a0a1ea9e2f4d9096abe9381	197	Pfam	PF02796	Helix-turn-helix domain of resolvase	138	184	6.0E-4	T	13-04-2026	IPR006120	Resolvase, HTH domain	-	-
NZ_OZ257252.1_2008577-2019169:._5	e59047410a0a1ea9e2f4d9096abe9381	197	Pfam	PF00239	Resolvase, N terminal domain	3	135	2.6E-44	T	13-04-2026	IPR006119	Resolvase, N-terminal catalytic domain	-	-
NZ_CM148636.1_2123055-2133650:._12	ed08a1c8798b803fa56f0bdea5e802ce	117	Pfam	PF01078	Magnesium chelatase, subunit ChlI	44	110	3.8E-26	T	13-04-2026	IPR000523	Magnesium chelatase ChlI-like, catalytic domain	-	-
NZ_CP103197.1_18166-28749:._5	dd89f3ef044dcd2576342a1001625e25	719	CDD	cd03713	EFG_mtEFG_C	623	700	1.58355E-24	T	13-04-2026	IPR035649	EFG, domain V	-	-
NZ_CP103197.1_18166-28749:._5	dd89f3ef044dcd2576342a1001625e25	719	CDD	cd01434	EFG_mtEFG1_IV	474	618	9.97646E-53	T	13-04-2026	IPR047872	Elongation factor G, domain IV	-	-
NZ_CP103197.1_18166-28749:._5	dd89f3ef044dcd2576342a1001625e25	719	Pfam	PF00679	Elongation factor G C-terminus	621	706	1.3E-21	T	13-04-2026	IPR000640	Elongation factor EFG, domain V-like	-	-
NZ_CP103197.1_18166-28749:._5	dd89f3ef044dcd2576342a1001625e25	719	Pfam	PF14492	Elongation Factor G, domain III	396	468	6.8E-12	T	13-04-2026	IPR041095	Elongation Factor G, domain II	-	-
NZ_CP103197.1_18166-28749:._5	dd89f3ef044dcd2576342a1001625e25	719	CDD	cd04170	EF-G_bact	11	277	2.76027E-126	T	13-04-2026	-	-	-	-
NZ_CP103197.1_18166-28749:._5	dd89f3ef044dcd2576342a1001625e25	719	Pfam	PF00009	Elongation factor Tu GTP binding domain	8	277	2.3E-30	T	13-04-2026	IPR000795	Translational (tr)-type GTP-binding domain	-	-
NZ_CP103197.1_18166-28749:._5	dd89f3ef044dcd2576342a1001625e25	719	Pfam	PF03144	Elongation factor Tu domain 2	315	381	1.1E-4	T	13-04-2026	IPR004161	Translation elongation factor EFTu-like, domain 2	-	-
NZ_CP103197.1_18166-28749:._5	dd89f3ef044dcd2576342a1001625e25	719	Pfam	PF03764	Elongation factor G, domain IV	535	617	2.1E-17	T	13-04-2026	IPR005517	Translation elongation factor EFG/EF2, domain IV	-	-
NZ_CP103197.1_18166-28749:._5	dd89f3ef044dcd2576342a1001625e25	719	Pfam	PF03764	Elongation factor G, domain IV	470	509	4.7E-4	T	13-04-2026	IPR005517	Translation elongation factor EFG/EF2, domain IV	-	-
NZ_CP050995.1_3127917-3138476:._7	b5df5b7dee0b95fc3e245d03f108d231	744	Pfam	PF00082	Subtilase family	269	540	6.6E-15	T	13-04-2026	IPR000209	Peptidase S8/S53 domain	-	-
NZ_CP050995.1_3127917-3138476:._7	b5df5b7dee0b95fc3e245d03f108d231	744	CDD	cd04847	Peptidases_S8_Subtilisin_like_2	272	528	2.18796E-68	T	13-04-2026	IPR034074	Y4bN, peptidase domain	-	-
NZ_CP033934.1_78870-89474:._7	db69f4f2828962a69c9ef28f23c7e55b	152	Pfam	PF04138	GtrA-like protein	14	150	3.9E-12	T	13-04-2026	IPR007267	GtrA/DPMS, transmembrane domain	-	-
NZ_CP075682.1_3356240-3366844:._12	b367715661f29855c841654e458726dd	972	Pfam	PF17657	Bacterial DNA polymerase III alpha subunit finger domain	507	675	4.5E-37	T	13-04-2026	IPR040982	DNA polymerase III alpha subunit finger domain	-	-
NZ_CP075682.1_3356240-3366844:._12	b367715661f29855c841654e458726dd	972	Pfam	PF14579	Helix-hairpin-helix motif	749	830	1.8E-12	T	13-04-2026	IPR029460	DNA polymerase, helix-hairpin-helix motif	-	-
NZ_CP075682.1_3356240-3366844:._12	b367715661f29855c841654e458726dd	972	Pfam	PF07733	Bacterial DNA polymerase III alpha NTPase domain	266	502	9.6E-61	T	13-04-2026	IPR011708	Bacterial DNA polymerase III, alpha subunit, NTPase domain	-	-
NZ_CP075682.1_3356240-3366844:._12	b367715661f29855c841654e458726dd	972	Pfam	PF02811	PHP domain	23	87	1.6E-9	T	13-04-2026	IPR004013	PHP domain	-	-
NZ_CP011318.1_3761958-3772556:._4	6bb4d6d1a08ca4bc82213eefb829c217	199	Pfam	PF00239	Resolvase, N terminal domain	7	145	2.9E-20	T	13-04-2026	IPR006119	Resolvase, N-terminal catalytic domain	-	-
NZ_CP011318.1_3761958-3772556:._4	6bb4d6d1a08ca4bc82213eefb829c217	199	CDD	cd03768	SR_ResInv	8	136	7.63736E-30	T	13-04-2026	-	-	-	-
NZ_CP071550.1_2125019-2135659:._7	69f3483b9c1c13148abb192fd8ffad35	288	Pfam	PF01078	Magnesium chelatase, subunit ChlI	193	281	3.0E-33	T	13-04-2026	IPR000523	Magnesium chelatase ChlI-like, catalytic domain	-	-
NZ_CP071550.1_2125019-2135659:._7	69f3483b9c1c13148abb192fd8ffad35	288	Pfam	PF13541	Subunit ChlI of Mg-chelatase	20	141	1.6E-42	T	13-04-2026	-	-	-	-
NZ_CP032819.1_28358-38950:._4	35b035369040fe62130cdab9ce31a791	110	Pfam	PF01588	Putative tRNA binding domain	13	107	1.3E-7	T	13-04-2026	IPR002547	tRNA-binding domain	-	-
NZ_CP032819.1_28358-38950:._4	35b035369040fe62130cdab9ce31a791	110	CDD	cd02798	tRNA_bind_CsaA	3	107	2.6284E-42	T	13-04-2026	-	-	-	-
NZ_CP050063.1_6370496-6381115:._7	0a56eaeab0268960e4fdffcfabfafa55	206	CDD	cd03768	SR_ResInv	17	141	5.07666E-62	T	13-04-2026	-	-	-	-
NZ_CP050063.1_6370496-6381115:._7	0a56eaeab0268960e4fdffcfabfafa55	206	Pfam	PF00239	Resolvase, N terminal domain	18	150	3.2E-43	T	13-04-2026	IPR006119	Resolvase, N-terminal catalytic domain	-	-
NZ_CP050063.1_6370496-6381115:._7	0a56eaeab0268960e4fdffcfabfafa55	206	Pfam	PF02796	Helix-turn-helix domain of resolvase	170	197	0.0039	T	13-04-2026	IPR006120	Resolvase, HTH domain	-	-
NZ_CP054001.1_41085-51677:._10	3c2794611638467a3f6cefe30dde77f5	336	Pfam	PF08401	N-terminal domain of anti-restriction factor ArdC	7	139	2.1E-27	T	13-04-2026	IPR013610	N-terminal domain of anti-restriction factor ArdC	-	-
NZ_CP054001.1_41085-51677:._10	3c2794611638467a3f6cefe30dde77f5	336	Pfam	PF18818	Zincin-like metallopeptidase	195	302	2.8E-25	T	13-04-2026	IPR041459	Polyvalent protein, metallopeptidase domain	-	-
NZ_CP045613.1_16258-26850:._8	3c2794611638467a3f6cefe30dde77f5	336	Pfam	PF08401	N-terminal domain of anti-restriction factor ArdC	7	139	2.1E-27	T	13-04-2026	IPR013610	N-terminal domain of anti-restriction factor ArdC	-	-
NZ_CP045613.1_16258-26850:._8	3c2794611638467a3f6cefe30dde77f5	336	Pfam	PF18818	Zincin-like metallopeptidase	195	302	2.8E-25	T	13-04-2026	IPR041459	Polyvalent protein, metallopeptidase domain	-	-
NZ_CP081921.1_7444-18036:._9	3c2794611638467a3f6cefe30dde77f5	336	Pfam	PF08401	N-terminal domain of anti-restriction factor ArdC	7	139	2.1E-27	T	13-04-2026	IPR013610	N-terminal domain of anti-restriction factor ArdC	-	-
NZ_CP081921.1_7444-18036:._9	3c2794611638467a3f6cefe30dde77f5	336	Pfam	PF18818	Zincin-like metallopeptidase	195	302	2.8E-25	T	13-04-2026	IPR041459	Polyvalent protein, metallopeptidase domain	-	-
NZ_CP103239.1_14058-24650:._11	3c2794611638467a3f6cefe30dde77f5	336	Pfam	PF08401	N-terminal domain of anti-restriction factor ArdC	7	139	2.1E-27	T	13-04-2026	IPR013610	N-terminal domain of anti-restriction factor ArdC	-	-
NZ_CP103239.1_14058-24650:._11	3c2794611638467a3f6cefe30dde77f5	336	Pfam	PF18818	Zincin-like metallopeptidase	195	302	2.8E-25	T	13-04-2026	IPR041459	Polyvalent protein, metallopeptidase domain	-	-
NZ_CP036556.1_1-10022:._10	3c2794611638467a3f6cefe30dde77f5	336	Pfam	PF08401	N-terminal domain of anti-restriction factor ArdC	7	139	2.1E-27	T	13-04-2026	IPR013610	N-terminal domain of anti-restriction factor ArdC	-	-
NZ_CP036556.1_1-10022:._10	3c2794611638467a3f6cefe30dde77f5	336	Pfam	PF18818	Zincin-like metallopeptidase	195	302	2.8E-25	T	13-04-2026	IPR041459	Polyvalent protein, metallopeptidase domain	-	-
NZ_CP083624.1_1-6607:._8	3c2794611638467a3f6cefe30dde77f5	336	Pfam	PF08401	N-terminal domain of anti-restriction factor ArdC	7	139	2.1E-27	T	13-04-2026	IPR013610	N-terminal domain of anti-restriction factor ArdC	-	-
NZ_CP083624.1_1-6607:._8	3c2794611638467a3f6cefe30dde77f5	336	Pfam	PF18818	Zincin-like metallopeptidase	195	302	2.8E-25	T	13-04-2026	IPR041459	Polyvalent protein, metallopeptidase domain	-	-
NZ_CP103142.1_50344-60936:._12	3c2794611638467a3f6cefe30dde77f5	336	Pfam	PF08401	N-terminal domain of anti-restriction factor ArdC	7	139	2.1E-27	T	13-04-2026	IPR013610	N-terminal domain of anti-restriction factor ArdC	-	-
NZ_CP103142.1_50344-60936:._12	3c2794611638467a3f6cefe30dde77f5	336	Pfam	PF18818	Zincin-like metallopeptidase	195	302	2.8E-25	T	13-04-2026	IPR041459	Polyvalent protein, metallopeptidase domain	-	-
NZ_CP081919.1_13891-24483:._8	3c2794611638467a3f6cefe30dde77f5	336	Pfam	PF08401	N-terminal domain of anti-restriction factor ArdC	7	139	2.1E-27	T	13-04-2026	IPR013610	N-terminal domain of anti-restriction factor ArdC	-	-
NZ_CP081919.1_13891-24483:._8	3c2794611638467a3f6cefe30dde77f5	336	Pfam	PF18818	Zincin-like metallopeptidase	195	302	2.8E-25	T	13-04-2026	IPR041459	Polyvalent protein, metallopeptidase domain	-	-
NZ_CP081914.1_9325-19917:._11	3c2794611638467a3f6cefe30dde77f5	336	Pfam	PF08401	N-terminal domain of anti-restriction factor ArdC	7	139	2.1E-27	T	13-04-2026	IPR013610	N-terminal domain of anti-restriction factor ArdC	-	-
NZ_CP081914.1_9325-19917:._11	3c2794611638467a3f6cefe30dde77f5	336	Pfam	PF18818	Zincin-like metallopeptidase	195	302	2.8E-25	T	13-04-2026	IPR041459	Polyvalent protein, metallopeptidase domain	-	-
NZ_CP041397.1_21313-31905:._11	3c2794611638467a3f6cefe30dde77f5	336	Pfam	PF08401	N-terminal domain of anti-restriction factor ArdC	7	139	2.1E-27	T	13-04-2026	IPR013610	N-terminal domain of anti-restriction factor ArdC	-	-
NZ_CP041397.1_21313-31905:._11	3c2794611638467a3f6cefe30dde77f5	336	Pfam	PF18818	Zincin-like metallopeptidase	195	302	2.8E-25	T	13-04-2026	IPR041459	Polyvalent protein, metallopeptidase domain	-	-
NC_006873.1_1-5722:._2	3c2794611638467a3f6cefe30dde77f5	336	Pfam	PF08401	N-terminal domain of anti-restriction factor ArdC	7	139	2.1E-27	T	13-04-2026	IPR013610	N-terminal domain of anti-restriction factor ArdC	-	-
NC_006873.1_1-5722:._2	3c2794611638467a3f6cefe30dde77f5	336	Pfam	PF18818	Zincin-like metallopeptidase	195	302	2.8E-25	T	13-04-2026	IPR041459	Polyvalent protein, metallopeptidase domain	-	-
NZ_CP072225.1_43770-54362:._8	3c2794611638467a3f6cefe30dde77f5	336	Pfam	PF08401	N-terminal domain of anti-restriction factor ArdC	7	139	2.1E-27	T	13-04-2026	IPR013610	N-terminal domain of anti-restriction factor ArdC	-	-
NZ_CP072225.1_43770-54362:._8	3c2794611638467a3f6cefe30dde77f5	336	Pfam	PF18818	Zincin-like metallopeptidase	195	302	2.8E-25	T	13-04-2026	IPR041459	Polyvalent protein, metallopeptidase domain	-	-
NZ_CP006587.1_4757826-4767977:._2	6ac22ece4eee659e4ae637f593b719f7	272	Pfam	PF01925	Sulfite exporter TauE/SafE	8	260	1.0E-33	T	13-04-2026	IPR002781	Transmembrane protein TauE-like	-	-
NZ_CP152355.1_5086-14492:._4	147e93e3a505b7cc00456f9a3c78cbce	385	Pfam	PF21205	Initiator Rep protein, WH2	182	260	0.014	T	13-04-2026	-	-	-	-
NZ_CP152355.1_5086-14492:._4	147e93e3a505b7cc00456f9a3c78cbce	385	Pfam	PF01051	Initiator Replication protein, WH1	82	170	0.023	T	13-04-2026	IPR000525	Initiator Rep protein, WH1 domain	-	-
NZ_CM148644.1_2122378-2132973:._4	ff3366e4e3f780ef0b196b4caf800ef2	198	Pfam	PF00239	Resolvase, N terminal domain	3	136	7.2E-46	T	13-04-2026	IPR006119	Resolvase, N-terminal catalytic domain	-	-
NZ_CM148644.1_2122378-2132973:._4	ff3366e4e3f780ef0b196b4caf800ef2	198	Pfam	PF02796	Helix-turn-helix domain of resolvase	156	184	0.012	T	13-04-2026	IPR006120	Resolvase, HTH domain	-	-
NZ_CM148644.1_2122378-2132973:._4	ff3366e4e3f780ef0b196b4caf800ef2	198	CDD	cd03768	SR_ResInv	2	126	4.94178E-64	T	13-04-2026	-	-	-	-
NZ_CM148693.1_3315541-3326103:._1	45542410135dd5c3f49b89ec4d7a0165	221	Pfam	PF13541	Subunit ChlI of Mg-chelatase	1	67	1.3E-17	T	13-04-2026	-	-	-	-
NZ_CM148693.1_3315541-3326103:._1	45542410135dd5c3f49b89ec4d7a0165	221	Pfam	PF01078	Magnesium chelatase, subunit ChlI	119	215	1.8E-38	T	13-04-2026	IPR000523	Magnesium chelatase ChlI-like, catalytic domain	-	-
NZ_CP073240.1_22748-33310:._6	39820700dc78cde25b0a09bf991f2305	187	Pfam	PF02796	Helix-turn-helix domain of resolvase	139	183	0.0017	T	13-04-2026	IPR006120	Resolvase, HTH domain	-	-
NZ_CP073240.1_22748-33310:._6	39820700dc78cde25b0a09bf991f2305	187	CDD	cd03768	SR_ResInv	2	127	3.41393E-57	T	13-04-2026	-	-	-	-
NZ_CP073240.1_22748-33310:._6	39820700dc78cde25b0a09bf991f2305	187	Pfam	PF00239	Resolvase, N terminal domain	2	136	6.8E-39	T	13-04-2026	IPR006119	Resolvase, N-terminal catalytic domain	-	-
NZ_CM148646.1_2068858-2079456:._5	ca3d8c63814dce0ff095738b8a537bd8	199	Pfam	PF00239	Resolvase, N terminal domain	4	142	2.5E-21	T	13-04-2026	IPR006119	Resolvase, N-terminal catalytic domain	-	-
NZ_CM148646.1_2068858-2079456:._5	ca3d8c63814dce0ff095738b8a537bd8	199	CDD	cd03768	SR_ResInv	5	133	1.20021E-32	T	13-04-2026	-	-	-	-
NZ_CP143637.1_150213-160817:._1	e24dda6538f5baf9cc263cc0f28f74bd	344	Pfam	PF01548	Transposase	8	161	9.1E-17	T	13-04-2026	IPR002525	Transposase IS110-like, N-terminal	-	-
NZ_CP143637.1_150213-160817:._1	e24dda6538f5baf9cc263cc0f28f74bd	344	Pfam	PF02371	Transposase IS116/IS110/IS902 family	209	294	1.4E-19	T	13-04-2026	IPR003346	Transposase IS116/IS110/IS902, C-terminal	-	-
NZ_CP095061.1_546517-557088:._8	8e816c5008ae421c45efc0b50ae4f03d	190	Pfam	PF00239	Resolvase, N terminal domain	5	137	1.2E-36	T	13-04-2026	IPR006119	Resolvase, N-terminal catalytic domain	-	-
NZ_CP095061.1_546517-557088:._8	8e816c5008ae421c45efc0b50ae4f03d	190	CDD	cd03768	SR_ResInv	4	128	8.18373E-53	T	13-04-2026	-	-	-	-
NZ_CP095061.1_546517-557088:._8	8e816c5008ae421c45efc0b50ae4f03d	190	Pfam	PF02796	Helix-turn-helix domain of resolvase	140	180	0.078	T	13-04-2026	IPR006120	Resolvase, HTH domain	-	-
NZ_CP141186.1_35393-45964:._9	31eb7b247bd49dc9258a2821ae103e4c	190	CDD	cd03768	SR_ResInv	4	128	2.02207E-53	T	13-04-2026	-	-	-	-
NZ_CP141186.1_35393-45964:._9	31eb7b247bd49dc9258a2821ae103e4c	190	Pfam	PF00239	Resolvase, N terminal domain	4	137	2.6E-36	T	13-04-2026	IPR006119	Resolvase, N-terminal catalytic domain	-	-
NZ_OZ040189.1_1192087-1202679:._10	197e7398fe9a4f51aa1875d7887d3a2d	436	Pfam	PF19313	Domain of unknown function (DUF5916)	1	436	2.4E-146	T	13-04-2026	IPR045670	Domain of unknown function DUF5916	-	-
NZ_CP032318.1_36941-47167:._3	dc20e7dba317863cc4e4f40676d91ab1	76	CDD	cd03768	SR_ResInv	4	76	1.24821E-27	T	13-04-2026	-	-	-	-
NZ_CP032318.1_36941-47167:._3	dc20e7dba317863cc4e4f40676d91ab1	76	Pfam	PF00239	Resolvase, N terminal domain	5	75	1.6E-15	T	13-04-2026	IPR006119	Resolvase, N-terminal catalytic domain	-	-
NZ_OZ040189.1_1192087-1202679:._9	5ff9288c7f6ae4fd953a794c2aea2558	220	Pfam	PF00005	ABC transporter	17	168	3.5E-30	T	13-04-2026	IPR003439	ABC transporter-like, ATP-binding domain	-	-
NZ_OZ040189.1_1192087-1202679:._9	5ff9288c7f6ae4fd953a794c2aea2558	220	CDD	cd03255	ABC_MJ0796_LolCDE_FtsE	2	218	4.18839E-112	T	13-04-2026	IPR017911	MacB-like, ATP-binding domain	-	-
NZ_CP056032.1_3024565-3035151:._4	5368798cb6e9ee96fabd11ca67e5d981	195	Pfam	PF02796	Helix-turn-helix domain of resolvase	139	182	0.003	T	13-04-2026	IPR006120	Resolvase, HTH domain	-	-
NZ_CP056032.1_3024565-3035151:._4	5368798cb6e9ee96fabd11ca67e5d981	195	CDD	cd03768	SR_ResInv	2	126	1.32725E-57	T	13-04-2026	-	-	-	-
NZ_CP056032.1_3024565-3035151:._4	5368798cb6e9ee96fabd11ca67e5d981	195	Pfam	PF00239	Resolvase, N terminal domain	3	135	5.8E-40	T	13-04-2026	IPR006119	Resolvase, N-terminal catalytic domain	-	-
NZ_CP092371.1_10906-21471:._5	1e67aaa98a7232b40b810df190a6bb29	188	CDD	cd03768	SR_ResInv	2	127	1.71473E-55	T	13-04-2026	-	-	-	-
NZ_CP092371.1_10906-21471:._5	1e67aaa98a7232b40b810df190a6bb29	188	Pfam	PF02796	Helix-turn-helix domain of resolvase	139	183	1.9E-4	T	13-04-2026	IPR006120	Resolvase, HTH domain	-	-
NZ_CP092371.1_10906-21471:._5	1e67aaa98a7232b40b810df190a6bb29	188	Pfam	PF00239	Resolvase, N terminal domain	3	135	4.3E-39	T	13-04-2026	IPR006119	Resolvase, N-terminal catalytic domain	-	-
NZ_CP110003.1_1-5567:._1	1e67aaa98a7232b40b810df190a6bb29	188	CDD	cd03768	SR_ResInv	2	127	1.71473E-55	T	13-04-2026	-	-	-	-
NZ_CP110003.1_1-5567:._1	1e67aaa98a7232b40b810df190a6bb29	188	Pfam	PF02796	Helix-turn-helix domain of resolvase	139	183	1.9E-4	T	13-04-2026	IPR006120	Resolvase, HTH domain	-	-
NZ_CP110003.1_1-5567:._1	1e67aaa98a7232b40b810df190a6bb29	188	Pfam	PF00239	Resolvase, N terminal domain	3	135	4.3E-39	T	13-04-2026	IPR006119	Resolvase, N-terminal catalytic domain	-	-
NZ_OY997410.1_1109465-1119655:._7	75feb7e4095382a55ecfb12aabe54763	63	Pfam	PF00239	Resolvase, N terminal domain	3	35	0.0024	T	13-04-2026	IPR006119	Resolvase, N-terminal catalytic domain	-	-
NZ_CP016374.1_1840671-1851227:._6	30b8f144a05d8ee5e91616a1ed538735	185	CDD	cd03768	SR_ResInv	2	127	4.65278E-57	T	13-04-2026	-	-	-	-
NZ_CP016374.1_1840671-1851227:._6	30b8f144a05d8ee5e91616a1ed538735	185	Pfam	PF02796	Helix-turn-helix domain of resolvase	139	183	5.9E-4	T	13-04-2026	IPR006120	Resolvase, HTH domain	-	-
NZ_CP016374.1_1840671-1851227:._6	30b8f144a05d8ee5e91616a1ed538735	185	Pfam	PF00239	Resolvase, N terminal domain	2	136	3.2E-39	T	13-04-2026	IPR006119	Resolvase, N-terminal catalytic domain	-	-
NZ_CP072339.1_1316605-1328361:._4	bcbae9e6d986d0cc938c94ec32312b23	327	Pfam	PF00535	Glycosyl transferase family 2	18	147	2.5E-21	T	13-04-2026	IPR001173	Glycosyltransferase 2-like	-	-
NZ_CP072339.1_1316605-1328361:._4	bcbae9e6d986d0cc938c94ec32312b23	327	CDD	cd00761	Glyco_tranf_GTA_type	20	129	1.15457E-18	T	13-04-2026	-	-	-	-
NZ_CP033934.1_78870-89474:._4	269700871bce9a10e12f2e655d40c47c	246	Pfam	PF12725	Protein of unknown function (DUF3810)	1	238	2.2E-53	T	13-04-2026	IPR024294	Protein of unknown function DUF3810	-	-
NC_010830.1_107438-117994:._1	ac12e804125f35ae477bacac2e99faea	523	Pfam	PF07549	SecD/SecF GG Motif	227	248	0.0026	T	13-04-2026	IPR022646	Protein-export membrane protein SecD/SecF/SecDF, conserved site	-	-
NC_010830.1_107438-117994:._1	ac12e804125f35ae477bacac2e99faea	523	Pfam	PF02355	Protein export membrane protein	4	175	1.5E-20	T	13-04-2026	IPR048634	Protein export membrane protein SecD/SecF, C-terminal	-	-
NC_010830.1_107438-117994:._1	ac12e804125f35ae477bacac2e99faea	523	Pfam	PF02355	Protein export membrane protein	320	505	8.2E-52	T	13-04-2026	IPR048634	Protein export membrane protein SecD/SecF, C-terminal	-	-
NZ_CP193656.1_3635614-3646293:._3	e9ac6623230ae5f733c993620fab3996	166	Pfam	PF01272	Transcription elongation factor, GreA/GreB, C-term	90	166	6.7E-15	T	13-04-2026	IPR001437	Transcription elongation factor, GreA/GreB, C-terminal	-	-
NZ_CP192719.1_483286-494961:._4	b6a2f616ebcf30302aa6805498d7c65e	217	Pfam	PF12990	Domain of unknonw function from B. Theta Gene description (DUF3874)	145	214	1.7E-22	T	13-04-2026	IPR024450	Domain of unknown function DUF3874	-	-
NZ_CP192719.1_483286-494961:._4	b6a2f616ebcf30302aa6805498d7c65e	217	Pfam	PF05272	Virulence-associated protein E-like domain	3	141	4.4E-18	T	13-04-2026	IPR007936	Virulence-associated protein E-like domain	-	-
NZ_CP171010.1_321704-332272:._4	af77a1211768fb99eb103bc41ffb74ce	103	Pfam	PF10543	ORF6N domain	14	98	3.0E-29	T	13-04-2026	IPR018873	KilA-N, DNA-binding domain	-	-
NZ_CP081299.1_7335084-7345685:._12	64d09e88faf48e0395fd4531da1ebd8c	239	Pfam	PF08667	BetR domain	56	108	0.19	T	13-04-2026	IPR013975	Transcription regulator BetR, N-terminal	-	-
NZ_CP025096.1_8554097-8564680:._8	3175ab0d947f7772c3cb1f3acdaa96b4	168	Pfam	PF01548	Transposase	10	152	1.5E-10	T	13-04-2026	IPR002525	Transposase IS110-like, N-terminal	-	-
NZ_CP089538.1_2526952-2537580:._3	d14515158cf0627e19fa6d6ef827fc8a	212	Pfam	PF11185	Protein of unknown function (DUF2971)	75	145	8.7E-5	T	13-04-2026	IPR021352	Protein of unknown function DUF2971	-	-
NZ_CP081907.1_47128-57723:._5	fc50f7e6f6a3afbef0904bea45dffd87	94	Pfam	PF00216	Bacterial DNA-binding protein	1	89	2.0E-21	T	13-04-2026	IPR000119	Histone-like DNA-binding protein	-	-
NZ_CP081907.1_47128-57723:._5	fc50f7e6f6a3afbef0904bea45dffd87	94	CDD	cd13836	IHF_B	1	85	1.03881E-31	T	13-04-2026	-	-	-	-
NZ_CP069564.1_87419-98014:._5	fc50f7e6f6a3afbef0904bea45dffd87	94	Pfam	PF00216	Bacterial DNA-binding protein	1	89	2.0E-21	T	13-04-2026	IPR000119	Histone-like DNA-binding protein	-	-
NZ_CP069564.1_87419-98014:._5	fc50f7e6f6a3afbef0904bea45dffd87	94	CDD	cd13836	IHF_B	1	85	1.03881E-31	T	13-04-2026	-	-	-	-
NZ_CP143942.1_80606-91201:._12	fc50f7e6f6a3afbef0904bea45dffd87	94	Pfam	PF00216	Bacterial DNA-binding protein	1	89	2.0E-21	T	13-04-2026	IPR000119	Histone-like DNA-binding protein	-	-
NZ_CP143942.1_80606-91201:._12	fc50f7e6f6a3afbef0904bea45dffd87	94	CDD	cd13836	IHF_B	1	85	1.03881E-31	T	13-04-2026	-	-	-	-
NZ_CP131534.1_3163299-3173894:._12	fc50f7e6f6a3afbef0904bea45dffd87	94	Pfam	PF00216	Bacterial DNA-binding protein	1	89	2.0E-21	T	13-04-2026	IPR000119	Histone-like DNA-binding protein	-	-
NZ_CP131534.1_3163299-3173894:._12	fc50f7e6f6a3afbef0904bea45dffd87	94	CDD	cd13836	IHF_B	1	85	1.03881E-31	T	13-04-2026	-	-	-	-
NZ_CP072241.1_51837-62432:._12	fc50f7e6f6a3afbef0904bea45dffd87	94	Pfam	PF00216	Bacterial DNA-binding protein	1	89	2.0E-21	T	13-04-2026	IPR000119	Histone-like DNA-binding protein	-	-
NZ_CP072241.1_51837-62432:._12	fc50f7e6f6a3afbef0904bea45dffd87	94	CDD	cd13836	IHF_B	1	85	1.03881E-31	T	13-04-2026	-	-	-	-
NZ_CP072245.1_55835-66430:._12	fc50f7e6f6a3afbef0904bea45dffd87	94	Pfam	PF00216	Bacterial DNA-binding protein	1	89	2.0E-21	T	13-04-2026	IPR000119	Histone-like DNA-binding protein	-	-
NZ_CP072245.1_55835-66430:._12	fc50f7e6f6a3afbef0904bea45dffd87	94	CDD	cd13836	IHF_B	1	85	1.03881E-31	T	13-04-2026	-	-	-	-
NZ_CP072219.1_51842-62437:._12	fc50f7e6f6a3afbef0904bea45dffd87	94	Pfam	PF00216	Bacterial DNA-binding protein	1	89	2.0E-21	T	13-04-2026	IPR000119	Histone-like DNA-binding protein	-	-
NZ_CP072219.1_51842-62437:._12	fc50f7e6f6a3afbef0904bea45dffd87	94	CDD	cd13836	IHF_B	1	85	1.03881E-31	T	13-04-2026	-	-	-	-
NZ_CP072211.1_51838-62433:._12	fc50f7e6f6a3afbef0904bea45dffd87	94	Pfam	PF00216	Bacterial DNA-binding protein	1	89	2.0E-21	T	13-04-2026	IPR000119	Histone-like DNA-binding protein	-	-
NZ_CP072211.1_51838-62433:._12	fc50f7e6f6a3afbef0904bea45dffd87	94	CDD	cd13836	IHF_B	1	85	1.03881E-31	T	13-04-2026	-	-	-	-
NZ_CP072230.1_55830-66425:._12	fc50f7e6f6a3afbef0904bea45dffd87	94	Pfam	PF00216	Bacterial DNA-binding protein	1	89	2.0E-21	T	13-04-2026	IPR000119	Histone-like DNA-binding protein	-	-
NZ_CP072230.1_55830-66425:._12	fc50f7e6f6a3afbef0904bea45dffd87	94	CDD	cd13836	IHF_B	1	85	1.03881E-31	T	13-04-2026	-	-	-	-
NZ_AP019726.1_81904-92499:._12	fc50f7e6f6a3afbef0904bea45dffd87	94	Pfam	PF00216	Bacterial DNA-binding protein	1	89	2.0E-21	T	13-04-2026	IPR000119	Histone-like DNA-binding protein	-	-
NZ_AP019726.1_81904-92499:._12	fc50f7e6f6a3afbef0904bea45dffd87	94	CDD	cd13836	IHF_B	1	85	1.03881E-31	T	13-04-2026	-	-	-	-
NZ_CP072233.1_55833-66428:._12	fc50f7e6f6a3afbef0904bea45dffd87	94	Pfam	PF00216	Bacterial DNA-binding protein	1	89	2.0E-21	T	13-04-2026	IPR000119	Histone-like DNA-binding protein	-	-
NZ_CP072233.1_55833-66428:._12	fc50f7e6f6a3afbef0904bea45dffd87	94	CDD	cd13836	IHF_B	1	85	1.03881E-31	T	13-04-2026	-	-	-	-
NZ_CP143950.1_88416-99011:._12	fc50f7e6f6a3afbef0904bea45dffd87	94	Pfam	PF00216	Bacterial DNA-binding protein	1	89	2.0E-21	T	13-04-2026	IPR000119	Histone-like DNA-binding protein	-	-
NZ_CP143950.1_88416-99011:._12	fc50f7e6f6a3afbef0904bea45dffd87	94	CDD	cd13836	IHF_B	1	85	1.03881E-31	T	13-04-2026	-	-	-	-
NZ_CP072253.1_51844-62439:._12	fc50f7e6f6a3afbef0904bea45dffd87	94	Pfam	PF00216	Bacterial DNA-binding protein	1	89	2.0E-21	T	13-04-2026	IPR000119	Histone-like DNA-binding protein	-	-
NZ_CP072253.1_51844-62439:._12	fc50f7e6f6a3afbef0904bea45dffd87	94	CDD	cd13836	IHF_B	1	85	1.03881E-31	T	13-04-2026	-	-	-	-
NZ_CP072228.1_51839-62434:._12	fc50f7e6f6a3afbef0904bea45dffd87	94	Pfam	PF00216	Bacterial DNA-binding protein	1	89	2.0E-21	T	13-04-2026	IPR000119	Histone-like DNA-binding protein	-	-
NZ_CP072228.1_51839-62434:._12	fc50f7e6f6a3afbef0904bea45dffd87	94	CDD	cd13836	IHF_B	1	85	1.03881E-31	T	13-04-2026	-	-	-	-
NZ_CP081905.1_30585-41180:._5	fc50f7e6f6a3afbef0904bea45dffd87	94	Pfam	PF00216	Bacterial DNA-binding protein	1	89	2.0E-21	T	13-04-2026	IPR000119	Histone-like DNA-binding protein	-	-
NZ_CP081905.1_30585-41180:._5	fc50f7e6f6a3afbef0904bea45dffd87	94	CDD	cd13836	IHF_B	1	85	1.03881E-31	T	13-04-2026	-	-	-	-
NZ_CP072223.1_86752-97347:._5	fc50f7e6f6a3afbef0904bea45dffd87	94	Pfam	PF00216	Bacterial DNA-binding protein	1	89	2.0E-21	T	13-04-2026	IPR000119	Histone-like DNA-binding protein	-	-
NZ_CP072223.1_86752-97347:._5	fc50f7e6f6a3afbef0904bea45dffd87	94	CDD	cd13836	IHF_B	1	85	1.03881E-31	T	13-04-2026	-	-	-	-
NZ_CP072238.1_51863-62458:._12	fc50f7e6f6a3afbef0904bea45dffd87	94	Pfam	PF00216	Bacterial DNA-binding protein	1	89	2.0E-21	T	13-04-2026	IPR000119	Histone-like DNA-binding protein	-	-
NZ_CP072238.1_51863-62458:._12	fc50f7e6f6a3afbef0904bea45dffd87	94	CDD	cd13836	IHF_B	1	85	1.03881E-31	T	13-04-2026	-	-	-	-
NZ_OX596082.1_1428453-1439090:._8	0bedb91cdf0e9fd2768357e1c3d4331c	241	Pfam	PF13715	CarboxypepD_reg-like domain	23	104	4.6E-5	T	13-04-2026	-	-	-	-
NZ_OX596081.1_1428450-1439087:._8	0bedb91cdf0e9fd2768357e1c3d4331c	241	Pfam	PF13715	CarboxypepD_reg-like domain	23	104	4.6E-5	T	13-04-2026	-	-	-	-
NZ_CP114768.1_24102-34712:._5	87b22c6c66fdfa596dbde375aa32587a	213	Pfam	PF00111	2Fe-2S iron-sulfur cluster binding domain	68	116	9.6E-6	T	13-04-2026	IPR001041	2Fe-2S ferredoxin-type iron-sulfur binding domain	-	-
NZ_CP114768.1_24102-34712:._5	87b22c6c66fdfa596dbde375aa32587a	213	CDD	cd00207	fer2	64	124	1.01779E-6	T	13-04-2026	IPR001041	2Fe-2S ferredoxin-type iron-sulfur binding domain	-	-
NZ_CP114768.1_24102-34712:._5	87b22c6c66fdfa596dbde375aa32587a	213	Pfam	PF01799	[2Fe-2S] binding domain	134	207	3.7E-27	T	13-04-2026	IPR002888	[2Fe-2S]-binding	-	-
NZ_CP066883.1_3742481-3753091:._1	c59492d4fefbeb90e3af5ea7096251f9	363	CDD	cd01700	PolY_Pol_V_umuC	1	290	6.55457E-103	T	13-04-2026	-	-	-	-
NZ_CP066883.1_3742481-3753091:._1	c59492d4fefbeb90e3af5ea7096251f9	363	Pfam	PF11799	impB/mucB/samB family C-terminal domain	185	301	4.2E-18	T	13-04-2026	IPR017961	DNA polymerase, Y-family, little finger domain	-	-
NZ_CP066883.1_3742481-3753091:._1	c59492d4fefbeb90e3af5ea7096251f9	363	Pfam	PF13438	Domain of unknown function (DUF4113)	313	361	7.9E-10	T	13-04-2026	IPR025188	Domain of unknown function DUF4113	-	-
NZ_CP066883.1_3742481-3753091:._1	c59492d4fefbeb90e3af5ea7096251f9	363	Pfam	PF00817	impB/mucB/samB family	9	92	4.8E-13	T	13-04-2026	IPR001126	UmuC domain	-	-
NZ_CP065589.1_4744455-4755017:._8	bad82c5ecf8d5e019578a7896b1cbdac	278	Pfam	PF02086	D12 class N6 adenine-specific DNA methyltransferase	15	252	2.6E-44	T	13-04-2026	IPR012327	D12 class N6 adenine-specific DNA methyltransferase	-	-
NZ_CP115859.1_474741-485300:._1	c061661e2a3b9fe0997dfd7d4e65ff70	156	CDD	cd00090	HTH_ARSR	7	57	2.86698E-7	T	13-04-2026	IPR011991	ArsR-like helix-turn-helix domain	-	-
NZ_CP115859.1_474741-485300:._1	c061661e2a3b9fe0997dfd7d4e65ff70	156	Pfam	PF13412	Winged helix-turn-helix DNA-binding	9	55	3.9E-14	T	13-04-2026	-	-	-	-
NZ_CP115859.1_474741-485300:._1	c061661e2a3b9fe0997dfd7d4e65ff70	156	Pfam	PF01037	Lrp/AsnC ligand binding domain	80	147	3.9E-15	T	13-04-2026	IPR019887	Transcription regulator AsnC/Lrp, ligand binding domain	-	-
NZ_CP147519.1_306556-317139:._4	efe5071e4a4038dcc5d5117869d157b6	209	Pfam	PF00239	Resolvase, N terminal domain	4	153	2.7E-29	T	13-04-2026	IPR006119	Resolvase, N-terminal catalytic domain	-	-
NZ_CP147519.1_306556-317139:._4	efe5071e4a4038dcc5d5117869d157b6	209	CDD	cd03768	SR_ResInv	4	143	1.02888E-26	T	13-04-2026	-	-	-	-
NC_015164.1_34583-45172:._5	bf10396b42f598244f9742cf64c988d3	1089	CDD	cd18793	SF2_C_SNF	663	804	3.09841E-25	T	13-04-2026	IPR049730	SNF2/RAD5-like, C-terminal helicase domain	-	-
NC_015164.1_34583-45172:._5	bf10396b42f598244f9742cf64c988d3	1089	CDD	cd09178	PLDc_N_Snf2_like	5	193	3.67834E-42	T	13-04-2026	-	-	-	-
NC_015164.1_34583-45172:._5	bf10396b42f598244f9742cf64c988d3	1089	Pfam	PF00271	Helicase conserved C-terminal domain	685	792	2.6E-13	T	13-04-2026	IPR001650	Helicase, C-terminal domain-like	-	-
NC_015164.1_34583-45172:._5	bf10396b42f598244f9742cf64c988d3	1089	Pfam	PF13091	PLD-like domain	102	190	1.4E-6	T	13-04-2026	IPR025202	Phospholipase D-like domain	-	-
NC_015164.1_34583-45172:._5	bf10396b42f598244f9742cf64c988d3	1089	Pfam	PF00176	SNF2-related domain	344	508	0.033	T	13-04-2026	IPR000330	SNF2, N-terminal	-	-
NZ_OX030782.1_4641479-4652074:._10	fb1ff3a09d293dd09a67ea38b16bba30	359	Pfam	PF20282	C-terminal domain 6 of the ABC-three component (ABC-3C) systems	230	358	5.8E-34	T	13-04-2026	IPR046914	ABC-three component systems, C-terminal domain 6	-	-
NC_015703.1_4519906-4530483:._11	471b3542a2a6e86edfeec5c30452c436	200	Pfam	PF01551	Peptidase family M23	66	163	6.0E-13	T	13-04-2026	IPR016047	Peptidase M23	-	-
NC_015703.1_4519906-4530483:._11	471b3542a2a6e86edfeec5c30452c436	200	CDD	cd12797	M23_peptidase	66	161	3.91016E-17	T	13-04-2026	-	-	-	-
NZ_CP152355.1_5086-14492:._6	48495097c08d952526b000ca578a0d44	355	Pfam	PF13412	Winged helix-turn-helix DNA-binding	296	339	1.0E-4	T	13-04-2026	-	-	-	-
NZ_CP152355.1_5086-14492:._6	48495097c08d952526b000ca578a0d44	355	Pfam	PF02661	Fic/DOC family	91	208	9.3E-16	T	13-04-2026	IPR003812	Fido domain	-	-
NZ_OZ409824.1_5101300-5111901:._8	8ee4b39d56df428c21763b2ada770ab6	331	Pfam	PF10017	Histidine-specific methyltransferase, SAM-dependent	24	327	4.3E-94	T	13-04-2026	IPR019257	Histidine-specific methyltransferase, SAM-dependent	-	-
NZ_CM148647.1_2723775-2734409:._6	0b9b02daa1777d90088bd520ae6750bb	211	Pfam	PF02796	Helix-turn-helix domain of resolvase	150	196	2.8E-4	T	13-04-2026	IPR006120	Resolvase, HTH domain	-	-
NZ_CM148647.1_2723775-2734409:._6	0b9b02daa1777d90088bd520ae6750bb	211	Pfam	PF00239	Resolvase, N terminal domain	15	148	4.0E-45	T	13-04-2026	IPR006119	Resolvase, N-terminal catalytic domain	-	-
NZ_CM148647.1_2723775-2734409:._6	0b9b02daa1777d90088bd520ae6750bb	211	CDD	cd03768	SR_ResInv	14	138	2.84962E-63	T	13-04-2026	-	-	-	-
NZ_CM148639.1_2733309-2743943:._7	0b9b02daa1777d90088bd520ae6750bb	211	Pfam	PF02796	Helix-turn-helix domain of resolvase	150	196	2.8E-4	T	13-04-2026	IPR006120	Resolvase, HTH domain	-	-
NZ_CM148639.1_2733309-2743943:._7	0b9b02daa1777d90088bd520ae6750bb	211	Pfam	PF00239	Resolvase, N terminal domain	15	148	4.0E-45	T	13-04-2026	IPR006119	Resolvase, N-terminal catalytic domain	-	-
NZ_CM148639.1_2733309-2743943:._7	0b9b02daa1777d90088bd520ae6750bb	211	CDD	cd03768	SR_ResInv	14	138	2.84962E-63	T	13-04-2026	-	-	-	-
NZ_CP172273.1_2772056-2782690:._6	0b9b02daa1777d90088bd520ae6750bb	211	Pfam	PF02796	Helix-turn-helix domain of resolvase	150	196	2.8E-4	T	13-04-2026	IPR006120	Resolvase, HTH domain	-	-
NZ_CP172273.1_2772056-2782690:._6	0b9b02daa1777d90088bd520ae6750bb	211	Pfam	PF00239	Resolvase, N terminal domain	15	148	4.0E-45	T	13-04-2026	IPR006119	Resolvase, N-terminal catalytic domain	-	-
NZ_CP172273.1_2772056-2782690:._6	0b9b02daa1777d90088bd520ae6750bb	211	CDD	cd03768	SR_ResInv	14	138	2.84962E-63	T	13-04-2026	-	-	-	-
NZ_CM148639.1_2745888-2756492:._15	1c41edf3cb4b092a934bb5821f5ffdee	234	Pfam	PF13310	Virulence protein RhuM family	62	232	4.7E-78	T	13-04-2026	IPR011204	Virulence protein RhuM-like	-	-
NZ_OZ409839.1_326389-336990:._12	52c85e8dbddf68f91598d32c222cef73	315	Pfam	PF03432	Relaxase/Mobilisation nuclease domain	9	239	8.7E-29	T	13-04-2026	IPR005094	MobA/VirD2-like, nuclease domain	-	-
NZ_CP087585.1_3158408-3169009:._4	858110337e4609ade183ceaea615e12a	184	Pfam	PF04542	Sigma-70 region 2	28	93	1.6E-4	T	13-04-2026	IPR007627	RNA polymerase sigma-70 region 2	-	-
NZ_CP006576.1_3840682-3851322:._7	a620a24db8d2f3c23a1492971a5d7aea	648	CDD	cd00338	Ser_Recombinase	4	141	1.63569E-21	T	13-04-2026	-	-	-	-
NZ_CP006576.1_3840682-3851322:._7	a620a24db8d2f3c23a1492971a5d7aea	648	Pfam	PF13408	Recombinase zinc beta ribbon domain	294	350	3.3E-13	T	13-04-2026	IPR025827	Recombinase zinc beta ribbon domain	-	-
NZ_CP006576.1_3840682-3851322:._7	a620a24db8d2f3c23a1492971a5d7aea	648	Pfam	PF07508	Recombinase	173	281	3.6E-11	T	13-04-2026	IPR011109	DNA-binding recombinase domain	-	-
NZ_CP006576.1_3840682-3851322:._7	a620a24db8d2f3c23a1492971a5d7aea	648	Pfam	PF00239	Resolvase, N terminal domain	4	151	1.8E-13	T	13-04-2026	IPR006119	Resolvase, N-terminal catalytic domain	-	-
NZ_CP094997.1_809047-819648:._7	920307fc62f745db33eda2de8fc81a73	645	Pfam	PF03150	Di-haem cytochrome c peroxidase	316	467	2.2E-44	T	13-04-2026	IPR004852	Di-haem cytochrome c peroxidase	-	-
NZ_CP012937.1_5202558-5214371:._13	5c1bd68c0acd542651985f141418e566	339	Pfam	PF12987	Domain of unknown function, B. Theta Gene description (DUF3871)	22	338	9.3E-163	T	13-04-2026	IPR024353	Protein of unknown function DUF3871	-	-
NZ_CP056775.1_980430-990995:._6	5febaaf3a31153c4582e1c9b819d857c	554	Pfam	PF05598	Transposase domain (DUF772)	51	125	9.1E-15	T	13-04-2026	IPR008490	Transposase InsH, N-terminal	-	-
NZ_CP056775.1_980430-990995:._6	5febaaf3a31153c4582e1c9b819d857c	554	Pfam	PF13751	Transposase DDE domain	349	470	5.7E-17	T	13-04-2026	IPR025668	Transposase DDE domain	-	-
NZ_CP152475.1_3982608-3993212:._11	6dff50f40d68c8abe89f8feaa28b4c85	221	Pfam	PF01609	Transposase DDE domain	17	131	0.061	T	13-04-2026	IPR002559	Transposase IS4-like domain	-	-
NZ_CP152475.1_3982608-3993212:._11	6dff50f40d68c8abe89f8feaa28b4c85	221	Pfam	PF13751	Transposase DDE domain	134	216	0.013	T	13-04-2026	IPR025668	Transposase DDE domain	-	-
NZ_CP030851.1_33300-43901:._8	a5fced0523b34f7f2fa20111efc13bdd	140	Pfam	PF13276	HTH-like domain	56	105	2.0E-4	T	13-04-2026	IPR025948	HTH-like domain	-	-
NZ_CP117880.1_596108-606379:._3	bee526d41339ab3f303ef7dc9b5a4cea	332	CDD	cd19481	RecA-like_protease	103	253	3.38369E-44	T	13-04-2026	-	-	-	-
NZ_CP117880.1_596108-606379:._3	bee526d41339ab3f303ef7dc9b5a4cea	332	Pfam	PF00004	ATPase family associated with various cellular activities (AAA)	131	254	1.8E-24	T	13-04-2026	IPR003959	ATPase, AAA-type, core	-	-
NZ_CP116008.1_388998-399602:._13	416e64dc36991a8c75df46a19659cb90	393	Pfam	PF00932	Lamin Tail Domain	20	143	5.3E-7	T	13-04-2026	IPR001322	Lamin tail domain	-	-
NZ_CP056775.1_980430-990995:._15	18a9917b221cf3a97b5b442aec229233	227	Pfam	PF05368	NmrA-like family	3	217	7.3E-25	T	13-04-2026	IPR008030	NmrA-like domain	-	-
NZ_CP033918.1_3313892-3324232:._11	a71f4ae584ef3ec67fc0cd040a1d41f1	370	Pfam	PF00899	ThiF family	105	262	5.0E-25	T	13-04-2026	IPR000594	THIF-type NAD/FAD binding fold	-	-
NZ_CP092371.1_10906-21471:._6	dcced93fc627302b1e7de8221b70dc30	187	Pfam	PF13470	PIN domain	8	114	5.7E-9	T	13-04-2026	IPR002716	PIN domain	-	-
NZ_CP176634.1_1094783-1106443:._5	0f1585ef7d3aea336ce041926a2d1b3d	362	Pfam	PF14491	Protein of unknown function (DUF4435)	37	275	2.2E-35	T	13-04-2026	IPR029492	Domain of unknown function DUF4435	-	-
NZ_OZ260103.1_4084383-4094978:._10	8586204471ac7f242cf460467c277d63	283	Pfam	PF13541	Subunit ChlI of Mg-chelatase	20	141	5.6E-43	T	13-04-2026	-	-	-	-
NZ_OZ260103.1_4084383-4094978:._10	8586204471ac7f242cf460467c277d63	283	Pfam	PF01078	Magnesium chelatase, subunit ChlI	193	280	1.3E-32	T	13-04-2026	IPR000523	Magnesium chelatase ChlI-like, catalytic domain	-	-
NZ_CP198979.1_334542-345179:._6	aaaca98f8240a4d8d477cb2a93229d84	179	Pfam	PF07275	Antirestriction protein (ArdA)	13	175	5.2E-20	T	13-04-2026	IPR009899	Antirestriction	-	-
NZ_CP049908.1_225723-236333:._9	dbb9baa6b18e41926866def5cf213211	155	CDD	cd06529	S24_LexA-like	55	136	1.80776E-28	T	13-04-2026	IPR039418	LexA-like	-	-
NZ_CP049908.1_225723-236333:._9	dbb9baa6b18e41926866def5cf213211	155	Pfam	PF00717	Peptidase S24-like	20	135	1.8E-28	T	13-04-2026	IPR015927	Peptidase S24/S26A/S26B/S26C	-	-
NZ_CP130738.1_353416-363531:._3	e2b3b3de8ef8d3b17a7dff3ce700130c	138	Pfam	PF01475	Ferric uptake regulator family	10	113	2.0E-6	T	13-04-2026	IPR002481	Ferric-uptake regulator	-	-
NC_015160.1_3554654-3565171:._8	4ea2340fb7cfc15d3e3e86d0d833f534	401	Pfam	PF13535	ATP-grasp domain	139	283	6.9E-9	T	13-04-2026	-	-	-	-
NZ_LT906459.1_3554432-3565048:._9	4ea2340fb7cfc15d3e3e86d0d833f534	401	Pfam	PF13535	ATP-grasp domain	139	283	6.9E-9	T	13-04-2026	-	-	-	-
NZ_CP198980.1_1327920-1338557:._3	1716ad7c0e0fa34230d7985446a0db51	84	Pfam	PF01649	Ribosomal protein S20	2	81	2.2E-22	T	13-04-2026	IPR002583	Small ribosomal subunit protein bS20	-	-
NZ_CP016373.1_1241352-1251989:._3	1716ad7c0e0fa34230d7985446a0db51	84	Pfam	PF01649	Ribosomal protein S20	2	81	2.2E-22	T	13-04-2026	IPR002583	Small ribosomal subunit protein bS20	-	-
NZ_CP198979.1_334542-345179:._3	1716ad7c0e0fa34230d7985446a0db51	84	Pfam	PF01649	Ribosomal protein S20	2	81	2.2E-22	T	13-04-2026	IPR002583	Small ribosomal subunit protein bS20	-	-
NZ_CP198981.1_3845293-3855930:._7	1716ad7c0e0fa34230d7985446a0db51	84	Pfam	PF01649	Ribosomal protein S20	2	81	2.2E-22	T	13-04-2026	IPR002583	Small ribosomal subunit protein bS20	-	-
NZ_CP069277.1_3007011-3017648:._7	1716ad7c0e0fa34230d7985446a0db51	84	Pfam	PF01649	Ribosomal protein S20	2	81	2.2E-22	T	13-04-2026	IPR002583	Small ribosomal subunit protein bS20	-	-
NZ_CP023010.2_126289-136926:._3	1716ad7c0e0fa34230d7985446a0db51	84	Pfam	PF01649	Ribosomal protein S20	2	81	2.2E-22	T	13-04-2026	IPR002583	Small ribosomal subunit protein bS20	-	-
NZ_CM148646.1_2068858-2079456:._4	8a4b3abc63b95bfdc0d6f2defb70274a	648	CDD	cd00338	Ser_Recombinase	4	141	1.18793E-21	T	13-04-2026	-	-	-	-
NZ_CM148646.1_2068858-2079456:._4	8a4b3abc63b95bfdc0d6f2defb70274a	648	Pfam	PF13408	Recombinase zinc beta ribbon domain	294	350	2.6E-13	T	13-04-2026	IPR025827	Recombinase zinc beta ribbon domain	-	-
NZ_CM148646.1_2068858-2079456:._4	8a4b3abc63b95bfdc0d6f2defb70274a	648	Pfam	PF00239	Resolvase, N terminal domain	4	151	2.1E-13	T	13-04-2026	IPR006119	Resolvase, N-terminal catalytic domain	-	-
NZ_CM148646.1_2068858-2079456:._4	8a4b3abc63b95bfdc0d6f2defb70274a	648	Pfam	PF07508	Recombinase	173	281	2.7E-11	T	13-04-2026	IPR011109	DNA-binding recombinase domain	-	-
NC_015703.1_4519906-4530483:._8	4b81901bc6da04803354b08d14723ee5	272	CDD	cd01185	INTN1_C_like	80	262	3.92494E-49	T	13-04-2026	-	-	-	-
NC_015703.1_4519906-4530483:._8	4b81901bc6da04803354b08d14723ee5	272	Pfam	PF00589	Phage integrase family	101	257	6.4E-11	T	13-04-2026	IPR002104	Integrase, catalytic domain	-	-
NZ_CP139137.1_4120948-4131552:._9	b454af29ac13fcd19a897d44abe3792b	452	CDD	cd05313	NAD_bind_2_Glu_DH	198	451	7.50968E-155	T	13-04-2026	IPR033922	NAD(P) binding domain of glutamate dehydrogenase	-	-
NZ_CP139137.1_4120948-4131552:._9	b454af29ac13fcd19a897d44abe3792b	452	Pfam	PF00208	Glutamate/Leucine/Phenylalanine/Valine dehydrogenase	205	450	1.2E-82	T	13-04-2026	IPR006096	Glutamate/phenylalanine/leucine/valine/L-tryptophan dehydrogenase, C-terminal	-	-
NZ_CP139137.1_4120948-4131552:._9	b454af29ac13fcd19a897d44abe3792b	452	Pfam	PF02812	Glu/Leu/Phe/Val dehydrogenase, dimerisation domain	61	188	2.4E-48	T	13-04-2026	IPR006097	Glutamate/phenylalanine/leucine/valine/L-tryptophan dehydrogenase, dimerisation domain	-	-
NZ_CP146517.1_1634569-1644945:._2	1b719acfc8722026fca74e6345ca45f2	867	Pfam	PF18939	Family of unknown function (DUF5686)	126	788	2.7E-41	T	13-04-2026	IPR043741	Family of unknown function DUF5686	-	-
NZ_CP146517.1_1634569-1644945:._2	1b719acfc8722026fca74e6345ca45f2	867	Pfam	PF13715	CarboxypepD_reg-like domain	27	108	1.1E-9	T	13-04-2026	-	-	-	-
NZ_CP030854.1_26986-37599:._3	8dad2100333f657fd3726862a63068db	394	CDD	cd00009	AAA	22	125	6.56567E-8	T	13-04-2026	-	-	-	-
NZ_CP030854.1_26986-37599:._3	8dad2100333f657fd3726862a63068db	394	Pfam	PF13173	AAA domain	18	138	6.7E-23	T	13-04-2026	IPR041682	AAA domain, group 14	-	-
NZ_CP030854.1_26986-37599:._3	8dad2100333f657fd3726862a63068db	394	Pfam	PF13635	Domain of unknown function (DUF4143)	196	336	6.5E-25	T	13-04-2026	IPR025420	Domain of unknown function DUF4143	-	-
NZ_CP091790.1_278519-289078:._11	373c71be3bf29d014273ba91b3e19b1a	376	Pfam	PF20582	UPF0758 N-terminal	155	232	2.3E-14	T	13-04-2026	IPR046778	UPF0758, N-terminal	-	-
NZ_CP091790.1_278519-289078:._11	373c71be3bf29d014273ba91b3e19b1a	376	CDD	cd08071	MPN_DUF2466	260	371	4.03473E-35	T	13-04-2026	IPR025657	RadC-like JAB domain	-	-
NZ_CP091790.1_278519-289078:._11	373c71be3bf29d014273ba91b3e19b1a	376	Pfam	PF04002	RadC-like JAB domain	258	373	5.1E-27	T	13-04-2026	IPR025657	RadC-like JAB domain	-	-
NZ_CP192719.1_483286-494961:._2	87ee447f4cbc47b67e83b89a7df6e054	321	Pfam	PF16344	FecR, C-terminal	249	314	2.4E-14	T	13-04-2026	IPR032508	Protein FecR, C-terminal	-	-
NZ_CP192719.1_483286-494961:._2	87ee447f4cbc47b67e83b89a7df6e054	321	Pfam	PF04773	FecR protein	115	206	2.3E-15	T	13-04-2026	IPR006860	FecR protein	-	-
NZ_CP006587.1_4757826-4767977:._6	f0b4db102eda5eef37628133610c2037	196	Pfam	PF07298	NnrU protein	4	182	1.4E-4	T	13-04-2026	IPR009915	NnrU domain	-	-
NZ_CP072249.1_7477-18069:._11	2dd19381d6710e162881208981d4c6f6	92	Pfam	PF00216	Bacterial DNA-binding protein	3	86	3.7E-22	T	13-04-2026	IPR000119	Histone-like DNA-binding protein	-	-
NZ_CP072249.1_7477-18069:._11	2dd19381d6710e162881208981d4c6f6	92	CDD	cd13836	IHF_B	3	86	6.9947E-25	T	13-04-2026	-	-	-	-
NZ_CP081299.1_1785944-1796431:._2	111caf40ea270ee45b34e2c4efd0dcc0	109	CDD	cd00090	HTH_ARSR	20	85	9.35881E-14	T	13-04-2026	IPR011991	ArsR-like helix-turn-helix domain	-	-
NZ_CP081299.1_1785944-1796431:._2	111caf40ea270ee45b34e2c4efd0dcc0	109	Pfam	PF01022	Bacterial regulatory protein, arsR family	26	70	3.3E-5	T	13-04-2026	IPR001845	HTH ArsR-type DNA-binding domain	-	-
NZ_CP055156.1_2346348-2356955:._2	23438647daa9736cd3e91d93e31a4b81	202	Pfam	PF00239	Resolvase, N terminal domain	4	136	2.2E-41	T	13-04-2026	IPR006119	Resolvase, N-terminal catalytic domain	-	-
NZ_CP055156.1_2346348-2356955:._2	23438647daa9736cd3e91d93e31a4b81	202	CDD	cd03768	SR_ResInv	3	127	1.04936E-59	T	13-04-2026	-	-	-	-
NZ_LT906459.1_3554432-3565048:._6	26738f780a7495cd7c6f7a41d4b517c1	205	Pfam	PF00239	Resolvase, N terminal domain	12	145	1.6E-39	T	13-04-2026	IPR006119	Resolvase, N-terminal catalytic domain	-	-
NZ_LT906459.1_3554432-3565048:._6	26738f780a7495cd7c6f7a41d4b517c1	205	Pfam	PF02796	Helix-turn-helix domain of resolvase	147	192	0.012	T	13-04-2026	IPR006120	Resolvase, HTH domain	-	-
NZ_LT906459.1_3554432-3565048:._6	26738f780a7495cd7c6f7a41d4b517c1	205	CDD	cd03768	SR_ResInv	12	135	9.38438E-54	T	13-04-2026	-	-	-	-
NZ_CP118631.1_4648428-4659014:._2	64fa2b95d64ad45052049b02eb0e537a	172	Pfam	PF18967	Pycsar effector protein	60	155	8.2E-9	T	13-04-2026	IPR043760	Pycsar effector protein	-	-
NZ_OZ245719.1_5125857-5136431:._4	bb039a63f887604404d5cd4e9829960c	752	CDD	cd02094	P-type_ATPase_Cu-like	108	748	0.0	T	13-04-2026	-	-	-	-
NZ_OZ245719.1_5125857-5136431:._4	bb039a63f887604404d5cd4e9829960c	752	Pfam	PF00403	Heavy-metal-associated domain	21	81	7.8E-11	T	13-04-2026	IPR006121	Heavy metal-associated domain, HMA	-	-
NZ_OZ245719.1_5125857-5136431:._4	bb039a63f887604404d5cd4e9829960c	752	CDD	cd00371	HMA	21	81	1.52858E-15	T	13-04-2026	IPR006121	Heavy metal-associated domain, HMA	-	-
NZ_OZ245719.1_5125857-5136431:._4	bb039a63f887604404d5cd4e9829960c	752	Pfam	PF00702	haloacid dehalogenase-like hydrolase	434	652	1.2E-31	T	13-04-2026	-	-	-	-
NZ_OZ245719.1_5125857-5136431:._4	bb039a63f887604404d5cd4e9829960c	752	Pfam	PF00122	E1-E2 ATPase	237	417	2.4E-55	T	13-04-2026	-	-	-	-
NZ_CP072215.1_43945-54537:._3	1e8e39d69f76debb4450fb68f1bd572d	159	Pfam	PF02518	Histidine kinase-, DNA gyrase B-, and HSP90-like ATPase	75	149	6.2E-10	T	13-04-2026	IPR003594	Histidine kinase/HSP90-like ATPase	-	-
NZ_CP152475.1_3982608-3993212:._14	6e965ee2a5d8dd299ee5e99f5457cc9f	224	CDD	cd00383	trans_reg_C	132	222	3.72504E-26	T	13-04-2026	IPR001867	OmpR/PhoB-type DNA-binding domain	-	-
NZ_CP152475.1_3982608-3993212:._14	6e965ee2a5d8dd299ee5e99f5457cc9f	224	CDD	cd17624	REC_OmpR_PmrA-like	3	117	1.59412E-45	T	13-04-2026	-	-	-	-
NZ_CP152475.1_3982608-3993212:._14	6e965ee2a5d8dd299ee5e99f5457cc9f	224	Pfam	PF00072	Response regulator receiver domain	3	112	3.4E-25	T	13-04-2026	IPR001789	Signal transduction response regulator, receiver domain	-	-
NZ_CP152475.1_3982608-3993212:._14	6e965ee2a5d8dd299ee5e99f5457cc9f	224	Pfam	PF00486	Transcriptional regulatory protein, C terminal	146	221	3.3E-12	T	13-04-2026	IPR001867	OmpR/PhoB-type DNA-binding domain	-	-
NZ_CP056032.1_1770823-1781409:._12	c4736e53c706161251154e3824683c42	396	Pfam	PF13102	Phage integrase SAM-like domain	120	213	5.3E-11	T	13-04-2026	IPR025269	Phage integrase SAM-like domain	-	-
NZ_CP056032.1_1770823-1781409:._12	c4736e53c706161251154e3824683c42	396	Pfam	PF00589	Phage integrase family	245	385	7.6E-18	T	13-04-2026	IPR002104	Integrase, catalytic domain	-	-
NZ_CP056032.1_1770823-1781409:._12	c4736e53c706161251154e3824683c42	396	CDD	cd01185	INTN1_C_like	240	387	9.6642E-43	T	13-04-2026	-	-	-	-
NZ_CP056032.1_1770823-1781409:._12	c4736e53c706161251154e3824683c42	396	Pfam	PF17293	Arm DNA-binding domain	21	90	0.078	T	13-04-2026	IPR035386	Arm, DNA-binding domain	-	-
NZ_CM148686.1_2917064-2927656:._7	2d8d374f11b11694722c8ec09f48626d	191	Pfam	PF20285	C-terminal domain 9 of the ABC-three component (ABC-3C) systems	67	185	2.1E-25	T	13-04-2026	IPR046911	ABC-three component systems, C-terminal domain 9	-	-
NZ_CP091790.1_278519-289078:._12	68d3ec235ac02351a4e4928232eb3504	517	Pfam	PF13102	Phage integrase SAM-like domain	100	175	9.2E-4	T	13-04-2026	IPR025269	Phage integrase SAM-like domain	-	-
NZ_CP094932.1_1506-12110:._14	b0adec4820543b194538bc4fa534853f	90	Pfam	PF06769	YoeB-like toxin of bacterial type II toxin-antitoxin system	6	87	3.6E-12	T	13-04-2026	IPR009614	Toxin YoeB	-	-
NZ_CP103375.1_3502053-3512636:._8	0c6327de82333e12b20370893df3ed61	465	Pfam	PF03008	Archaea bacterial proteins of unknown function	314	414	7.4E-13	T	13-04-2026	IPR004256	Domain of unknown function DUF234	-	-
NZ_CP103375.1_3502053-3512636:._8	0c6327de82333e12b20370893df3ed61	465	Pfam	PF01637	ATPase domain predominantly from Archaea	6	162	6.0E-10	T	13-04-2026	IPR011579	ATPase domain	-	-
NZ_CP081299.1_7408552-7419153:._13	2ff4526a9648e190e8b5651c2612b58c	327	Pfam	PF13738	Pyridine nucleotide-disulphide oxidoreductase	7	299	4.4E-31	T	13-04-2026	-	-	-	-
NZ_CP095061.1_546517-557088:._9	d9d09d9b069d5b5dc7e9669f50e2ad8a	718	Pfam	PF13646	HEAT repeats	374	459	3.3E-6	T	13-04-2026	-	-	-	-
NZ_CP095061.1_546517-557088:._9	d9d09d9b069d5b5dc7e9669f50e2ad8a	718	Pfam	PF13646	HEAT repeats	143	229	8.7E-5	T	13-04-2026	-	-	-	-
NZ_CP095061.1_546517-557088:._9	d9d09d9b069d5b5dc7e9669f50e2ad8a	718	Pfam	PF13646	HEAT repeats	275	361	1.4E-6	T	13-04-2026	-	-	-	-
NZ_CP094531.1_39741-50303:._3	7ac737a168e161d6024323b82c8246c7	189	CDD	cd04301	NAT_SF	108	149	2.686E-6	T	13-04-2026	-	-	-	-
NZ_CP094531.1_39741-50303:._3	7ac737a168e161d6024323b82c8246c7	189	Pfam	PF13508	Acetyltransferase (GNAT) domain	116	171	7.5E-7	T	13-04-2026	IPR000182	GNAT domain	-	-
NZ_CP117880.1_596108-606379:._2	9501971950642898f7838971ea9b233f	820	CDD	cd04847	Peptidases_S8_Subtilisin_like_2	281	587	1.7931E-99	T	13-04-2026	IPR034074	Y4bN, peptidase domain	-	-
NZ_CP117880.1_596108-606379:._2	9501971950642898f7838971ea9b233f	820	Pfam	PF00082	Subtilase family	279	616	9.5E-48	T	13-04-2026	IPR000209	Peptidase S8/S53 domain	-	-
NZ_CP016374.1_1840671-1851227:._5	b90b5ea6dc93c5be3eb416ca8a1932ee	151	CDD	cd00090	HTH_ARSR	4	51	2.04716E-6	T	13-04-2026	IPR011991	ArsR-like helix-turn-helix domain	-	-
NZ_CP016374.1_1840671-1851227:._5	b90b5ea6dc93c5be3eb416ca8a1932ee	151	Pfam	PF01037	Lrp/AsnC ligand binding domain	70	136	3.0E-5	T	13-04-2026	IPR019887	Transcription regulator AsnC/Lrp, ligand binding domain	-	-
NZ_CP016374.1_1840671-1851227:._5	b90b5ea6dc93c5be3eb416ca8a1932ee	151	Pfam	PF13412	Winged helix-turn-helix DNA-binding	4	50	8.2E-14	T	13-04-2026	-	-	-	-
NZ_CM148647.1_2391999-2402636:._9	b49c7293bf18afa792af7866a9dcdc2e	179	Pfam	PF07275	Antirestriction protein (ArdA)	13	175	1.8E-20	T	13-04-2026	IPR009899	Antirestriction	-	-
NZ_CP104203.1_3298143-3308708:._4	be5663016c2dddcc9013745229f34c92	423	Pfam	PF18476	PIN like domain	24	265	3.7E-49	T	13-04-2026	IPR041578	PIN like domain, group 8	-	-
NZ_CP071530.1_2194749-2205311:._12	a303742aec2e6ce318a4a8ffd31c95ff	294	Pfam	PF13541	Subunit ChlI of Mg-chelatase	20	141	1.6E-42	T	13-04-2026	-	-	-	-
NZ_CP071530.1_2194749-2205311:._12	a303742aec2e6ce318a4a8ffd31c95ff	294	Pfam	PF01078	Magnesium chelatase, subunit ChlI	193	290	4.4E-38	T	13-04-2026	IPR000523	Magnesium chelatase ChlI-like, catalytic domain	-	-
NZ_CP071550.1_2125019-2135659:._5	be8029bfe1e609db20e2d05ac22bfe6f	213	Pfam	PF00239	Resolvase, N terminal domain	18	156	9.0E-22	T	13-04-2026	IPR006119	Resolvase, N-terminal catalytic domain	-	-
NZ_CP071550.1_2125019-2135659:._5	be8029bfe1e609db20e2d05ac22bfe6f	213	CDD	cd03768	SR_ResInv	19	147	2.76253E-32	T	13-04-2026	-	-	-	-
NZ_CP034173.1_1138126-1148700:._6	ed4088d89978ca1973f8ca6aa2ae6ba6	314	Pfam	PF21654	Cyclic GMP-AMP synthase DncV-like, nucleotidyltransferase domain	49	127	9.1E-15	T	13-04-2026	IPR048445	Cyclic GMP-AMP synthase DncV-like, nucleotidyltransferase domain	-	-
NZ_CM148673.1_2105830-2116425:._1	2fb24ccfeb3909dd95de86344435394b	522	Pfam	PF09603	Fibrobacter succinogenes major domain (Fib_succ_major)	392	520	7.8E-5	T	13-04-2026	IPR011871	Fibrobacter succinogenes major paralogous domain	-	-
NZ_OX030782.1_4641479-4652074:._3	788a755c642ab30f9fc1627485b15197	242	Pfam	PF00149	Calcineurin-like phosphoesterase	5	190	2.9E-11	T	13-04-2026	IPR004843	Calcineurin-like phosphoesterase domain, ApaH type	-	-
NZ_CP081299.1_1785944-1796431:._4	b057bf326def73fea671297be6e3a38a	165	CDD	cd04301	NAT_SF	50	110	1.64994E-4	T	13-04-2026	-	-	-	-
NZ_CP081299.1_1785944-1796431:._4	b057bf326def73fea671297be6e3a38a	165	Pfam	PF00583	Acetyltransferase (GNAT) family	36	133	3.5E-9	T	13-04-2026	IPR000182	GNAT domain	-	-
NZ_CP119421.1_435009-445568:._6	ab417c54121dbe27f22771a7c8f50999	249	Pfam	PF13683	Integrase core domain	153	218	2.9E-21	T	13-04-2026	IPR001584	Integrase, catalytic core	-	-
NZ_OY997410.1_2540106-2550287:._10	82a846c72d3251310f81ac729af2c684	395	Pfam	PF13905	Thioredoxin-like	284	374	6.6E-8	T	13-04-2026	IPR012336	Thioredoxin-like fold	-	-
NZ_OY997410.1_2540106-2550287:._10	82a846c72d3251310f81ac729af2c684	395	CDD	cd02966	TlpA_like_family	267	380	2.7325E-20	T	13-04-2026	-	-	-	-
NZ_CP034173.1_1138126-1148700:._4	74e7d0c2705baebb7fe865f9d3e8866b	191	Pfam	PF00239	Resolvase, N terminal domain	3	136	7.6E-38	T	13-04-2026	IPR006119	Resolvase, N-terminal catalytic domain	-	-
NZ_CP034173.1_1138126-1148700:._4	74e7d0c2705baebb7fe865f9d3e8866b	191	CDD	cd03768	SR_ResInv	2	127	1.17472E-53	T	13-04-2026	-	-	-	-
NZ_CP034173.1_1138126-1148700:._4	74e7d0c2705baebb7fe865f9d3e8866b	191	Pfam	PF02796	Helix-turn-helix domain of resolvase	139	184	2.8E-4	T	13-04-2026	IPR006120	Resolvase, HTH domain	-	-
NZ_CP096965.1_32657-43249:._1	c932fe61d2a8cd59236a4e8530341a50	218	Pfam	PF13715	CarboxypepD_reg-like domain	23	104	2.4E-15	T	13-04-2026	-	-	-	-
NZ_CP096965.1_32657-43249:._1	c932fe61d2a8cd59236a4e8530341a50	218	Pfam	PF07715	TonB-dependent Receptor Plug Domain	113	218	9.8E-14	T	13-04-2026	IPR012910	TonB-dependent receptor, plug domain	-	-
NZ_CP139137.1_4120948-4131552:._6	fc6933079dea3c734eed09a3f431e2f3	162	Pfam	PF03692	Putative zinc- or iron-chelating domain	48	134	3.2E-12	T	13-04-2026	IPR005358	Putative zinc- or iron-chelating domain containing protein	-	-
NZ_AP029022.1_2742988-2753550:._12	addd3a0219b033a4734918e963ca633a	269	Pfam	PF05572	Pregnancy-associated plasma protein-A	158	256	5.7E-9	T	13-04-2026	IPR008754	Peptidase M43, pregnancy-associated plasma-A	-	-
NZ_CP095047.1_89856-100457:._9	6005a1ca0f02386a666085dbb8e375ad	494	Pfam	PF18417	L-lysine epsilon oxidase C-terminal domain	336	441	6.1E-17	T	13-04-2026	IPR041173	L-lysine epsilon oxidase, C-terminal	-	-
NZ_CP095047.1_89856-100457:._9	6005a1ca0f02386a666085dbb8e375ad	494	Pfam	PF17990	L-Lysine epsilon oxidase N-terminal	7	228	7.0E-40	T	13-04-2026	IPR041168	L-Lysine epsilon oxidase, N-terminal	-	-
NZ_CP152355.1_5086-14492:._2	4cbbe9089594c882b4ba786ff90e1aa8	356	CDD	cd13121	BF2867_like_C	181	350	2.19569E-5	T	13-04-2026	-	-	-	-
NZ_CP152355.1_5086-14492:._2	4cbbe9089594c882b4ba786ff90e1aa8	356	CDD	cd13120	BF2867_like_N	11	177	2.40154E-15	T	13-04-2026	-	-	-	-
NZ_CP152355.1_5086-14492:._2	4cbbe9089594c882b4ba786ff90e1aa8	356	Pfam	PF13149	Fimbrillin-like	55	344	3.7E-19	T	13-04-2026	IPR025049	Fimbrillin-like 1	-	-
NZ_CP018939.1_57218-67810:._7	a1e2281e6d30284cf51b10e30bc98b5a	97	Pfam	PF13572	Domain of unknown function (DUF4134)	13	86	1.3E-19	T	13-04-2026	IPR025408	Protein of unknown function DUF4134	-	-
NZ_CP059732.1_8769055-8779602:._5	b6fb670c03766c04b05c0c6901fed47d	182	CDD	cd03768	SR_ResInv	2	126	2.88928E-62	T	13-04-2026	-	-	-	-
NZ_CP059732.1_8769055-8779602:._5	b6fb670c03766c04b05c0c6901fed47d	182	Pfam	PF02796	Helix-turn-helix domain of resolvase	138	179	1.2E-4	T	13-04-2026	IPR006120	Resolvase, HTH domain	-	-
NZ_CP059732.1_8769055-8779602:._5	b6fb670c03766c04b05c0c6901fed47d	182	Pfam	PF00239	Resolvase, N terminal domain	3	135	3.9E-44	T	13-04-2026	IPR006119	Resolvase, N-terminal catalytic domain	-	-
NC_015164.1_34583-45172:._2	25302e4d5d068b3a1da882e09bdb1026	458	Pfam	PF04326	Schlafen, AlbA_2	4	109	7.7E-13	T	13-04-2026	IPR007421	Schlafen, AlbA_2 domain	-	-
NC_015164.1_34583-45172:._2	25302e4d5d068b3a1da882e09bdb1026	458	Pfam	PF13749	Putative ATP-dependent DNA helicase recG C-terminal	278	363	7.6E-15	T	13-04-2026	IPR025831	ATP-dependent DNA helicase RecG, C-terminal domain	-	-
NZ_CP029145.1_1157964-1168115:._8	42bf791de9f8ccccb889da041adff9fa	169	Pfam	PF00239	Resolvase, N terminal domain	2	70	1.5E-14	T	13-04-2026	IPR006119	Resolvase, N-terminal catalytic domain	-	-
NZ_CP029145.1_1157964-1168115:._8	42bf791de9f8ccccb889da041adff9fa	169	CDD	cd03768	SR_ResInv	1	61	1.16755E-21	T	13-04-2026	-	-	-	-
NZ_CP085529.1_500099-510658:._3	8adcc4f0f5848a1f37f1f61945712ac2	327	Pfam	PF06527	TniQ	15	151	1.1E-9	T	13-04-2026	IPR009492	TniQ	-	-
NZ_LR215967.1_3265938-3276497:._9	8adcc4f0f5848a1f37f1f61945712ac2	327	Pfam	PF06527	TniQ	15	151	1.1E-9	T	13-04-2026	IPR009492	TniQ	-	-
NZ_CP043609.1_17474-28072:._7	f36aa35c19dd44e43d53b38f4eb1a6fc	199	Pfam	PF00239	Resolvase, N terminal domain	3	135	2.4E-38	T	13-04-2026	IPR006119	Resolvase, N-terminal catalytic domain	-	-
NZ_CP043609.1_17474-28072:._7	f36aa35c19dd44e43d53b38f4eb1a6fc	199	CDD	cd03768	SR_ResInv	2	126	3.8545E-55	T	13-04-2026	-	-	-	-
NZ_CP196751.1_37266-47864:._5	f36aa35c19dd44e43d53b38f4eb1a6fc	199	Pfam	PF00239	Resolvase, N terminal domain	3	135	2.4E-38	T	13-04-2026	IPR006119	Resolvase, N-terminal catalytic domain	-	-
NZ_CP196751.1_37266-47864:._5	f36aa35c19dd44e43d53b38f4eb1a6fc	199	CDD	cd03768	SR_ResInv	2	126	3.8545E-55	T	13-04-2026	-	-	-	-
NZ_CP060497.1_5609736-5620304:._1	6b4b07f997c7c65eff7a9a072fdcc81e	462	Pfam	PF00884	Sulfatase	39	352	9.1E-61	T	13-04-2026	IPR000917	Sulfatase, N-terminal	-	-
NZ_CP018939.1_57218-67810:._4	85d1b8b758de923f40d518c71382db12	505	Pfam	PF19044	TraG P-loop domain	350	495	2.0E-38	T	13-04-2026	IPR043964	TraG, P-loop domain	-	-
NZ_CP018939.1_57218-67810:._4	85d1b8b758de923f40d518c71382db12	505	Pfam	PF19044	TraG P-loop domain	116	254	2.9E-35	T	13-04-2026	IPR043964	TraG, P-loop domain	-	-
NZ_CP143637.1_1427192-1437565:._6	eec777b3f112b45cc94b4ad2caa47aa4	124	CDD	cd03768	SR_ResInv	2	116	9.14096E-48	T	13-04-2026	-	-	-	-
NZ_CP143637.1_1427192-1437565:._6	eec777b3f112b45cc94b4ad2caa47aa4	124	Pfam	PF00239	Resolvase, N terminal domain	3	116	2.9E-29	T	13-04-2026	IPR006119	Resolvase, N-terminal catalytic domain	-	-
NZ_CP135989.1_1706394-1716983:._5	11922a8ade7a7efa1c0a6ee9497785e2	109	CDD	cd11537	NTP-PPase_RS21-C6_like	8	90	4.13057E-33	T	13-04-2026	IPR025984	dCTP pyrophosphatase 1	-	-
NZ_CP135989.1_1706394-1716983:._5	11922a8ade7a7efa1c0a6ee9497785e2	109	Pfam	PF12643	MazG-like family	32	109	8.0E-12	T	13-04-2026	IPR025984	dCTP pyrophosphatase 1	-	-
NZ_CP044017.1_1-9654:._1	149c25e9be07c85faebb8aacf343d659	210	Pfam	PF13715	CarboxypepD_reg-like domain	24	113	2.3E-9	T	13-04-2026	-	-	-	-
NZ_CM148691.1_2392532-2403127:._12	2535e0f270a26582f1e9d610656df841	432	Pfam	PF07505	Protein of unknown function (DUF5131)	2	136	7.9E-4	T	13-04-2026	IPR011101	Protein of unknown function DUF5131	-	-
NZ_CM148691.1_2392532-2403127:._12	2535e0f270a26582f1e9d610656df841	432	Pfam	PF02195	ParB/Sulfiredoxin domain	206	257	0.0041	T	13-04-2026	IPR003115	ParB/Sulfiredoxin	-	-
NZ_CM148692.1_2418428-2429023:._12	2535e0f270a26582f1e9d610656df841	432	Pfam	PF07505	Protein of unknown function (DUF5131)	2	136	7.9E-4	T	13-04-2026	IPR011101	Protein of unknown function DUF5131	-	-
NZ_CM148692.1_2418428-2429023:._12	2535e0f270a26582f1e9d610656df841	432	Pfam	PF02195	ParB/Sulfiredoxin domain	206	257	0.0041	T	13-04-2026	IPR003115	ParB/Sulfiredoxin	-	-
NZ_CP037428.1_20809-31371:._9	26b654f19b0fd15a8b71bb3b2505ed2b	187	Pfam	PF02796	Helix-turn-helix domain of resolvase	139	183	0.0049	T	13-04-2026	IPR006120	Resolvase, HTH domain	-	-
NZ_CP037428.1_20809-31371:._9	26b654f19b0fd15a8b71bb3b2505ed2b	187	CDD	cd03768	SR_ResInv	2	127	3.39941E-58	T	13-04-2026	-	-	-	-
NZ_CP037428.1_20809-31371:._9	26b654f19b0fd15a8b71bb3b2505ed2b	187	Pfam	PF00239	Resolvase, N terminal domain	2	135	8.0E-40	T	13-04-2026	IPR006119	Resolvase, N-terminal catalytic domain	-	-
NZ_CP125988.1_20809-31371:._9	26b654f19b0fd15a8b71bb3b2505ed2b	187	Pfam	PF02796	Helix-turn-helix domain of resolvase	139	183	0.0049	T	13-04-2026	IPR006120	Resolvase, HTH domain	-	-
NZ_CP125988.1_20809-31371:._9	26b654f19b0fd15a8b71bb3b2505ed2b	187	CDD	cd03768	SR_ResInv	2	127	3.39941E-58	T	13-04-2026	-	-	-	-
NZ_CP125988.1_20809-31371:._9	26b654f19b0fd15a8b71bb3b2505ed2b	187	Pfam	PF00239	Resolvase, N terminal domain	2	135	8.0E-40	T	13-04-2026	IPR006119	Resolvase, N-terminal catalytic domain	-	-
NZ_CP125998.1_20809-31371:._9	26b654f19b0fd15a8b71bb3b2505ed2b	187	Pfam	PF02796	Helix-turn-helix domain of resolvase	139	183	0.0049	T	13-04-2026	IPR006120	Resolvase, HTH domain	-	-
NZ_CP125998.1_20809-31371:._9	26b654f19b0fd15a8b71bb3b2505ed2b	187	CDD	cd03768	SR_ResInv	2	127	3.39941E-58	T	13-04-2026	-	-	-	-
NZ_CP125998.1_20809-31371:._9	26b654f19b0fd15a8b71bb3b2505ed2b	187	Pfam	PF00239	Resolvase, N terminal domain	2	135	8.0E-40	T	13-04-2026	IPR006119	Resolvase, N-terminal catalytic domain	-	-
NZ_OZ257252.1_3003352-3013911:._3	bb3038589ac009fca6f4a5b81a1f2dd1	335	Pfam	PF02371	Transposase IS116/IS110/IS902 family	207	292	4.7E-18	T	13-04-2026	IPR003346	Transposase IS116/IS110/IS902, C-terminal	-	-
NZ_OZ257252.1_3003352-3013911:._3	bb3038589ac009fca6f4a5b81a1f2dd1	335	Pfam	PF01548	Transposase	7	149	2.0E-15	T	13-04-2026	IPR002525	Transposase IS110-like, N-terminal	-	-
NZ_CP147988.1_142083-152681:._9	9a7a684917394b047c43f1fbaba03b62	89	CDD	cd00093	HTH_XRE	25	82	1.02271E-9	T	13-04-2026	IPR001387	Cro/C1-type helix-turn-helix domain	-	-
NZ_CP147988.1_142083-152681:._9	9a7a684917394b047c43f1fbaba03b62	89	Pfam	PF01381	Helix-turn-helix	28	82	2.7E-4	T	13-04-2026	IPR001387	Cro/C1-type helix-turn-helix domain	-	-
NZ_OY997410.1_2540106-2550287:._9	6cf8f14dad40195fe3ad8116f2572b14	403	CDD	cd02966	TlpA_like_family	273	385	3.80981E-20	T	13-04-2026	-	-	-	-
NZ_OY997410.1_2540106-2550287:._9	6cf8f14dad40195fe3ad8116f2572b14	403	Pfam	PF08534	Redoxin	266	387	2.4E-8	T	13-04-2026	IPR013740	Redoxin	-	-
NZ_CP072339.1_1316605-1328361:._11	e52a7214adfe0c203363394fd9cb47df	340	Pfam	PF12987	Domain of unknown function, B. Theta Gene description (DUF3871)	23	339	1.4E-144	T	13-04-2026	IPR024353	Protein of unknown function DUF3871	-	-
NZ_CP050063.1_6370496-6381115:._11	07bcb9d086fa7dd21f179d78f80b7217	429	Pfam	PF11799	impB/mucB/samB family C-terminal domain	246	366	7.0E-13	T	13-04-2026	IPR017961	DNA polymerase, Y-family, little finger domain	-	-
NZ_CP050063.1_6370496-6381115:._11	07bcb9d086fa7dd21f179d78f80b7217	429	Pfam	PF13438	Domain of unknown function (DUF4113)	380	427	1.6E-14	T	13-04-2026	IPR025188	Domain of unknown function DUF4113	-	-
NZ_CP050063.1_6370496-6381115:._11	07bcb9d086fa7dd21f179d78f80b7217	429	Pfam	PF00817	impB/mucB/samB family	5	152	1.3E-30	T	13-04-2026	IPR001126	UmuC domain	-	-
NZ_CP050063.1_6370496-6381115:._11	07bcb9d086fa7dd21f179d78f80b7217	429	CDD	cd01700	PolY_Pol_V_umuC	3	357	1.43098E-144	T	13-04-2026	-	-	-	-
NZ_OZ245719.1_5125857-5136431:._7	d16f86f21d29088c840d532167145967	123	Pfam	PF01022	Bacterial regulatory protein, arsR family	45	89	1.4E-12	T	13-04-2026	IPR001845	HTH ArsR-type DNA-binding domain	-	-
NZ_OZ245719.1_5125857-5136431:._7	d16f86f21d29088c840d532167145967	123	CDD	cd00090	HTH_ARSR	40	105	6.57687E-16	T	13-04-2026	IPR011991	ArsR-like helix-turn-helix domain	-	-
NZ_CP050995.1_3127917-3138476:._9	45009e5e141c2898ac341f3ba6c4e71f	100	Pfam	PF12833	Helix-turn-helix domain	21	95	1.5E-8	T	13-04-2026	IPR018060	DNA binding HTH domain, AraC-type	-	-
NZ_CP117880.1_3051631-3062205:._11	c8ff2d4350f40c1bebbd8f1a9cf5c8d4	432	Pfam	PF13102	Phage integrase SAM-like domain	98	218	1.5E-6	T	13-04-2026	IPR025269	Phage integrase SAM-like domain	-	-
NZ_CP192720.1_1244432-1254811:._6	1ef29e20261d1702fe492143434b7429	126	CDD	cd03768	SR_ResInv	2	126	1.53634E-48	T	13-04-2026	-	-	-	-
NZ_CP192720.1_1244432-1254811:._6	1ef29e20261d1702fe492143434b7429	126	Pfam	PF00239	Resolvase, N terminal domain	3	126	1.6E-32	T	13-04-2026	IPR006119	Resolvase, N-terminal catalytic domain	-	-
NZ_CP030855.1_6097-16716:._1	3b868400b866a32d6b2d7b955c26a58c	200	CDD	cd00038	CAP_ED	51	158	9.58735E-10	T	13-04-2026	IPR000595	Cyclic nucleotide-binding domain	-	-
NZ_CP030855.1_6097-16716:._1	3b868400b866a32d6b2d7b955c26a58c	200	Pfam	PF00027	Cyclic nucleotide-binding domain	71	154	2.8E-5	T	13-04-2026	IPR000595	Cyclic nucleotide-binding domain	-	-
NZ_CM148692.1_2418428-2429023:._3	f685fb02e7146e33ffc52f22da75cdc1	187	CDD	cd00071	GMPK	4	178	1.30013E-43	T	13-04-2026	-	-	-	-
NZ_CM148692.1_2418428-2429023:._3	f685fb02e7146e33ffc52f22da75cdc1	187	Pfam	PF00625	Guanylate kinase	2	183	1.1E-39	T	13-04-2026	IPR008145	Guanylate kinase/L-type calcium channel beta subunit	-	-
NZ_CM148647.1_2391999-2402636:._3	f685fb02e7146e33ffc52f22da75cdc1	187	CDD	cd00071	GMPK	4	178	1.30013E-43	T	13-04-2026	-	-	-	-
NZ_CM148647.1_2391999-2402636:._3	f685fb02e7146e33ffc52f22da75cdc1	187	Pfam	PF00625	Guanylate kinase	2	183	1.1E-39	T	13-04-2026	IPR008145	Guanylate kinase/L-type calcium channel beta subunit	-	-
NZ_CM148691.1_2392532-2403127:._3	f685fb02e7146e33ffc52f22da75cdc1	187	CDD	cd00071	GMPK	4	178	1.30013E-43	T	13-04-2026	-	-	-	-
NZ_CM148691.1_2392532-2403127:._3	f685fb02e7146e33ffc52f22da75cdc1	187	Pfam	PF00625	Guanylate kinase	2	183	1.1E-39	T	13-04-2026	IPR008145	Guanylate kinase/L-type calcium channel beta subunit	-	-
NZ_CP089538.1_2571047-2581738:._3	2b20942c6979c142ea6d677bafbc8dac	155	Pfam	PF01381	Helix-turn-helix	25	68	5.7E-6	T	13-04-2026	IPR001387	Cro/C1-type helix-turn-helix domain	-	-
NZ_CP089538.1_2571047-2581738:._3	2b20942c6979c142ea6d677bafbc8dac	155	CDD	cd00093	HTH_XRE	14	68	1.37746E-7	T	13-04-2026	IPR001387	Cro/C1-type helix-turn-helix domain	-	-
NZ_CP020104.1_7258622-7269187:._7	3b9c51f07b4278bc885ab1c083d510f1	188	Pfam	PF02796	Helix-turn-helix domain of resolvase	137	183	0.0087	T	13-04-2026	IPR006120	Resolvase, HTH domain	-	-
NZ_CP020104.1_7258622-7269187:._7	3b9c51f07b4278bc885ab1c083d510f1	188	CDD	cd03768	SR_ResInv	2	122	9.39121E-59	T	13-04-2026	-	-	-	-
NZ_CP020104.1_7258622-7269187:._7	3b9c51f07b4278bc885ab1c083d510f1	188	Pfam	PF00239	Resolvase, N terminal domain	3	134	1.5E-41	T	13-04-2026	IPR006119	Resolvase, N-terminal catalytic domain	-	-
NZ_CP192720.1_1244432-1254811:._3	5490e74e3d93a11a6893c12001e29463	207	Pfam	PF13310	Virulence protein RhuM family	66	137	1.3E-22	T	13-04-2026	IPR011204	Virulence protein RhuM-like	-	-
NZ_CP139137.1_4120948-4131552:._5	8261643cc584fa79c5c10d0eee570db9	321	Pfam	PF17655	Inward rectifier potassium channel C-terminal domain	159	309	3.9E-16	T	13-04-2026	IPR041647	Inward rectifier potassium channel, C-terminal	-	-
NZ_CP139137.1_4120948-4131552:._5	8261643cc584fa79c5c10d0eee570db9	321	Pfam	PF07885	Ion channel	71	148	1.3E-6	T	13-04-2026	IPR013099	Potassium channel domain	-	-
NZ_CP103120.1_40675-51270:._3	b9ca3265ad95d9fd88c3f03df0196721	77	Pfam	PF02452	PemK-like, MazF-like toxin of type II toxin-antitoxin system	4	74	6.4E-14	T	13-04-2026	IPR003477	mRNA interferase PemK-like	-	-
NZ_JBQSUP010000001.1_5071-14507:._8	cc0db2224fcabf76814671ba34c3f360	161	Pfam	PF00078	Reverse transcriptase (RNA-dependent DNA polymerase)	19	102	9.1E-5	T	13-04-2026	IPR000477	Reverse transcriptase domain	-	-
NZ_CP171010.1_321704-332272:._3	78fc1d94612091005f1020a68fcbd89e	288	Pfam	PF13310	Virulence protein RhuM family	61	132	4.1E-22	T	13-04-2026	IPR011204	Virulence protein RhuM-like	-	-
NZ_CP193656.1_3635614-3646293:._2	3fe376882ab2a4e449fd129b22447c47	246	Pfam	PF13030	Protein of unknown function (DUF3891)	1	219	9.4E-44	T	13-04-2026	IPR024992	Protein of unknown function DUF3891	-	-
NZ_CP006587.1_4757826-4767977:._11	eabeedea57e616bb26574e17486a2fd8	256	Pfam	PF00072	Response regulator receiver domain	7	112	4.8E-18	T	13-04-2026	IPR001789	Signal transduction response regulator, receiver domain	-	-
NZ_CP006587.1_4757826-4767977:._11	eabeedea57e616bb26574e17486a2fd8	256	Pfam	PF04397	LytTr DNA-binding domain	160	255	3.3E-20	T	13-04-2026	IPR007492	LytTR DNA-binding domain	-	-
NZ_CP117880.1_596108-606379:._7	b3ab3bf04b57cb4b287c74eb4393f46c	109	Pfam	PF11009	Monothiol bacilliredoxin BrxC	5	100	2.9E-27	T	13-04-2026	IPR022551	BrxC	-	-
NZ_CP119422.1_5694152-5704711:._7	4ad409ba753d632484d2e0133d3bd582	187	Pfam	PF09346	SMI1 / KNR4 family (SUKH-1)	59	177	5.9E-11	T	13-04-2026	IPR018958	Knr4/Smi1-like domain	-	-
NZ_CP103197.1_18166-28749:._1	08890c891131a56c4a1212e2eda99834	148	Pfam	PF12802	MarR family	39	95	2.8E-9	T	13-04-2026	IPR000835	MarR-type HTH domain	-	-
NZ_CM148636.1_2123055-2133650:._2	378b07a18151667d2a40528626a28f94	548	Pfam	PF13149	Fimbrillin-like	159	340	0.011	T	13-04-2026	IPR025049	Fimbrillin-like 1	-	-
NZ_CM148636.1_2123055-2133650:._2	378b07a18151667d2a40528626a28f94	548	Pfam	PF09603	Fibrobacter succinogenes major domain (Fib_succ_major)	424	545	1.1E-4	T	13-04-2026	IPR011871	Fibrobacter succinogenes major paralogous domain	-	-
NZ_CP103375.1_3502053-3512636:._3	35b971f67cec57c35692a857e0897bcb	433	Pfam	PF13586	Transposase DDE domain	359	425	1.3E-4	T	13-04-2026	IPR025668	Transposase DDE domain	-	-
NC_015703.1_4519906-4530483:._5	5e43db56f699dc994abf0cf9f49e1d3f	192	CDD	cd03768	SR_ResInv	2	126	4.03368E-68	T	13-04-2026	-	-	-	-
NC_015703.1_4519906-4530483:._5	5e43db56f699dc994abf0cf9f49e1d3f	192	Pfam	PF00239	Resolvase, N terminal domain	3	135	2.9E-45	T	13-04-2026	IPR006119	Resolvase, N-terminal catalytic domain	-	-
NC_015703.1_4519906-4530483:._5	5e43db56f699dc994abf0cf9f49e1d3f	192	Pfam	PF02796	Helix-turn-helix domain of resolvase	138	185	1.6E-5	T	13-04-2026	IPR006120	Resolvase, HTH domain	-	-
NZ_CP110973.1_5928283-5938851:._3	b6c5c400050bd53520221eb3f907810f	275	Pfam	PF10899	Putative abortive phage resistance protein AbiGi, antitoxin	25	231	2.5E-23	T	13-04-2026	IPR021223	Abortive phage resistance protein AbiGi	-	-
NZ_CP096247.1_1008628-1019193:._2	76c55a475f1d68111410465edb3b8148	241	CDD	cd08071	MPN_DUF2466	126	236	3.18613E-49	T	13-04-2026	IPR025657	RadC-like JAB domain	-	-
NZ_CP096247.1_1008628-1019193:._2	76c55a475f1d68111410465edb3b8148	241	Pfam	PF04002	RadC-like JAB domain	122	239	3.1E-35	T	13-04-2026	IPR025657	RadC-like JAB domain	-	-
NZ_CP096247.1_1008628-1019193:._2	76c55a475f1d68111410465edb3b8148	241	Pfam	PF20582	UPF0758 N-terminal	19	95	1.2E-20	T	13-04-2026	IPR046778	UPF0758, N-terminal	-	-
NZ_CP096247.1_1006520-1017082:._3	76c55a475f1d68111410465edb3b8148	241	CDD	cd08071	MPN_DUF2466	126	236	3.18613E-49	T	13-04-2026	IPR025657	RadC-like JAB domain	-	-
NZ_CP096247.1_1006520-1017082:._3	76c55a475f1d68111410465edb3b8148	241	Pfam	PF04002	RadC-like JAB domain	122	239	3.1E-35	T	13-04-2026	IPR025657	RadC-like JAB domain	-	-
NZ_CP096247.1_1006520-1017082:._3	76c55a475f1d68111410465edb3b8148	241	Pfam	PF20582	UPF0758 N-terminal	19	95	1.2E-20	T	13-04-2026	IPR046778	UPF0758, N-terminal	-	-
NZ_CP072230.1_55830-66425:._10	2d5590e58f45e92534d449510d190058	106	Pfam	PF02452	PemK-like, MazF-like toxin of type II toxin-antitoxin system	4	104	1.9E-22	T	13-04-2026	IPR003477	mRNA interferase PemK-like	-	-
NZ_CP072223.1_86752-97347:._7	2d5590e58f45e92534d449510d190058	106	Pfam	PF02452	PemK-like, MazF-like toxin of type II toxin-antitoxin system	4	104	1.9E-22	T	13-04-2026	IPR003477	mRNA interferase PemK-like	-	-
NZ_CP081905.1_30585-41180:._7	2d5590e58f45e92534d449510d190058	106	Pfam	PF02452	PemK-like, MazF-like toxin of type II toxin-antitoxin system	4	104	1.9E-22	T	13-04-2026	IPR003477	mRNA interferase PemK-like	-	-
NZ_CP072245.1_55835-66430:._10	2d5590e58f45e92534d449510d190058	106	Pfam	PF02452	PemK-like, MazF-like toxin of type II toxin-antitoxin system	4	104	1.9E-22	T	13-04-2026	IPR003477	mRNA interferase PemK-like	-	-
NZ_CP072238.1_51863-62458:._10	2d5590e58f45e92534d449510d190058	106	Pfam	PF02452	PemK-like, MazF-like toxin of type II toxin-antitoxin system	4	104	1.9E-22	T	13-04-2026	IPR003477	mRNA interferase PemK-like	-	-
NZ_AP019726.1_81904-92499:._10	2d5590e58f45e92534d449510d190058	106	Pfam	PF02452	PemK-like, MazF-like toxin of type II toxin-antitoxin system	4	104	1.9E-22	T	13-04-2026	IPR003477	mRNA interferase PemK-like	-	-
NZ_CP081907.1_47128-57723:._7	2d5590e58f45e92534d449510d190058	106	Pfam	PF02452	PemK-like, MazF-like toxin of type II toxin-antitoxin system	4	104	1.9E-22	T	13-04-2026	IPR003477	mRNA interferase PemK-like	-	-
NZ_CP072211.1_51838-62433:._10	2d5590e58f45e92534d449510d190058	106	Pfam	PF02452	PemK-like, MazF-like toxin of type II toxin-antitoxin system	4	104	1.9E-22	T	13-04-2026	IPR003477	mRNA interferase PemK-like	-	-
NZ_CP131534.1_3163299-3173894:._10	2d5590e58f45e92534d449510d190058	106	Pfam	PF02452	PemK-like, MazF-like toxin of type II toxin-antitoxin system	4	104	1.9E-22	T	13-04-2026	IPR003477	mRNA interferase PemK-like	-	-
NZ_CP143950.1_88416-99011:._10	2d5590e58f45e92534d449510d190058	106	Pfam	PF02452	PemK-like, MazF-like toxin of type II toxin-antitoxin system	4	104	1.9E-22	T	13-04-2026	IPR003477	mRNA interferase PemK-like	-	-
NZ_CP143942.1_80606-91201:._10	2d5590e58f45e92534d449510d190058	106	Pfam	PF02452	PemK-like, MazF-like toxin of type II toxin-antitoxin system	4	104	1.9E-22	T	13-04-2026	IPR003477	mRNA interferase PemK-like	-	-
NZ_CP072241.1_51837-62432:._10	2d5590e58f45e92534d449510d190058	106	Pfam	PF02452	PemK-like, MazF-like toxin of type II toxin-antitoxin system	4	104	1.9E-22	T	13-04-2026	IPR003477	mRNA interferase PemK-like	-	-
NZ_CP072228.1_51839-62434:._10	2d5590e58f45e92534d449510d190058	106	Pfam	PF02452	PemK-like, MazF-like toxin of type II toxin-antitoxin system	4	104	1.9E-22	T	13-04-2026	IPR003477	mRNA interferase PemK-like	-	-
NZ_CP069564.1_87419-98014:._7	2d5590e58f45e92534d449510d190058	106	Pfam	PF02452	PemK-like, MazF-like toxin of type II toxin-antitoxin system	4	104	1.9E-22	T	13-04-2026	IPR003477	mRNA interferase PemK-like	-	-
NZ_CP072253.1_51844-62439:._10	2d5590e58f45e92534d449510d190058	106	Pfam	PF02452	PemK-like, MazF-like toxin of type II toxin-antitoxin system	4	104	1.9E-22	T	13-04-2026	IPR003477	mRNA interferase PemK-like	-	-
NZ_CP143953.1_1-10201:._7	2d5590e58f45e92534d449510d190058	106	Pfam	PF02452	PemK-like, MazF-like toxin of type II toxin-antitoxin system	4	104	1.9E-22	T	13-04-2026	IPR003477	mRNA interferase PemK-like	-	-
NZ_CP072219.1_51842-62437:._10	2d5590e58f45e92534d449510d190058	106	Pfam	PF02452	PemK-like, MazF-like toxin of type II toxin-antitoxin system	4	104	1.9E-22	T	13-04-2026	IPR003477	mRNA interferase PemK-like	-	-
NZ_CP072233.1_55833-66428:._10	2d5590e58f45e92534d449510d190058	106	Pfam	PF02452	PemK-like, MazF-like toxin of type II toxin-antitoxin system	4	104	1.9E-22	T	13-04-2026	IPR003477	mRNA interferase PemK-like	-	-
NZ_CP054002.1_18955-29541:._15	3da9ade6fea86c7ef7e336805cada041	472	Pfam	PF03432	Relaxase/Mobilisation nuclease domain	18	206	6.4E-15	T	13-04-2026	IPR005094	MobA/VirD2-like, nuclease domain	-	-
NZ_CP115636.1_2090523-2101085:._3	796486825c663a184b9fe3d3fe6b6fc8	493	Pfam	PF13396	Phospholipase_D-nuclease N-terminal	24	66	3.2E-9	T	13-04-2026	IPR027379	Cardiolipin synthase N-terminal	-	-
NZ_CP115636.1_2090523-2101085:._3	796486825c663a184b9fe3d3fe6b6fc8	493	CDD	cd09112	PLDc_CLS_2	315	491	7.50972E-70	T	13-04-2026	-	-	-	-
NZ_CP115636.1_2090523-2101085:._3	796486825c663a184b9fe3d3fe6b6fc8	493	CDD	cd09110	PLDc_CLS_1	135	285	2.59815E-68	T	13-04-2026	-	-	-	-
NZ_CP115636.1_2090523-2101085:._3	796486825c663a184b9fe3d3fe6b6fc8	493	Pfam	PF13091	PLD-like domain	145	252	9.6E-9	T	13-04-2026	IPR025202	Phospholipase D-like domain	-	-
NZ_CP115636.1_2090523-2101085:._3	796486825c663a184b9fe3d3fe6b6fc8	493	Pfam	PF13091	PLD-like domain	336	460	1.3E-25	T	13-04-2026	IPR025202	Phospholipase D-like domain	-	-
NZ_LR735258.1_6136832-6147391:._5	52d10dd59c5f4aa46679b671b5b90ad9	340	CDD	cd06502	TA_like	4	331	6.93802E-114	T	13-04-2026	-	-	-	-
NZ_LR735258.1_6136832-6147391:._5	52d10dd59c5f4aa46679b671b5b90ad9	340	Pfam	PF01212	Beta-eliminating lyase	4	289	2.5E-92	T	13-04-2026	IPR001597	Aromatic amino acid beta-eliminating lyase/threonine aldolase	-	-
NZ_CP120354.1_19280-29884:._6	4db4990c3b62eaef66b3cbaa2a54c0a2	201	Pfam	PF02796	Helix-turn-helix domain of resolvase	138	184	0.018	T	13-04-2026	IPR006120	Resolvase, HTH domain	-	-
NZ_CP120354.1_19280-29884:._6	4db4990c3b62eaef66b3cbaa2a54c0a2	201	CDD	cd03768	SR_ResInv	2	126	1.04949E-61	T	13-04-2026	-	-	-	-
NZ_CP120354.1_19280-29884:._6	4db4990c3b62eaef66b3cbaa2a54c0a2	201	Pfam	PF00239	Resolvase, N terminal domain	3	135	4.8E-41	T	13-04-2026	IPR006119	Resolvase, N-terminal catalytic domain	-	-
NZ_CM148646.1_2068858-2079456:._6	6a9059a267f014315670631c2fa51236	179	Pfam	PF07275	Antirestriction protein (ArdA)	13	175	2.6E-20	T	13-04-2026	IPR009899	Antirestriction	-	-
NZ_CP006576.1_3840682-3851322:._5	6a9059a267f014315670631c2fa51236	179	Pfam	PF07275	Antirestriction protein (ArdA)	13	175	2.6E-20	T	13-04-2026	IPR009899	Antirestriction	-	-
NZ_CP033934.1_78870-89474:._1	4d30f2c3bfbcb06a86305e7f49637f3e	200	Pfam	PF13905	Thioredoxin-like	96	183	3.2E-10	T	13-04-2026	IPR012336	Thioredoxin-like fold	-	-
NZ_CP033934.1_78870-89474:._1	4d30f2c3bfbcb06a86305e7f49637f3e	200	CDD	cd02966	TlpA_like_family	86	191	1.68816E-15	T	13-04-2026	-	-	-	-
NZ_CP033922.1_2373170-2383738:._8	d021c8454eac259af183f9ccb74ee104	500	CDD	cd18699	PIN_VapC_like	4	132	3.39316E-51	T	13-04-2026	-	-	-	-
NZ_CP103375.1_3502053-3512636:._2	02733298a5bd31d7615407723cbbf512	372	Pfam	PF13683	Integrase core domain	255	318	2.9E-10	T	13-04-2026	IPR001584	Integrase, catalytic core	-	-
NZ_CP103375.1_3502053-3512636:._2	02733298a5bd31d7615407723cbbf512	372	Pfam	PF13551	Winged helix-turn helix	11	73	2.3E-10	T	13-04-2026	-	-	-	-
NZ_CP177162.1_207753-218357:._3	f0388c3353c9d210a23b8f1ed6dc2caf	83	CDD	cd00093	HTH_XRE	12	69	3.09509E-12	T	13-04-2026	IPR001387	Cro/C1-type helix-turn-helix domain	-	-
NZ_CP177162.1_207753-218357:._3	f0388c3353c9d210a23b8f1ed6dc2caf	83	Pfam	PF01381	Helix-turn-helix	15	69	2.9E-6	T	13-04-2026	IPR001387	Cro/C1-type helix-turn-helix domain	-	-
NZ_CP022515.1_2251748-2262316:._3	18c69093d39758c6c8fb8efd316f363c	309	Pfam	PF01882	Protein of unknown function DUF58	42	131	3.0E-12	T	13-04-2026	IPR002881	Domain of unknown function DUF58	-	-
NZ_CP044017.1_1-9654:._6	8baa3f4f1c088afde74c0342310c9b05	317	Pfam	PF08843	Nucleotidyl transferase AbiEii toxin, Type IV TA system	48	275	3.3E-21	T	13-04-2026	IPR014942	Nucleotidyl transferase AbiEii toxin, Type IV TA system	-	-
NZ_CM148643.1_3210785-3221380:._4	b7247f42dda968e9c8ee13fa846b4323	376	Pfam	PF18145	SMODS-associated and fused to various effectors sensor domain	183	372	8.2E-43	T	13-04-2026	IPR040836	SMODS-associated and fused to various effectors	-	-
NZ_CM148673.1_2105830-2116425:._9	b7247f42dda968e9c8ee13fa846b4323	376	Pfam	PF18145	SMODS-associated and fused to various effectors sensor domain	183	372	8.2E-43	T	13-04-2026	IPR040836	SMODS-associated and fused to various effectors	-	-
NZ_CP085529.1_500099-510658:._7	c867e81346b60cc1b709a718ab1c105c	369	Pfam	PF00004	ATPase family associated with various cellular activities (AAA)	131	256	1.2E-29	T	13-04-2026	IPR003959	ATPase, AAA-type, core	-	-
NZ_CP085529.1_500099-510658:._7	c867e81346b60cc1b709a718ab1c105c	369	CDD	cd19481	RecA-like_protease	103	255	7.42734E-45	T	13-04-2026	-	-	-	-
NZ_LR215967.1_3265938-3276497:._5	c867e81346b60cc1b709a718ab1c105c	369	Pfam	PF00004	ATPase family associated with various cellular activities (AAA)	131	256	1.2E-29	T	13-04-2026	IPR003959	ATPase, AAA-type, core	-	-
NZ_LR215967.1_3265938-3276497:._5	c867e81346b60cc1b709a718ab1c105c	369	CDD	cd19481	RecA-like_protease	103	255	7.42734E-45	T	13-04-2026	-	-	-	-
NZ_CP094932.1_1506-12110:._5	1830468a41e9b474bf6a05e2bd8fc0c8	171	Pfam	PF08020	Protein of unknown function (DUF1706)	1	165	5.7E-53	T	13-04-2026	IPR012550	Protein of unknown function DUF1706	-	-
NZ_LR134404.1_997179-1007786:._4	141dc01b226d929a6ef3d1915dee122f	202	Pfam	PF00239	Resolvase, N terminal domain	2	143	1.3E-30	T	13-04-2026	IPR006119	Resolvase, N-terminal catalytic domain	-	-
NZ_LR134404.1_997179-1007786:._4	141dc01b226d929a6ef3d1915dee122f	202	CDD	cd03768	SR_ResInv	2	134	1.73718E-27	T	13-04-2026	-	-	-	-
NC_015144.1_2100312-2110919:._5	141dc01b226d929a6ef3d1915dee122f	202	Pfam	PF00239	Resolvase, N terminal domain	2	143	1.3E-30	T	13-04-2026	IPR006119	Resolvase, N-terminal catalytic domain	-	-
NC_015144.1_2100312-2110919:._5	141dc01b226d929a6ef3d1915dee122f	202	CDD	cd03768	SR_ResInv	2	134	1.73718E-27	T	13-04-2026	-	-	-	-
NZ_CP056032.1_3024565-3035151:._5	f087dcaa48a824c65bee04746ad19ba5	313	Pfam	PF14072	DNA-sulfur modification-associated	41	230	8.0E-8	T	13-04-2026	IPR017642	DNA sulphur modification protein DndB	-	-
NZ_CP056032.1_3024565-3035151:._5	f087dcaa48a824c65bee04746ad19ba5	313	CDD	cd16413	DGQHR_domain	53	301	8.77974E-36	T	13-04-2026	-	-	-	-
NZ_OZ260103.1_4084383-4094978:._11	b19b4e5ef931dc1a43858a9188834971	471	Pfam	PF01804	Penicillin amidase	1	460	7.8E-103	T	13-04-2026	IPR002692	Penicillin/GL-7-ACA/AHL/aculeacin-A acylase	-	-
NZ_CP115859.1_474741-485300:._15	3d80594533c8f8ee781adaf108ad2c58	171	Pfam	PF08327	Activator of Hsp90 ATPase homolog 1-like protein	23	151	1.3E-10	T	13-04-2026	IPR013538	Activator of Hsp90 ATPase homologue 1-like, C-terminal	-	-
NZ_CM148634.1_2194474-2205048:._3	2879011399b423083221852ab90ee96f	561	Pfam	PF09603	Fibrobacter succinogenes major domain (Fib_succ_major)	360	555	9.3E-10	T	13-04-2026	IPR011871	Fibrobacter succinogenes major paralogous domain	-	-
NZ_CM148634.1_2194474-2205048:._5	51b288de3b96ebefe97c8f39a14e40f1	191	CDD	cd03768	SR_ResInv	2	127	5.85209E-57	T	13-04-2026	-	-	-	-
NZ_CM148634.1_2194474-2205048:._5	51b288de3b96ebefe97c8f39a14e40f1	191	Pfam	PF02796	Helix-turn-helix domain of resolvase	139	183	0.0026	T	13-04-2026	IPR006120	Resolvase, HTH domain	-	-
NZ_CM148634.1_2194474-2205048:._5	51b288de3b96ebefe97c8f39a14e40f1	191	Pfam	PF00239	Resolvase, N terminal domain	2	136	1.1E-38	T	13-04-2026	IPR006119	Resolvase, N-terminal catalytic domain	-	-
NZ_CP023642.1_4512811-4523433:._14	96095f7fef20c4d4bba852cb1925e6d7	291	Pfam	PF13643	Domain of unknown function (DUF4145)	114	190	1.9E-12	T	13-04-2026	IPR025285	Domain of unknown function DUF4145	-	-
NZ_CP081299.1_7408552-7419153:._10	e163ae9449553f301920ab2a08a2d8ee	165	Pfam	PF00583	Acetyltransferase (GNAT) family	40	133	1.1E-8	T	13-04-2026	IPR000182	GNAT domain	-	-
NZ_CP081299.1_7408552-7419153:._10	e163ae9449553f301920ab2a08a2d8ee	165	CDD	cd04301	NAT_SF	50	110	5.9518E-4	T	13-04-2026	-	-	-	-
NZ_CP103067.1_3539419-3551232:._11	cc99daf1ae64f339279575cb2380f679	298	Pfam	PF00175	Oxidoreductase NAD-binding domain	105	196	0.036	T	13-04-2026	IPR001433	Oxidoreductase FAD/NAD(P)-binding	-	-
NZ_CP103067.1_3539419-3551232:._11	cc99daf1ae64f339279575cb2380f679	298	Pfam	PF10418	Iron-sulfur cluster binding domain of dihydroorotate dehydrogenase B	211	248	2.7E-10	T	13-04-2026	IPR019480	Dihydroorotate dehydrogenase, electron transfer subunit, iron-sulphur cluster binding domain	-	-
NZ_CP103067.1_3539419-3551232:._11	cc99daf1ae64f339279575cb2380f679	298	CDD	cd06219	DHOD_e_trans_like1	2	248	2.89883E-134	T	13-04-2026	-	-	-	-
NZ_CP022515.1_2251748-2262316:._7	f2d791ee4d6943e7723c28d2ca8d9c6b	314	Pfam	PF14279	HNH endonuclease	52	93	0.0057	T	13-04-2026	IPR029471	HNH endonuclease 5	-	-
NZ_OZ245806.1_1584225-1594832:._14	af36ce5284c06a9c06de2d47a0f38bdf	433	CDD	cd01895	EngA2	174	345	2.053E-78	T	13-04-2026	-	-	-	-
NZ_OZ245806.1_1584225-1594832:._14	af36ce5284c06a9c06de2d47a0f38bdf	433	Pfam	PF14714	KH-domain-like of EngA bacterial GTPase enzymes, C-terminal	351	431	8.5E-27	T	13-04-2026	IPR032859	GTPase Der, C-terminal KH-domain-like	-	-
NZ_OZ245806.1_1584225-1594832:._14	af36ce5284c06a9c06de2d47a0f38bdf	433	CDD	cd01894	EngA1	6	163	1.61551E-82	T	13-04-2026	-	-	-	-
NZ_OZ245806.1_1584225-1594832:._14	af36ce5284c06a9c06de2d47a0f38bdf	433	Pfam	PF01926	50S ribosome-binding GTPase	176	293	1.5E-21	T	13-04-2026	IPR006073	GTP binding domain	-	-
NZ_OZ245806.1_1584225-1594832:._14	af36ce5284c06a9c06de2d47a0f38bdf	433	Pfam	PF01926	50S ribosome-binding GTPase	5	120	1.2E-24	T	13-04-2026	IPR006073	GTP binding domain	-	-
NZ_CP033926.1_4536317-4546921:._3	a02c8b73ebf5ff0d7bf27e720db0d8e4	474	Pfam	PF14107	Domain of unknown function (DUF4280)	55	159	1.1E-7	T	13-04-2026	IPR025460	Protein of unknown function DUF4280	-	-
NZ_CM143117.1_19262-29899:._2	a1c88ed327498b96098a9cfb4e4acbc0	1021	Pfam	PF20473	MmeI, DNA-methyltransferase domain	338	517	1.2E-7	T	13-04-2026	IPR046816	MmeI-like, DNA-methyltransferase domain	-	-
NZ_CM143122.1_219845-230482:._2	a1c88ed327498b96098a9cfb4e4acbc0	1021	Pfam	PF20473	MmeI, DNA-methyltransferase domain	338	517	1.2E-7	T	13-04-2026	IPR046816	MmeI-like, DNA-methyltransferase domain	-	-
NZ_OX596084.1_1719772-1730409:._2	a1c88ed327498b96098a9cfb4e4acbc0	1021	Pfam	PF20473	MmeI, DNA-methyltransferase domain	338	517	1.2E-7	T	13-04-2026	IPR046816	MmeI-like, DNA-methyltransferase domain	-	-
NZ_CP077754.1_1712170-1722807:._2	a1c88ed327498b96098a9cfb4e4acbc0	1021	Pfam	PF20473	MmeI, DNA-methyltransferase domain	338	517	1.2E-7	T	13-04-2026	IPR046816	MmeI-like, DNA-methyltransferase domain	-	-
NZ_CP077751.1_1700941-1711578:._2	a1c88ed327498b96098a9cfb4e4acbc0	1021	Pfam	PF20473	MmeI, DNA-methyltransferase domain	338	517	1.2E-7	T	13-04-2026	IPR046816	MmeI-like, DNA-methyltransferase domain	-	-
NZ_CM143116.1_2524405-2535042:._7	a1c88ed327498b96098a9cfb4e4acbc0	1021	Pfam	PF20473	MmeI, DNA-methyltransferase domain	338	517	1.2E-7	T	13-04-2026	IPR046816	MmeI-like, DNA-methyltransferase domain	-	-
NZ_CM143123.1_1-9276:._6	a1c88ed327498b96098a9cfb4e4acbc0	1021	Pfam	PF20473	MmeI, DNA-methyltransferase domain	338	517	1.2E-7	T	13-04-2026	IPR046816	MmeI-like, DNA-methyltransferase domain	-	-
NZ_CP015068.2_3107290-3117846:._5	709e93413ef7a7f11a90b08702a2f797	185	Pfam	PF02796	Helix-turn-helix domain of resolvase	139	183	3.0E-4	T	13-04-2026	IPR006120	Resolvase, HTH domain	-	-
NZ_CP015068.2_3107290-3117846:._5	709e93413ef7a7f11a90b08702a2f797	185	CDD	cd03768	SR_ResInv	2	127	2.12648E-56	T	13-04-2026	-	-	-	-
NZ_CP015068.2_3107290-3117846:._5	709e93413ef7a7f11a90b08702a2f797	185	Pfam	PF00239	Resolvase, N terminal domain	2	136	3.3E-38	T	13-04-2026	IPR006119	Resolvase, N-terminal catalytic domain	-	-
NZ_CP015066.2_3107290-3117846:._5	709e93413ef7a7f11a90b08702a2f797	185	Pfam	PF02796	Helix-turn-helix domain of resolvase	139	183	3.0E-4	T	13-04-2026	IPR006120	Resolvase, HTH domain	-	-
NZ_CP015066.2_3107290-3117846:._5	709e93413ef7a7f11a90b08702a2f797	185	CDD	cd03768	SR_ResInv	2	127	2.12648E-56	T	13-04-2026	-	-	-	-
NZ_CP015066.2_3107290-3117846:._5	709e93413ef7a7f11a90b08702a2f797	185	Pfam	PF00239	Resolvase, N terminal domain	2	136	3.3E-38	T	13-04-2026	IPR006119	Resolvase, N-terminal catalytic domain	-	-
NZ_CP015067.2_3107290-3117846:._5	709e93413ef7a7f11a90b08702a2f797	185	Pfam	PF02796	Helix-turn-helix domain of resolvase	139	183	3.0E-4	T	13-04-2026	IPR006120	Resolvase, HTH domain	-	-
NZ_CP015067.2_3107290-3117846:._5	709e93413ef7a7f11a90b08702a2f797	185	CDD	cd03768	SR_ResInv	2	127	2.12648E-56	T	13-04-2026	-	-	-	-
NZ_CP015067.2_3107290-3117846:._5	709e93413ef7a7f11a90b08702a2f797	185	Pfam	PF00239	Resolvase, N terminal domain	2	136	3.3E-38	T	13-04-2026	IPR006119	Resolvase, N-terminal catalytic domain	-	-
NZ_CP014805.2_3107290-3117846:._5	709e93413ef7a7f11a90b08702a2f797	185	Pfam	PF02796	Helix-turn-helix domain of resolvase	139	183	3.0E-4	T	13-04-2026	IPR006120	Resolvase, HTH domain	-	-
NZ_CP014805.2_3107290-3117846:._5	709e93413ef7a7f11a90b08702a2f797	185	CDD	cd03768	SR_ResInv	2	127	2.12648E-56	T	13-04-2026	-	-	-	-
NZ_CP014805.2_3107290-3117846:._5	709e93413ef7a7f11a90b08702a2f797	185	Pfam	PF00239	Resolvase, N terminal domain	2	136	3.3E-38	T	13-04-2026	IPR006119	Resolvase, N-terminal catalytic domain	-	-
NZ_CP196751.1_37266-47864:._4	4875137cb556c853a03c19dd19191586	97	Pfam	PF14055	NVEALA protein	3	50	2.5E-9	T	13-04-2026	IPR025905	NVEALA protein	-	-
NZ_CP032819.1_28358-38950:._7	9b28406e262f60b6659053b78a414f6c	420	CDD	cd00082	HisKA	191	250	6.53306E-4	T	13-04-2026	IPR003661	Signal transduction histidine kinase, dimerisation/phosphoacceptor domain	-	-
NZ_CP032819.1_28358-38950:._7	9b28406e262f60b6659053b78a414f6c	420	Pfam	PF02518	Histidine kinase-, DNA gyrase B-, and HSP90-like ATPase	300	407	2.7E-22	T	13-04-2026	IPR003594	Histidine kinase/HSP90-like ATPase	-	-
NZ_CP032819.1_28358-38950:._7	9b28406e262f60b6659053b78a414f6c	420	Pfam	PF00512	His Kinase A (phospho-acceptor) domain	191	253	0.0066	T	13-04-2026	IPR003661	Signal transduction histidine kinase, dimerisation/phosphoacceptor domain	-	-
NZ_CP095070.1_93803-104413:._1	13bfc93d2ce661a47c98ad95f301505d	875	CDD	cd00130	PAS	700	790	4.90336E-5	T	13-04-2026	IPR000014	PAS domain	-	-
NZ_CP095070.1_93803-104413:._1	13bfc93d2ce661a47c98ad95f301505d	875	Pfam	PF08448	PAS fold	224	334	4.0E-6	T	13-04-2026	IPR013656	PAS fold-4	-	-
NZ_CP095070.1_93803-104413:._1	13bfc93d2ce661a47c98ad95f301505d	875	Pfam	PF08448	PAS fold	406	520	6.1E-8	T	13-04-2026	IPR013656	PAS fold-4	-	-
NZ_CP095070.1_93803-104413:._1	13bfc93d2ce661a47c98ad95f301505d	875	Pfam	PF08448	PAS fold	551	663	7.7E-6	T	13-04-2026	IPR013656	PAS fold-4	-	-
NZ_CP095070.1_93803-104413:._1	13bfc93d2ce661a47c98ad95f301505d	875	Pfam	PF08448	PAS fold	68	192	8.0E-7	T	13-04-2026	IPR013656	PAS fold-4	-	-
NZ_CP095070.1_93803-104413:._1	13bfc93d2ce661a47c98ad95f301505d	875	Pfam	PF08448	PAS fold	680	795	8.1E-11	T	13-04-2026	IPR013656	PAS fold-4	-	-
NZ_CP072215.1_43945-54537:._5	624147742195635df802808164c6fa51	211	Pfam	PF07505	Protein of unknown function (DUF5131)	2	186	4.7E-29	T	13-04-2026	IPR011101	Protein of unknown function DUF5131	-	-
NZ_OX596081.1_1428450-1439087:._4	c00b4ce954d523876d4f776c834ae4a8	179	Pfam	PF07275	Antirestriction protein (ArdA)	13	175	2.3E-20	T	13-04-2026	IPR009899	Antirestriction	-	-
NZ_OX596082.1_1428453-1439090:._4	c00b4ce954d523876d4f776c834ae4a8	179	Pfam	PF07275	Antirestriction protein (ArdA)	13	175	2.3E-20	T	13-04-2026	IPR009899	Antirestriction	-	-
NZ_CP115636.1_2090523-2101085:._15	5252ab1cc1f4c74b55b5712292e14f42	99	Pfam	PF01638	HxlR-like helix-turn-helix	8	95	1.3E-22	T	13-04-2026	IPR002577	Helix-turn-helix, HxlR type	-	-
NZ_CP094531.1_39741-50303:._2	8d749b05b2b4b27150263473af41f84b	260	Pfam	PF13614	AAA domain	1	174	1.5E-30	T	13-04-2026	IPR025669	AAA domain	-	-
NZ_CP094531.1_39741-50303:._2	8d749b05b2b4b27150263473af41f84b	260	CDD	cd02042	ParAB_family	3	198	8.50971E-37	T	13-04-2026	-	-	-	-
NZ_CP006587.1_4827107-4837720:._3	d8aefcf2b835a3b96a135bdae75b1212	512	Pfam	PF13751	Transposase DDE domain	341	463	1.6E-16	T	13-04-2026	IPR025668	Transposase DDE domain	-	-
NZ_CP006587.1_4827107-4837720:._3	d8aefcf2b835a3b96a135bdae75b1212	512	Pfam	PF05598	Transposase domain (DUF772)	51	125	4.5E-14	T	13-04-2026	IPR008490	Transposase InsH, N-terminal	-	-
NZ_AP026867.1_1-5558:._2	7ab60400e62c0190eb9a63e53e962ec8	360	Pfam	PF18962	Secretion system C-terminal sorting domain	286	356	3.2E-7	T	13-04-2026	IPR026444	Secretion system C-terminal sorting domain	-	-
NZ_AP026867.1_1-5558:._2	7ab60400e62c0190eb9a63e53e962ec8	360	Pfam	PF13385	Concanavalin A-like lectin/glucanases superfamily	93	259	5.9E-18	T	13-04-2026	-	-	-	-
NC_009614.1_611886-623561:._6	bd669ab759d7980eac382e872e256728	222	Pfam	PF12990	Domain of unknonw function from B. Theta Gene description (DUF3874)	149	217	5.6E-22	T	13-04-2026	IPR024450	Domain of unknown function DUF3874	-	-
NC_009614.1_611886-623561:._6	bd669ab759d7980eac382e872e256728	222	Pfam	PF05272	Virulence-associated protein E-like domain	7	146	3.4E-21	T	13-04-2026	IPR007936	Virulence-associated protein E-like domain	-	-
NZ_CP179925.1_611886-623561:._6	bd669ab759d7980eac382e872e256728	222	Pfam	PF12990	Domain of unknonw function from B. Theta Gene description (DUF3874)	149	217	5.6E-22	T	13-04-2026	IPR024450	Domain of unknown function DUF3874	-	-
NZ_CP179925.1_611886-623561:._6	bd669ab759d7980eac382e872e256728	222	Pfam	PF05272	Virulence-associated protein E-like domain	7	146	3.4E-21	T	13-04-2026	IPR007936	Virulence-associated protein E-like domain	-	-
NZ_CP135989.1_1706394-1716983:._12	df69f04c82cdb779509ac29f2b07b5f1	155	Pfam	PF08695	Cytochrome oxidase complex assembly protein 1	38	146	1.5E-10	T	13-04-2026	IPR014807	Cytochrome c oxidase assembly factor 1	-	-
NZ_CP090557.1_2770991-2781580:._2	b2f4b33a5cf8d8c957634522cc90ebd6	435	Pfam	PF01343	Peptidase family S49	129	273	2.3E-12	T	13-04-2026	IPR002142	Peptidase S49	-	-
NZ_CP006587.1_4827107-4837720:._9	3120d263dcfb193d0b6ec179416f6041	220	Pfam	PF00415	Regulator of chromosome condensation (RCC1) repeat	104	136	6.6E-4	T	13-04-2026	IPR000408	Regulator of chromosome condensation, RCC1	-	-
NZ_CP006587.1_4827107-4837720:._9	3120d263dcfb193d0b6ec179416f6041	220	Pfam	PF00415	Regulator of chromosome condensation (RCC1) repeat	54	99	5.0E-7	T	13-04-2026	IPR000408	Regulator of chromosome condensation, RCC1	-	-
NZ_CP006587.1_4827107-4837720:._9	3120d263dcfb193d0b6ec179416f6041	220	Pfam	PF00415	Regulator of chromosome condensation (RCC1) repeat	4	51	5.7E-5	T	13-04-2026	IPR000408	Regulator of chromosome condensation, RCC1	-	-
NZ_CP022515.1_2251748-2262316:._5	aba7e76ab1430f1be19f2fd9f0e97b91	294	Pfam	PF13495	Phage integrase, N-terminal SAM-like domain	19	91	1.3E-4	T	13-04-2026	IPR004107	Integrase, SAM-like, N-terminal	-	-
NZ_CP022515.1_2251748-2262316:._5	aba7e76ab1430f1be19f2fd9f0e97b91	294	Pfam	PF00589	Phage integrase family	114	277	9.6E-31	T	13-04-2026	IPR002104	Integrase, catalytic domain	-	-
NZ_CP089538.1_2526952-2537580:._4	3eac8c18bfb88422747bc52d9b0acdb3	367	Pfam	PF13289	SIR2-like domain	174	329	0.012	T	13-04-2026	IPR039444	SIR2-like domain	-	-
NZ_CP023402.1_2692148-2702740:._2	a220b5fff04ce9da53728eb6609f242a	553	Pfam	PF09563	LlaJI restriction endonuclease	99	307	2.5E-6	T	13-04-2026	IPR018579	Restriction endonuclease, type II, LlaJI	-	-
NZ_CP023401.1_2656649-2667241:._2	a220b5fff04ce9da53728eb6609f242a	553	Pfam	PF09563	LlaJI restriction endonuclease	99	307	2.5E-6	T	13-04-2026	IPR018579	Restriction endonuclease, type II, LlaJI	-	-
NZ_CP023403.1_2692148-2702740:._2	a220b5fff04ce9da53728eb6609f242a	553	Pfam	PF09563	LlaJI restriction endonuclease	99	307	2.5E-6	T	13-04-2026	IPR018579	Restriction endonuclease, type II, LlaJI	-	-
NZ_CP023404.1_2692148-2702740:._2	a220b5fff04ce9da53728eb6609f242a	553	Pfam	PF09563	LlaJI restriction endonuclease	99	307	2.5E-6	T	13-04-2026	IPR018579	Restriction endonuclease, type II, LlaJI	-	-
NZ_CP114768.1_24102-34712:._7	d9a3b919e7aa3adc089bdfff64c3e3fe	341	Pfam	PF07110	EthD domain	83	193	0.4	T	13-04-2026	IPR009799	EthD domain	-	-
NZ_CP114768.1_24102-34712:._7	d9a3b919e7aa3adc089bdfff64c3e3fe	341	Pfam	PF07110	EthD domain	228	316	7.3E-8	T	13-04-2026	IPR009799	EthD domain	-	-
NC_009614.1_611886-623561:._3	b75c2cfdef4119dbc402bb3cb78b474a	491	Pfam	PF00571	CBS domain	154	207	2.4E-9	T	13-04-2026	IPR000644	CBS domain	-	-
NC_009614.1_611886-623561:._3	b75c2cfdef4119dbc402bb3cb78b474a	491	Pfam	PF00571	CBS domain	97	144	2.0E-9	T	13-04-2026	IPR000644	CBS domain	-	-
NC_009614.1_611886-623561:._3	b75c2cfdef4119dbc402bb3cb78b474a	491	Pfam	PF00478	IMP dehydrogenase / GMP reductase domain	12	476	2.5E-156	T	13-04-2026	IPR001093	IMP dehydrogenase/GMP reductase	-	-
NC_009614.1_611886-623561:._3	b75c2cfdef4119dbc402bb3cb78b474a	491	CDD	cd00381	IMPDH	12	465	1.54064E-167	T	13-04-2026	IPR001093	IMP dehydrogenase/GMP reductase	-	-
NC_009614.1_611886-623561:._3	b75c2cfdef4119dbc402bb3cb78b474a	491	CDD	cd04601	CBS_pair_IMPDH	98	206	6.89182E-48	T	13-04-2026	-	-	-	-
NZ_CP179925.1_611886-623561:._3	b75c2cfdef4119dbc402bb3cb78b474a	491	Pfam	PF00571	CBS domain	154	207	2.4E-9	T	13-04-2026	IPR000644	CBS domain	-	-
NZ_CP179925.1_611886-623561:._3	b75c2cfdef4119dbc402bb3cb78b474a	491	Pfam	PF00571	CBS domain	97	144	2.0E-9	T	13-04-2026	IPR000644	CBS domain	-	-
NZ_CP179925.1_611886-623561:._3	b75c2cfdef4119dbc402bb3cb78b474a	491	Pfam	PF00478	IMP dehydrogenase / GMP reductase domain	12	476	2.5E-156	T	13-04-2026	IPR001093	IMP dehydrogenase/GMP reductase	-	-
NZ_CP179925.1_611886-623561:._3	b75c2cfdef4119dbc402bb3cb78b474a	491	CDD	cd00381	IMPDH	12	465	1.54064E-167	T	13-04-2026	IPR001093	IMP dehydrogenase/GMP reductase	-	-
NZ_CP179925.1_611886-623561:._3	b75c2cfdef4119dbc402bb3cb78b474a	491	CDD	cd04601	CBS_pair_IMPDH	98	206	6.89182E-48	T	13-04-2026	-	-	-	-
NZ_CP034173.1_1138126-1148700:._12	be5ddf97fd76c5960f73496fc56ac719	239	Pfam	PF19570	Family of unknown function (DUF6088)	8	171	7.8E-7	T	13-04-2026	IPR045738	Protein of unknown function DUF6088	-	-
NZ_CP030851.1_33300-43901:._1	00b20907d64bff18eabc70e069ded35b	214	Pfam	PF18626	Glutaminase	139	210	1.5E-4	T	13-04-2026	IPR041325	Protein glutaminase	-	-
NZ_CP072253.1_51844-62439:._3	a1bbedafd98c0dcc0ece0e8d56ec582c	208	Pfam	PF04002	RadC-like JAB domain	86	203	1.2E-35	T	13-04-2026	IPR025657	RadC-like JAB domain	-	-
NZ_CP072253.1_51844-62439:._3	a1bbedafd98c0dcc0ece0e8d56ec582c	208	CDD	cd08071	MPN_DUF2466	90	200	1.02006E-50	T	13-04-2026	IPR025657	RadC-like JAB domain	-	-
NZ_CP072241.1_51837-62432:._3	a1bbedafd98c0dcc0ece0e8d56ec582c	208	Pfam	PF04002	RadC-like JAB domain	86	203	1.2E-35	T	13-04-2026	IPR025657	RadC-like JAB domain	-	-
NZ_CP072241.1_51837-62432:._3	a1bbedafd98c0dcc0ece0e8d56ec582c	208	CDD	cd08071	MPN_DUF2466	90	200	1.02006E-50	T	13-04-2026	IPR025657	RadC-like JAB domain	-	-
NZ_CP143953.1_1-10201:._14	a1bbedafd98c0dcc0ece0e8d56ec582c	208	Pfam	PF04002	RadC-like JAB domain	86	203	1.2E-35	T	13-04-2026	IPR025657	RadC-like JAB domain	-	-
NZ_CP143953.1_1-10201:._14	a1bbedafd98c0dcc0ece0e8d56ec582c	208	CDD	cd08071	MPN_DUF2466	90	200	1.02006E-50	T	13-04-2026	IPR025657	RadC-like JAB domain	-	-
NZ_CP072238.1_51863-62458:._3	a1bbedafd98c0dcc0ece0e8d56ec582c	208	Pfam	PF04002	RadC-like JAB domain	86	203	1.2E-35	T	13-04-2026	IPR025657	RadC-like JAB domain	-	-
NZ_CP072238.1_51863-62458:._3	a1bbedafd98c0dcc0ece0e8d56ec582c	208	CDD	cd08071	MPN_DUF2466	90	200	1.02006E-50	T	13-04-2026	IPR025657	RadC-like JAB domain	-	-
NZ_CP072245.1_55835-66430:._3	a1bbedafd98c0dcc0ece0e8d56ec582c	208	Pfam	PF04002	RadC-like JAB domain	86	203	1.2E-35	T	13-04-2026	IPR025657	RadC-like JAB domain	-	-
NZ_CP072245.1_55835-66430:._3	a1bbedafd98c0dcc0ece0e8d56ec582c	208	CDD	cd08071	MPN_DUF2466	90	200	1.02006E-50	T	13-04-2026	IPR025657	RadC-like JAB domain	-	-
NZ_CP081905.1_30585-41180:._14	a1bbedafd98c0dcc0ece0e8d56ec582c	208	Pfam	PF04002	RadC-like JAB domain	86	203	1.2E-35	T	13-04-2026	IPR025657	RadC-like JAB domain	-	-
NZ_CP081905.1_30585-41180:._14	a1bbedafd98c0dcc0ece0e8d56ec582c	208	CDD	cd08071	MPN_DUF2466	90	200	1.02006E-50	T	13-04-2026	IPR025657	RadC-like JAB domain	-	-
NZ_AP019726.1_81904-92499:._3	a1bbedafd98c0dcc0ece0e8d56ec582c	208	Pfam	PF04002	RadC-like JAB domain	86	203	1.2E-35	T	13-04-2026	IPR025657	RadC-like JAB domain	-	-
NZ_AP019726.1_81904-92499:._3	a1bbedafd98c0dcc0ece0e8d56ec582c	208	CDD	cd08071	MPN_DUF2466	90	200	1.02006E-50	T	13-04-2026	IPR025657	RadC-like JAB domain	-	-
NZ_CP081907.1_47128-57723:._14	a1bbedafd98c0dcc0ece0e8d56ec582c	208	Pfam	PF04002	RadC-like JAB domain	86	203	1.2E-35	T	13-04-2026	IPR025657	RadC-like JAB domain	-	-
NZ_CP081907.1_47128-57723:._14	a1bbedafd98c0dcc0ece0e8d56ec582c	208	CDD	cd08071	MPN_DUF2466	90	200	1.02006E-50	T	13-04-2026	IPR025657	RadC-like JAB domain	-	-
NZ_CP072223.1_86752-97347:._14	a1bbedafd98c0dcc0ece0e8d56ec582c	208	Pfam	PF04002	RadC-like JAB domain	86	203	1.2E-35	T	13-04-2026	IPR025657	RadC-like JAB domain	-	-
NZ_CP072223.1_86752-97347:._14	a1bbedafd98c0dcc0ece0e8d56ec582c	208	CDD	cd08071	MPN_DUF2466	90	200	1.02006E-50	T	13-04-2026	IPR025657	RadC-like JAB domain	-	-
NZ_CP069564.1_87419-98014:._14	a1bbedafd98c0dcc0ece0e8d56ec582c	208	Pfam	PF04002	RadC-like JAB domain	86	203	1.2E-35	T	13-04-2026	IPR025657	RadC-like JAB domain	-	-
NZ_CP069564.1_87419-98014:._14	a1bbedafd98c0dcc0ece0e8d56ec582c	208	CDD	cd08071	MPN_DUF2466	90	200	1.02006E-50	T	13-04-2026	IPR025657	RadC-like JAB domain	-	-
NZ_CP143950.1_88416-99011:._3	a1bbedafd98c0dcc0ece0e8d56ec582c	208	Pfam	PF04002	RadC-like JAB domain	86	203	1.2E-35	T	13-04-2026	IPR025657	RadC-like JAB domain	-	-
NZ_CP143950.1_88416-99011:._3	a1bbedafd98c0dcc0ece0e8d56ec582c	208	CDD	cd08071	MPN_DUF2466	90	200	1.02006E-50	T	13-04-2026	IPR025657	RadC-like JAB domain	-	-
NZ_CP072230.1_55830-66425:._3	a1bbedafd98c0dcc0ece0e8d56ec582c	208	Pfam	PF04002	RadC-like JAB domain	86	203	1.2E-35	T	13-04-2026	IPR025657	RadC-like JAB domain	-	-
NZ_CP072230.1_55830-66425:._3	a1bbedafd98c0dcc0ece0e8d56ec582c	208	CDD	cd08071	MPN_DUF2466	90	200	1.02006E-50	T	13-04-2026	IPR025657	RadC-like JAB domain	-	-
NZ_CP072233.1_55833-66428:._3	a1bbedafd98c0dcc0ece0e8d56ec582c	208	Pfam	PF04002	RadC-like JAB domain	86	203	1.2E-35	T	13-04-2026	IPR025657	RadC-like JAB domain	-	-
NZ_CP072233.1_55833-66428:._3	a1bbedafd98c0dcc0ece0e8d56ec582c	208	CDD	cd08071	MPN_DUF2466	90	200	1.02006E-50	T	13-04-2026	IPR025657	RadC-like JAB domain	-	-
NZ_CP072211.1_51838-62433:._3	a1bbedafd98c0dcc0ece0e8d56ec582c	208	Pfam	PF04002	RadC-like JAB domain	86	203	1.2E-35	T	13-04-2026	IPR025657	RadC-like JAB domain	-	-
NZ_CP072211.1_51838-62433:._3	a1bbedafd98c0dcc0ece0e8d56ec582c	208	CDD	cd08071	MPN_DUF2466	90	200	1.02006E-50	T	13-04-2026	IPR025657	RadC-like JAB domain	-	-
NZ_CP072219.1_51842-62437:._3	a1bbedafd98c0dcc0ece0e8d56ec582c	208	Pfam	PF04002	RadC-like JAB domain	86	203	1.2E-35	T	13-04-2026	IPR025657	RadC-like JAB domain	-	-
NZ_CP072219.1_51842-62437:._3	a1bbedafd98c0dcc0ece0e8d56ec582c	208	CDD	cd08071	MPN_DUF2466	90	200	1.02006E-50	T	13-04-2026	IPR025657	RadC-like JAB domain	-	-
NZ_CP072228.1_51839-62434:._3	a1bbedafd98c0dcc0ece0e8d56ec582c	208	Pfam	PF04002	RadC-like JAB domain	86	203	1.2E-35	T	13-04-2026	IPR025657	RadC-like JAB domain	-	-
NZ_CP072228.1_51839-62434:._3	a1bbedafd98c0dcc0ece0e8d56ec582c	208	CDD	cd08071	MPN_DUF2466	90	200	1.02006E-50	T	13-04-2026	IPR025657	RadC-like JAB domain	-	-
NZ_CP143942.1_80606-91201:._3	a1bbedafd98c0dcc0ece0e8d56ec582c	208	Pfam	PF04002	RadC-like JAB domain	86	203	1.2E-35	T	13-04-2026	IPR025657	RadC-like JAB domain	-	-
NZ_CP143942.1_80606-91201:._3	a1bbedafd98c0dcc0ece0e8d56ec582c	208	CDD	cd08071	MPN_DUF2466	90	200	1.02006E-50	T	13-04-2026	IPR025657	RadC-like JAB domain	-	-
NZ_CP131534.1_3163299-3173894:._3	a1bbedafd98c0dcc0ece0e8d56ec582c	208	Pfam	PF04002	RadC-like JAB domain	86	203	1.2E-35	T	13-04-2026	IPR025657	RadC-like JAB domain	-	-
NZ_CP131534.1_3163299-3173894:._3	a1bbedafd98c0dcc0ece0e8d56ec582c	208	CDD	cd08071	MPN_DUF2466	90	200	1.02006E-50	T	13-04-2026	IPR025657	RadC-like JAB domain	-	-
NZ_CP092371.1_10906-21471:._11	d8a86658b49c7cb5e6ac2bb4d590cf55	58	Pfam	PF07432	Histone H1-like protein Hc1	2	58	4.2E-17	T	13-04-2026	IPR010886	Histone H1-like Hc1	-	-
NZ_CP103120.1_40675-51270:._1	36aa4d814676593c81667e45c7a7ceaf	86	Pfam	PF00216	Bacterial DNA-binding protein	1	85	6.4E-21	T	13-04-2026	IPR000119	Histone-like DNA-binding protein	-	-
NZ_CP103120.1_40675-51270:._1	36aa4d814676593c81667e45c7a7ceaf	86	CDD	cd13836	IHF_B	1	85	6.34914E-32	T	13-04-2026	-	-	-	-
NC_018721.1_2552203-2562816:._9	f176d9f266b72e299c4763c2f913cfcb	204	CDD	cd03768	SR_ResInv	2	134	3.05059E-27	T	13-04-2026	-	-	-	-
NC_018721.1_2552203-2562816:._9	f176d9f266b72e299c4763c2f913cfcb	204	Pfam	PF00239	Resolvase, N terminal domain	3	143	3.6E-18	T	13-04-2026	IPR006119	Resolvase, N-terminal catalytic domain	-	-
NZ_CP006587.1_4757826-4767977:._8	0a5ee53a5e8e92195b7792e24ecf5b98	50	Pfam	PF00239	Resolvase, N terminal domain	3	49	1.2E-10	T	13-04-2026	IPR006119	Resolvase, N-terminal catalytic domain	-	-
NZ_CP006587.1_4757826-4767977:._8	0a5ee53a5e8e92195b7792e24ecf5b98	50	CDD	cd03768	SR_ResInv	2	49	1.08579E-21	T	13-04-2026	-	-	-	-
NZ_OZ260103.1_4084383-4094978:._7	aeca82ce5f5758c94b338d641c0596b8	198	CDD	cd03768	SR_ResInv	5	135	9.04788E-25	T	13-04-2026	-	-	-	-
NZ_OZ260103.1_4084383-4094978:._7	aeca82ce5f5758c94b338d641c0596b8	198	Pfam	PF00239	Resolvase, N terminal domain	4	144	1.1E-14	T	13-04-2026	IPR006119	Resolvase, N-terminal catalytic domain	-	-
NZ_CP094675.1_7755-18323:._7	b3c317b8ecbca6525411e6d98d73911b	432	Pfam	PF00589	Phage integrase family	256	415	5.1E-13	T	13-04-2026	IPR002104	Integrase, catalytic domain	-	-
NZ_CP094675.1_7755-18323:._7	b3c317b8ecbca6525411e6d98d73911b	432	Pfam	PF13102	Phage integrase SAM-like domain	130	240	1.2E-9	T	13-04-2026	IPR025269	Phage integrase SAM-like domain	-	-
NZ_CP197400.1_1166464-1177041:._13	887b4efef1528df5183a7ac485007e58	187	Pfam	PF13155	Toprim-like	36	116	1.1E-6	T	13-04-2026	-	-	-	-
NZ_CP197400.1_1166464-1177041:._13	887b4efef1528df5183a7ac485007e58	187	CDD	cd01029	TOPRIM_primases	35	116	3.93118E-5	T	13-04-2026	IPR034154	Archaeal primase DnaG/twinkle-like, TOPRIM domain	-	-
NZ_CP146526.1_6816-17408:._13	bbf67455dd83c8aff338a017fb7550a7	266	Pfam	PF08843	Nucleotidyl transferase AbiEii toxin, Type IV TA system	1	254	2.7E-18	T	13-04-2026	IPR014942	Nucleotidyl transferase AbiEii toxin, Type IV TA system	-	-
NZ_CP030851.1_33300-43901:._13	dccc629be779aef10679de702c7a9346	351	Pfam	PF02518	Histidine kinase-, DNA gyrase B-, and HSP90-like ATPase	225	349	4.5E-11	T	13-04-2026	IPR003594	Histidine kinase/HSP90-like ATPase	-	-
NZ_CP103375.1_3502053-3512636:._12	ee5bacd70b5a35e67b4e091efe5fb465	100	CDD	cd00090	HTH_ARSR	20	93	2.33214E-15	T	13-04-2026	IPR011991	ArsR-like helix-turn-helix domain	-	-
NZ_CP103375.1_3502053-3512636:._12	ee5bacd70b5a35e67b4e091efe5fb465	100	Pfam	PF12840	Helix-turn-helix domain	23	73	2.0E-9	T	13-04-2026	-	-	-	-
NZ_CP094932.1_1506-12110:._2	79eee6f498a8bffe62060cff1717d9cd	225	Pfam	PF02517	Type II CAAX prenyl endopeptidase Rce1-like	99	192	1.4E-9	T	13-04-2026	IPR003675	Type II CAAX prenyl endopeptidase Rce1-like	-	-
NZ_CP016373.1_1241352-1251989:._5	feff3de1f6f70fa93ec266d5613a2e80	212	Pfam	PF00239	Resolvase, N terminal domain	18	156	3.0E-21	T	13-04-2026	IPR006119	Resolvase, N-terminal catalytic domain	-	-
NZ_CP016373.1_1241352-1251989:._5	feff3de1f6f70fa93ec266d5613a2e80	212	CDD	cd03768	SR_ResInv	19	147	1.21868E-32	T	13-04-2026	-	-	-	-
NZ_CP077751.1_1700941-1711578:._4	feff3de1f6f70fa93ec266d5613a2e80	212	Pfam	PF00239	Resolvase, N terminal domain	18	156	3.0E-21	T	13-04-2026	IPR006119	Resolvase, N-terminal catalytic domain	-	-
NZ_CP077751.1_1700941-1711578:._4	feff3de1f6f70fa93ec266d5613a2e80	212	CDD	cd03768	SR_ResInv	19	147	1.21868E-32	T	13-04-2026	-	-	-	-
NZ_CM143123.1_1-9276:._4	feff3de1f6f70fa93ec266d5613a2e80	212	Pfam	PF00239	Resolvase, N terminal domain	18	156	3.0E-21	T	13-04-2026	IPR006119	Resolvase, N-terminal catalytic domain	-	-
NZ_CM143123.1_1-9276:._4	feff3de1f6f70fa93ec266d5613a2e80	212	CDD	cd03768	SR_ResInv	19	147	1.21868E-32	T	13-04-2026	-	-	-	-
NZ_CM143116.1_2524405-2535042:._5	feff3de1f6f70fa93ec266d5613a2e80	212	Pfam	PF00239	Resolvase, N terminal domain	18	156	3.0E-21	T	13-04-2026	IPR006119	Resolvase, N-terminal catalytic domain	-	-
NZ_CM143116.1_2524405-2535042:._5	feff3de1f6f70fa93ec266d5613a2e80	212	CDD	cd03768	SR_ResInv	19	147	1.21868E-32	T	13-04-2026	-	-	-	-
NZ_CP077754.1_1712170-1722807:._4	feff3de1f6f70fa93ec266d5613a2e80	212	Pfam	PF00239	Resolvase, N terminal domain	18	156	3.0E-21	T	13-04-2026	IPR006119	Resolvase, N-terminal catalytic domain	-	-
NZ_CP077754.1_1712170-1722807:._4	feff3de1f6f70fa93ec266d5613a2e80	212	CDD	cd03768	SR_ResInv	19	147	1.21868E-32	T	13-04-2026	-	-	-	-
NZ_CP023010.2_126289-136926:._5	feff3de1f6f70fa93ec266d5613a2e80	212	Pfam	PF00239	Resolvase, N terminal domain	18	156	3.0E-21	T	13-04-2026	IPR006119	Resolvase, N-terminal catalytic domain	-	-
NZ_CP023010.2_126289-136926:._5	feff3de1f6f70fa93ec266d5613a2e80	212	CDD	cd03768	SR_ResInv	19	147	1.21868E-32	T	13-04-2026	-	-	-	-
NZ_CP198980.1_1327920-1338557:._5	feff3de1f6f70fa93ec266d5613a2e80	212	Pfam	PF00239	Resolvase, N terminal domain	18	156	3.0E-21	T	13-04-2026	IPR006119	Resolvase, N-terminal catalytic domain	-	-
NZ_CP198980.1_1327920-1338557:._5	feff3de1f6f70fa93ec266d5613a2e80	212	CDD	cd03768	SR_ResInv	19	147	1.21868E-32	T	13-04-2026	-	-	-	-
NZ_OX596084.1_1719772-1730409:._4	feff3de1f6f70fa93ec266d5613a2e80	212	Pfam	PF00239	Resolvase, N terminal domain	18	156	3.0E-21	T	13-04-2026	IPR006119	Resolvase, N-terminal catalytic domain	-	-
NZ_OX596084.1_1719772-1730409:._4	feff3de1f6f70fa93ec266d5613a2e80	212	CDD	cd03768	SR_ResInv	19	147	1.21868E-32	T	13-04-2026	-	-	-	-
NZ_CM143122.1_219845-230482:._4	feff3de1f6f70fa93ec266d5613a2e80	212	Pfam	PF00239	Resolvase, N terminal domain	18	156	3.0E-21	T	13-04-2026	IPR006119	Resolvase, N-terminal catalytic domain	-	-
NZ_CM143122.1_219845-230482:._4	feff3de1f6f70fa93ec266d5613a2e80	212	CDD	cd03768	SR_ResInv	19	147	1.21868E-32	T	13-04-2026	-	-	-	-
NZ_CP198979.1_334542-345179:._5	feff3de1f6f70fa93ec266d5613a2e80	212	Pfam	PF00239	Resolvase, N terminal domain	18	156	3.0E-21	T	13-04-2026	IPR006119	Resolvase, N-terminal catalytic domain	-	-
NZ_CP198979.1_334542-345179:._5	feff3de1f6f70fa93ec266d5613a2e80	212	CDD	cd03768	SR_ResInv	19	147	1.21868E-32	T	13-04-2026	-	-	-	-
NZ_CM143117.1_19262-29899:._4	feff3de1f6f70fa93ec266d5613a2e80	212	Pfam	PF00239	Resolvase, N terminal domain	18	156	3.0E-21	T	13-04-2026	IPR006119	Resolvase, N-terminal catalytic domain	-	-
NZ_CM143117.1_19262-29899:._4	feff3de1f6f70fa93ec266d5613a2e80	212	CDD	cd03768	SR_ResInv	19	147	1.21868E-32	T	13-04-2026	-	-	-	-
NZ_CP198981.1_3845293-3855930:._5	feff3de1f6f70fa93ec266d5613a2e80	212	Pfam	PF00239	Resolvase, N terminal domain	18	156	3.0E-21	T	13-04-2026	IPR006119	Resolvase, N-terminal catalytic domain	-	-
NZ_CP198981.1_3845293-3855930:._5	feff3de1f6f70fa93ec266d5613a2e80	212	CDD	cd03768	SR_ResInv	19	147	1.21868E-32	T	13-04-2026	-	-	-	-
NZ_CP069277.1_3007011-3017648:._5	feff3de1f6f70fa93ec266d5613a2e80	212	Pfam	PF00239	Resolvase, N terminal domain	18	156	3.0E-21	T	13-04-2026	IPR006119	Resolvase, N-terminal catalytic domain	-	-
NZ_CP069277.1_3007011-3017648:._5	feff3de1f6f70fa93ec266d5613a2e80	212	CDD	cd03768	SR_ResInv	19	147	1.21868E-32	T	13-04-2026	-	-	-	-
NZ_CP199307.1_2979816-2990453:._4	feff3de1f6f70fa93ec266d5613a2e80	212	Pfam	PF00239	Resolvase, N terminal domain	18	156	3.0E-21	T	13-04-2026	IPR006119	Resolvase, N-terminal catalytic domain	-	-
NZ_CP199307.1_2979816-2990453:._4	feff3de1f6f70fa93ec266d5613a2e80	212	CDD	cd03768	SR_ResInv	19	147	1.21868E-32	T	13-04-2026	-	-	-	-
NZ_CP032819.1_28358-38950:._3	e01d7a9c96d117577b5a0dc39f2c0fb0	391	CDD	cd02440	AdoMet_MTases	91	145	3.43461E-4	T	13-04-2026	-	-	-	-
NZ_CP032819.1_28358-38950:._3	e01d7a9c96d117577b5a0dc39f2c0fb0	391	Pfam	PF18096	THUMP domain-like	320	390	3.6E-17	T	13-04-2026	IPR041497	THUMP-like domain	-	-
NZ_CP022986.1_896566-907170:._5	2593bf0f5b413367f1baf2673ece81eb	185	Pfam	PF18186	SMODS and SLOG-associating 2TM effector domain family 4	8	172	8.7E-60	T	13-04-2026	IPR040811	SMODS and SLOG-associating 2TM effector domain	-	-
NZ_AP027044.1_1-9179:._6	b7c0915eaa9e16f17a8dfdef84dafaf9	214	Pfam	PF00239	Resolvase, N terminal domain	3	136	1.2E-37	T	13-04-2026	IPR006119	Resolvase, N-terminal catalytic domain	-	-
NZ_AP027044.1_1-9179:._6	b7c0915eaa9e16f17a8dfdef84dafaf9	214	CDD	cd03768	SR_ResInv	2	127	3.1448E-55	T	13-04-2026	-	-	-	-
NZ_CP103197.1_18166-28749:._8	5a2047e0cdb05411b619df893fbe845f	645	Pfam	PF03629	Carbohydrate esterase, sialic acid-specific acetylesterase	409	516	1.5E-9	T	13-04-2026	IPR005181	Sialate O-acetylesterase domain	-	-
NZ_CP103197.1_18166-28749:._8	5a2047e0cdb05411b619df893fbe845f	645	Pfam	PF03629	Carbohydrate esterase, sialic acid-specific acetylesterase	100	206	7.9E-5	T	13-04-2026	IPR005181	Sialate O-acetylesterase domain	-	-
NZ_CP059973.1_3139427-3151240:._1	383b386b1a87b68967681139ba8744bc	339	Pfam	PF12987	Domain of unknown function, B. Theta Gene description (DUF3871)	22	338	2.6E-162	T	13-04-2026	IPR024353	Protein of unknown function DUF3871	-	-
NZ_CP193656.1_3635614-3646293:._8	1b24999a3e2f0f2322a29e12c680a9f1	226	CDD	cd03768	SR_ResInv	6	127	7.55293E-60	T	13-04-2026	-	-	-	-
NZ_CP193656.1_3635614-3646293:._8	1b24999a3e2f0f2322a29e12c680a9f1	226	Pfam	PF00239	Resolvase, N terminal domain	4	136	9.4E-44	T	13-04-2026	IPR006119	Resolvase, N-terminal catalytic domain	-	-
NC_010830.1_107438-117994:._7	a8cef52cdb3b12b93d33f5ddf1564ef4	317	CDD	cd10981	ZnPC_S1P1	23	264	1.29833E-102	T	13-04-2026	-	-	-	-
NZ_CP179925.1_3024398-3036073:._6	616c318f9c6e6c2f0167588c86577a64	223	Pfam	PF05272	Virulence-associated protein E-like domain	10	147	3.4E-23	T	13-04-2026	IPR007936	Virulence-associated protein E-like domain	-	-
NZ_CP179925.1_3024398-3036073:._6	616c318f9c6e6c2f0167588c86577a64	223	Pfam	PF12990	Domain of unknonw function from B. Theta Gene description (DUF3874)	150	219	1.6E-20	T	13-04-2026	IPR024450	Domain of unknown function DUF3874	-	-
NC_009614.1_2958343-2970018:._6	616c318f9c6e6c2f0167588c86577a64	223	Pfam	PF05272	Virulence-associated protein E-like domain	10	147	3.4E-23	T	13-04-2026	IPR007936	Virulence-associated protein E-like domain	-	-
NC_009614.1_2958343-2970018:._6	616c318f9c6e6c2f0167588c86577a64	223	Pfam	PF12990	Domain of unknonw function from B. Theta Gene description (DUF3874)	150	219	1.6E-20	T	13-04-2026	IPR024450	Domain of unknown function DUF3874	-	-
NZ_CP133672.1_35799-46355:._4	ff69421ffec8bc8c4c6014fec2c7f737	286	Pfam	PF04383	KilA-N domain	18	140	1.0E-16	T	13-04-2026	IPR018004	KilA/APSES-type HTH, DNA-binding	-	-
NZ_CP023403.1_2692148-2702740:._4	283b604629aeaadddfc709cbae5aff2f	349	CDD	cd14014	STKc_PknB_like	11	270	1.07413E-57	T	13-04-2026	-	-	-	-
NZ_CP023403.1_2692148-2702740:._4	283b604629aeaadddfc709cbae5aff2f	349	Pfam	PF00069	Protein kinase domain	13	258	1.1E-35	T	13-04-2026	IPR000719	Protein kinase domain	-	-
NZ_CP023401.1_2656649-2667241:._4	283b604629aeaadddfc709cbae5aff2f	349	CDD	cd14014	STKc_PknB_like	11	270	1.07413E-57	T	13-04-2026	-	-	-	-
NZ_CP023401.1_2656649-2667241:._4	283b604629aeaadddfc709cbae5aff2f	349	Pfam	PF00069	Protein kinase domain	13	258	1.1E-35	T	13-04-2026	IPR000719	Protein kinase domain	-	-
NZ_CP023404.1_2692148-2702740:._4	283b604629aeaadddfc709cbae5aff2f	349	CDD	cd14014	STKc_PknB_like	11	270	1.07413E-57	T	13-04-2026	-	-	-	-
NZ_CP023404.1_2692148-2702740:._4	283b604629aeaadddfc709cbae5aff2f	349	Pfam	PF00069	Protein kinase domain	13	258	1.1E-35	T	13-04-2026	IPR000719	Protein kinase domain	-	-
NZ_CP023402.1_2692148-2702740:._4	283b604629aeaadddfc709cbae5aff2f	349	CDD	cd14014	STKc_PknB_like	11	270	1.07413E-57	T	13-04-2026	-	-	-	-
NZ_CP023402.1_2692148-2702740:._4	283b604629aeaadddfc709cbae5aff2f	349	Pfam	PF00069	Protein kinase domain	13	258	1.1E-35	T	13-04-2026	IPR000719	Protein kinase domain	-	-
NZ_OZ409839.1_326389-336990:._3	fe7fc87bc14aed5ca6867c97339cf44a	97	Pfam	PF03992	Antibiotic biosynthesis monooxygenase	6	76	0.0066	T	13-04-2026	IPR007138	Antibiotic biosynthesis monooxygenase domain	-	-
NZ_OZ409824.1_5101300-5111901:._13	fe7fc87bc14aed5ca6867c97339cf44a	97	Pfam	PF03992	Antibiotic biosynthesis monooxygenase	6	76	0.0066	T	13-04-2026	IPR007138	Antibiotic biosynthesis monooxygenase domain	-	-
NC_006873.1_1-5722:._1	00be54f0e1bf097b54545eacacd5b9e0	197	Pfam	PF00239	Resolvase, N terminal domain	3	135	3.7E-41	T	13-04-2026	IPR006119	Resolvase, N-terminal catalytic domain	-	-
NC_006873.1_1-5722:._1	00be54f0e1bf097b54545eacacd5b9e0	197	CDD	cd03768	SR_ResInv	3	126	5.2773E-58	T	13-04-2026	-	-	-	-
NZ_CP041397.1_21313-31905:._12	00be54f0e1bf097b54545eacacd5b9e0	197	Pfam	PF00239	Resolvase, N terminal domain	3	135	3.7E-41	T	13-04-2026	IPR006119	Resolvase, N-terminal catalytic domain	-	-
NZ_CP041397.1_21313-31905:._12	00be54f0e1bf097b54545eacacd5b9e0	197	CDD	cd03768	SR_ResInv	3	126	5.2773E-58	T	13-04-2026	-	-	-	-
NZ_CP054001.1_41085-51677:._11	00be54f0e1bf097b54545eacacd5b9e0	197	Pfam	PF00239	Resolvase, N terminal domain	3	135	3.7E-41	T	13-04-2026	IPR006119	Resolvase, N-terminal catalytic domain	-	-
NZ_CP054001.1_41085-51677:._11	00be54f0e1bf097b54545eacacd5b9e0	197	CDD	cd03768	SR_ResInv	3	126	5.2773E-58	T	13-04-2026	-	-	-	-
NZ_CP045613.1_16258-26850:._9	00be54f0e1bf097b54545eacacd5b9e0	197	Pfam	PF00239	Resolvase, N terminal domain	3	135	3.7E-41	T	13-04-2026	IPR006119	Resolvase, N-terminal catalytic domain	-	-
NZ_CP045613.1_16258-26850:._9	00be54f0e1bf097b54545eacacd5b9e0	197	CDD	cd03768	SR_ResInv	3	126	5.2773E-58	T	13-04-2026	-	-	-	-
NZ_CP036556.1_1-10022:._11	00be54f0e1bf097b54545eacacd5b9e0	197	Pfam	PF00239	Resolvase, N terminal domain	3	135	3.7E-41	T	13-04-2026	IPR006119	Resolvase, N-terminal catalytic domain	-	-
NZ_CP036556.1_1-10022:._11	00be54f0e1bf097b54545eacacd5b9e0	197	CDD	cd03768	SR_ResInv	3	126	5.2773E-58	T	13-04-2026	-	-	-	-
NZ_CP081921.1_7444-18036:._10	00be54f0e1bf097b54545eacacd5b9e0	197	Pfam	PF00239	Resolvase, N terminal domain	3	135	3.7E-41	T	13-04-2026	IPR006119	Resolvase, N-terminal catalytic domain	-	-
NZ_CP081921.1_7444-18036:._10	00be54f0e1bf097b54545eacacd5b9e0	197	CDD	cd03768	SR_ResInv	3	126	5.2773E-58	T	13-04-2026	-	-	-	-
NZ_CP095848.1_1084049-1094167:._3	b330285dcfbd4ac58a525d70f8849933	108	CDD	cd03768	SR_ResInv	1	87	1.93659E-28	T	13-04-2026	-	-	-	-
NZ_CP095848.1_1084049-1094167:._3	b330285dcfbd4ac58a525d70f8849933	108	Pfam	PF00239	Resolvase, N terminal domain	2	97	1.9E-19	T	13-04-2026	IPR006119	Resolvase, N-terminal catalytic domain	-	-
NZ_OY997410.1_1109465-1119655:._11	90dfaa045fc2a333190b68ed70530dd7	248	Pfam	PF09697	Protein of unknown function (Porph_ging)	188	212	0.011	T	13-04-2026	IPR005901	GLPGLI family protein	-	-
NZ_CP111121.1_2399092-2409696:._1	b7b5472e064a1157ae549d58c12a3811	255	Pfam	PF06250	YhcG PDDEXK nuclease domain	165	255	3.9E-31	T	13-04-2026	IPR009362	YhcG PDDEXK nuclease domain	-	-
NZ_CP111121.1_2399092-2409696:._1	b7b5472e064a1157ae549d58c12a3811	255	Pfam	PF17761	DUF1016 N-terminal domain	7	143	2.3E-44	T	13-04-2026	IPR041527	YhcG, N-terminal	-	-
NZ_CP111121.1_2399092-2409696:._2	514bdf769b0e2827d0607e434ea6b73c	126	Pfam	PF02556	Preprotein translocase subunit SecB	17	125	1.5E-5	T	13-04-2026	IPR003708	Bacterial protein export chaperone SecB	-	-
NZ_CP033922.1_2373170-2383738:._3	5d3f3b98178612d801a330c8611a08fd	352	Pfam	PF06580	Histidine kinase	171	248	1.3E-14	T	13-04-2026	IPR010559	Signal transduction histidine kinase, internal region	-	-
NZ_CP048222.1_624272-634840:._7	5168aa6ac6924d133c974bc8cddbbd44	189	CDD	cd03768	SR_ResInv	4	128	1.02138E-54	T	13-04-2026	-	-	-	-
NZ_CP048222.1_624272-634840:._7	5168aa6ac6924d133c974bc8cddbbd44	189	Pfam	PF00239	Resolvase, N terminal domain	4	137	6.7E-36	T	13-04-2026	IPR006119	Resolvase, N-terminal catalytic domain	-	-
NZ_CP048222.1_624272-634840:._7	5168aa6ac6924d133c974bc8cddbbd44	189	Pfam	PF02796	Helix-turn-helix domain of resolvase	140	182	0.032	T	13-04-2026	IPR006120	Resolvase, HTH domain	-	-
NZ_CP081907.1_47128-57723:._9	00ebfcf2ed352d57e3db627581e21cd1	220	Pfam	PF13310	Virulence protein RhuM family	72	134	2.0E-16	T	13-04-2026	IPR011204	Virulence protein RhuM-like	-	-
NZ_CP072245.1_55835-66430:._8	00ebfcf2ed352d57e3db627581e21cd1	220	Pfam	PF13310	Virulence protein RhuM family	72	134	2.0E-16	T	13-04-2026	IPR011204	Virulence protein RhuM-like	-	-
NZ_CP072230.1_55830-66425:._8	00ebfcf2ed352d57e3db627581e21cd1	220	Pfam	PF13310	Virulence protein RhuM family	72	134	2.0E-16	T	13-04-2026	IPR011204	Virulence protein RhuM-like	-	-
NZ_CP072253.1_51844-62439:._8	00ebfcf2ed352d57e3db627581e21cd1	220	Pfam	PF13310	Virulence protein RhuM family	72	134	2.0E-16	T	13-04-2026	IPR011204	Virulence protein RhuM-like	-	-
NZ_CP072223.1_86752-97347:._9	00ebfcf2ed352d57e3db627581e21cd1	220	Pfam	PF13310	Virulence protein RhuM family	72	134	2.0E-16	T	13-04-2026	IPR011204	Virulence protein RhuM-like	-	-
NZ_CP072219.1_51842-62437:._8	00ebfcf2ed352d57e3db627581e21cd1	220	Pfam	PF13310	Virulence protein RhuM family	72	134	2.0E-16	T	13-04-2026	IPR011204	Virulence protein RhuM-like	-	-
NZ_CP131534.1_3163299-3173894:._8	00ebfcf2ed352d57e3db627581e21cd1	220	Pfam	PF13310	Virulence protein RhuM family	72	134	2.0E-16	T	13-04-2026	IPR011204	Virulence protein RhuM-like	-	-
NZ_CP072233.1_55833-66428:._8	00ebfcf2ed352d57e3db627581e21cd1	220	Pfam	PF13310	Virulence protein RhuM family	72	134	2.0E-16	T	13-04-2026	IPR011204	Virulence protein RhuM-like	-	-
NZ_CP069564.1_87419-98014:._9	00ebfcf2ed352d57e3db627581e21cd1	220	Pfam	PF13310	Virulence protein RhuM family	72	134	2.0E-16	T	13-04-2026	IPR011204	Virulence protein RhuM-like	-	-
NZ_CP143950.1_88416-99011:._8	00ebfcf2ed352d57e3db627581e21cd1	220	Pfam	PF13310	Virulence protein RhuM family	72	134	2.0E-16	T	13-04-2026	IPR011204	Virulence protein RhuM-like	-	-
NZ_CP143953.1_1-10201:._9	00ebfcf2ed352d57e3db627581e21cd1	220	Pfam	PF13310	Virulence protein RhuM family	72	134	2.0E-16	T	13-04-2026	IPR011204	Virulence protein RhuM-like	-	-
NZ_CP072211.1_51838-62433:._8	00ebfcf2ed352d57e3db627581e21cd1	220	Pfam	PF13310	Virulence protein RhuM family	72	134	2.0E-16	T	13-04-2026	IPR011204	Virulence protein RhuM-like	-	-
NZ_CP081905.1_30585-41180:._9	00ebfcf2ed352d57e3db627581e21cd1	220	Pfam	PF13310	Virulence protein RhuM family	72	134	2.0E-16	T	13-04-2026	IPR011204	Virulence protein RhuM-like	-	-
NZ_CP072238.1_51863-62458:._8	00ebfcf2ed352d57e3db627581e21cd1	220	Pfam	PF13310	Virulence protein RhuM family	72	134	2.0E-16	T	13-04-2026	IPR011204	Virulence protein RhuM-like	-	-
NZ_AP019726.1_81904-92499:._8	00ebfcf2ed352d57e3db627581e21cd1	220	Pfam	PF13310	Virulence protein RhuM family	72	134	2.0E-16	T	13-04-2026	IPR011204	Virulence protein RhuM-like	-	-
NZ_CP072228.1_51839-62434:._8	00ebfcf2ed352d57e3db627581e21cd1	220	Pfam	PF13310	Virulence protein RhuM family	72	134	2.0E-16	T	13-04-2026	IPR011204	Virulence protein RhuM-like	-	-
NZ_CP143942.1_80606-91201:._8	00ebfcf2ed352d57e3db627581e21cd1	220	Pfam	PF13310	Virulence protein RhuM family	72	134	2.0E-16	T	13-04-2026	IPR011204	Virulence protein RhuM-like	-	-
NZ_CP072241.1_51837-62432:._8	00ebfcf2ed352d57e3db627581e21cd1	220	Pfam	PF13310	Virulence protein RhuM family	72	134	2.0E-16	T	13-04-2026	IPR011204	Virulence protein RhuM-like	-	-
NZ_CP176634.1_1094783-1106443:._3	72ed926c39e6082baaa01634d5737e01	279	CDD	cd16387	ParB_N_Srx	25	94	1.93327E-5	T	13-04-2026	-	-	-	-
NZ_CM148639.1_2745888-2756492:._16	7dc0ba4abe6c32584b2c07985672a23e	82	Pfam	PF13310	Virulence protein RhuM family	1	66	2.8E-15	T	13-04-2026	IPR011204	Virulence protein RhuM-like	-	-
NZ_CP152475.1_3982608-3993212:._3	0f8d0bbac1173e5a5f0e97d4b72e95c7	148	Pfam	PF13899	Thioredoxin-like	19	104	2.9E-5	T	13-04-2026	-	-	-	-
NZ_CP081912.1_1-8518:._2	91302f3426640044b4526922145c5c0b	921	Pfam	PF14905	Outer membrane protein beta-barrel family	585	919	4.8E-32	T	13-04-2026	IPR041700	Outer membrane protein beta-barrel domain 3	-	-
NZ_CP081912.1_1-8518:._2	91302f3426640044b4526922145c5c0b	921	Pfam	PF13715	CarboxypepD_reg-like domain	28	112	1.0E-20	T	13-04-2026	-	-	-	-
NZ_CP081912.1_1-8518:._2	91302f3426640044b4526922145c5c0b	921	Pfam	PF07715	TonB-dependent Receptor Plug Domain	135	228	1.5E-5	T	13-04-2026	IPR012910	TonB-dependent receptor, plug domain	-	-
NZ_CP182581.1_4402594-4413114:._12	361c69eeb97896b2a54b49ce683ced21	152	Pfam	PF01575	MaoC like domain	20	129	3.8E-15	T	13-04-2026	IPR002539	MaoC-like dehydratase domain	-	-
NZ_CP182581.1_4402594-4413114:._12	361c69eeb97896b2a54b49ce683ced21	152	CDD	cd03450	NodN	3	151	8.19418E-49	T	13-04-2026	IPR039375	Nodulation protein N-like	-	-
NZ_OX030782.1_4641479-4652074:._6	f7a9fee0ace82bad837ba387eb56804d	126	Pfam	PF10108	Predicted 3'-5' exonuclease related to the exonuclease domain of PolB	9	113	8.7E-6	T	13-04-2026	IPR019288	Predicted 3'-5' exonuclease, PolB-like	-	-
NZ_CP192719.1_483286-494961:._1	c626a12b13090a8b406641c7dcc6cd60	782	Pfam	PF13715	CarboxypepD_reg-like domain	136	216	2.3E-12	T	13-04-2026	-	-	-	-
NZ_CP192719.1_483286-494961:._1	c626a12b13090a8b406641c7dcc6cd60	782	Pfam	PF07715	TonB-dependent Receptor Plug Domain	225	327	4.2E-13	T	13-04-2026	IPR012910	TonB-dependent receptor, plug domain	-	-
NZ_CP072215.1_43945-54537:._9	32e49603ccba673edc81c692fad117bd	315	Pfam	PF03432	Relaxase/Mobilisation nuclease domain	8	240	2.0E-33	T	13-04-2026	IPR005094	MobA/VirD2-like, nuclease domain	-	-
NZ_CP111121.1_4947174-4957778:._4	854a66014bcab5718083280c7f698c45	201	CDD	cd03768	SR_ResInv	2	126	1.28393E-56	T	13-04-2026	-	-	-	-
NZ_CP111121.1_4947174-4957778:._4	854a66014bcab5718083280c7f698c45	201	Pfam	PF00239	Resolvase, N terminal domain	3	135	2.4E-41	T	13-04-2026	IPR006119	Resolvase, N-terminal catalytic domain	-	-
NZ_CP047647.1_190026-200624:._7	ffded709d208595ca02202fb56a52003	542	Pfam	PF05598	Transposase domain (DUF772)	51	125	1.5E-12	T	13-04-2026	IPR008490	Transposase InsH, N-terminal	-	-
NZ_CP047647.1_190026-200624:._7	ffded709d208595ca02202fb56a52003	542	Pfam	PF13751	Transposase DDE domain	320	442	5.5E-18	T	13-04-2026	IPR025668	Transposase DDE domain	-	-
NZ_CP143637.1_1427192-1437565:._9	c8766494aec07f2dc18c337e58108bb7	147	Pfam	PF01042	Endoribonuclease L-PSP	30	143	1.6E-32	T	13-04-2026	IPR006175	YjgF/YER057c/UK114 family	-	-
NZ_CP143637.1_1427192-1437565:._9	c8766494aec07f2dc18c337e58108bb7	147	CDD	cd00448	YjgF_YER057c_UK114_family	37	142	2.3531E-46	T	13-04-2026	-	-	-	-
NZ_CP140570.1_1595159-1605754:._5	c7abc3e240272a2628a48946cfc669d9	198	CDD	cd03768	SR_ResInv	5	133	2.0042E-31	T	13-04-2026	-	-	-	-
NZ_CP140570.1_1595159-1605754:._5	c7abc3e240272a2628a48946cfc669d9	198	Pfam	PF00239	Resolvase, N terminal domain	4	142	5.5E-21	T	13-04-2026	IPR006119	Resolvase, N-terminal catalytic domain	-	-
NZ_CP133672.1_35799-46355:._2	9b47ad18fb4ce58704b35da73f726947	227	CDD	cd02042	ParAB_family	3	173	3.37228E-29	T	13-04-2026	-	-	-	-
NZ_CP133672.1_35799-46355:._2	9b47ad18fb4ce58704b35da73f726947	227	Pfam	PF01656	CobQ/CobB/MinD/ParA nucleotide binding domain	5	123	8.0E-7	T	13-04-2026	IPR002586	CobQ/CobB/MinD/ParA nucleotide binding domain	-	-
NZ_CP135989.1_1706394-1716983:._10	72fddc1faf00034213acbe0442d5c304	205	CDD	cd03109	DTBS	2	171	8.69545E-55	T	13-04-2026	-	-	-	-
NZ_CP135989.1_1706394-1716983:._10	72fddc1faf00034213acbe0442d5c304	205	Pfam	PF13500	AAA domain	2	186	2.0E-49	T	13-04-2026	-	-	-	-
NZ_CP022515.1_2251748-2262316:._4	dc4480cdbd23170ff05272b8605cbf63	189	Pfam	PF00239	Resolvase, N terminal domain	2	136	1.7E-37	T	13-04-2026	IPR006119	Resolvase, N-terminal catalytic domain	-	-
NZ_CP022515.1_2251748-2262316:._4	dc4480cdbd23170ff05272b8605cbf63	189	CDD	cd03768	SR_ResInv	2	127	3.26604E-52	T	13-04-2026	-	-	-	-
NC_015703.1_4519906-4530483:._9	6f63f5f039560ea6d69132abc7842f67	291	Pfam	PF00698	Acyl transferase domain	4	281	5.6E-41	T	13-04-2026	IPR014043	Acyl transferase	-	-
NZ_CP119422.1_4788955-4799508:._11	f6b05c53f2ba38020beb217d51f2d3f8	132	CDD	cd16387	ParB_N_Srx	64	86	1.78952E-4	T	13-04-2026	-	-	-	-
NZ_CP119422.1_4788955-4799508:._11	f6b05c53f2ba38020beb217d51f2d3f8	132	Pfam	PF03235	Protein of unknown function DUF262	12	116	1.7E-19	T	13-04-2026	IPR004919	Domain of unknown function DUF262	-	-
NZ_CM148639.1_2178787-2189382:._10	d33953d0abb164f03efc8418f505a7d8	163	Pfam	PF20288	ABC-three component (ABC-3C) system Middle Component 2	11	155	2.0E-42	T	13-04-2026	IPR046904	ABC-three component system, Middle Component 2	-	-
NZ_CP022986.1_896566-907170:._6	108d2bdd44fdc9a7dfe1944955372de1	434	Pfam	PF18144	Second Messenger Oligonucleotide or Dinucleotide Synthetase domain	1	160	3.5E-41	T	13-04-2026	-	-	-	-
NZ_CP022986.1_896566-907170:._6	108d2bdd44fdc9a7dfe1944955372de1	434	CDD	cd05400	NT_2-5OAS_ClassI-CCAase	20	156	4.64662E-26	T	13-04-2026	IPR006116	2-5OAS/ClassI-CCAase, nucleotidyltransferase domain	-	-
NZ_CP022986.1_896566-907170:._6	108d2bdd44fdc9a7dfe1944955372de1	434	Pfam	PF18134	Adenylyl/Guanylyl and SMODS C-terminal sensor domain	306	433	1.5E-42	T	13-04-2026	IPR040511	Adenylyl/Guanylyl and SMODS, C-terminal sensor domain	-	-
NZ_OZ040189.1_1192087-1202679:._4	ae1fc17098fd196dc27fe32f3164cfc9	197	Pfam	PF00239	Resolvase, N terminal domain	3	143	6.1E-23	T	13-04-2026	IPR006119	Resolvase, N-terminal catalytic domain	-	-
NZ_OZ040189.1_1192087-1202679:._4	ae1fc17098fd196dc27fe32f3164cfc9	197	CDD	cd03768	SR_ResInv	2	133	7.06893E-28	T	13-04-2026	-	-	-	-
NZ_CP029145.1_1157964-1168115:._11	f1425e46f9b3e685d6457a38709c1c7c	423	Pfam	PF04235	Protein of unknown function (DUF418)	242	407	3.4E-36	T	13-04-2026	IPR007349	Domain of unknown function DUF418	-	-
NZ_CM148646.1_2068858-2079456:._3	9fc8bda020e2d8771fd02359abc82384	283	Pfam	PF13541	Subunit ChlI of Mg-chelatase	20	141	1.5E-42	T	13-04-2026	-	-	-	-
NZ_CM148646.1_2068858-2079456:._3	9fc8bda020e2d8771fd02359abc82384	283	Pfam	PF01078	Magnesium chelatase, subunit ChlI	193	281	3.2E-33	T	13-04-2026	IPR000523	Magnesium chelatase ChlI-like, catalytic domain	-	-
NZ_OX596083.1_2220108-2230706:._7	9fc8bda020e2d8771fd02359abc82384	283	Pfam	PF13541	Subunit ChlI of Mg-chelatase	20	141	1.5E-42	T	13-04-2026	-	-	-	-
NZ_OX596083.1_2220108-2230706:._7	9fc8bda020e2d8771fd02359abc82384	283	Pfam	PF01078	Magnesium chelatase, subunit ChlI	193	281	3.2E-33	T	13-04-2026	IPR000523	Magnesium chelatase ChlI-like, catalytic domain	-	-
NZ_CP006576.1_3840682-3851322:._8	9fc8bda020e2d8771fd02359abc82384	283	Pfam	PF13541	Subunit ChlI of Mg-chelatase	20	141	1.5E-42	T	13-04-2026	-	-	-	-
NZ_CP006576.1_3840682-3851322:._8	9fc8bda020e2d8771fd02359abc82384	283	Pfam	PF01078	Magnesium chelatase, subunit ChlI	193	281	3.2E-33	T	13-04-2026	IPR000523	Magnesium chelatase ChlI-like, catalytic domain	-	-
NZ_OZ409839.1_326389-336990:._2	e2e744578746e549a177fed82f653956	144	Pfam	PF03952	Enolase, N-terminal domain	4	132	3.0E-49	T	13-04-2026	IPR020811	Enolase, N-terminal	-	-
NZ_CP087585.1_3158408-3169009:._3	013bc17d0a190befdb14deae5d61b777	151	CDD	cd08071	MPN_DUF2466	31	146	8.73975E-46	T	13-04-2026	IPR025657	RadC-like JAB domain	-	-
NZ_CP087585.1_3158408-3169009:._3	013bc17d0a190befdb14deae5d61b777	151	Pfam	PF04002	RadC-like JAB domain	28	150	9.3E-34	T	13-04-2026	IPR025657	RadC-like JAB domain	-	-
NZ_CP092371.1_10906-21471:._7	e519ccb1d78fd4840ae2ad9f3c7fc001	151	Pfam	PF12728	Helix-turn-helix domain	81	127	1.0E-6	T	13-04-2026	IPR041657	Helix-turn-helix domain, group 17	-	-
NZ_CP103375.1_3502053-3512636:._10	5e80b78ff98ba5c708bff586b68073b6	83	Pfam	PF09274	ParG	29	78	0.17	T	13-04-2026	IPR015354	DNA partition complex, ParG	-	-
NZ_CP115636.1_2090523-2101085:._4	1b45c25c8e032afeb53e8b083b6f03db	524	Pfam	PF12833	Helix-turn-helix domain	430	511	5.5E-5	T	13-04-2026	IPR018060	DNA binding HTH domain, AraC-type	-	-
NZ_CP047647.1_190026-200624:._4	94580a9f90cb7ad54e2ab5619986f2fc	78	Pfam	PF13585	CHU_C Type IX secretion signal domain	1	75	4.4E-11	T	13-04-2026	-	-	-	-
NZ_CP114285.2_2034346-2044935:._13	5d0ea9deba8371d1c41a0574ed93af2e	199	Pfam	PF13683	Integrase core domain	106	171	1.8E-11	T	13-04-2026	IPR001584	Integrase, catalytic core	-	-
NZ_CP119767.1_283609-294213:._1	e39b5ebbb818b853365c83403bdf579e	63	Pfam	PF20066	Glyoxalase superfamily protein	2	50	0.0049	T	13-04-2026	IPR045517	Glyoxalase-related protein	-	-
NZ_CP055156.1_2346348-2356955:._4	6d734d6a07c690f482a6786ac3f6778c	845	CDD	cd04847	Peptidases_S8_Subtilisin_like_2	299	607	1.5412E-86	T	13-04-2026	IPR034074	Y4bN, peptidase domain	-	-
NZ_CP055156.1_2346348-2356955:._4	6d734d6a07c690f482a6786ac3f6778c	845	Pfam	PF00082	Subtilase family	295	636	7.9E-51	T	13-04-2026	IPR000209	Peptidase S8/S53 domain	-	-
NZ_CP120354.1_48892-59487:._8	60ecb8fded5413ec1761ee20b876cb21	161	Pfam	PF07804	HipA-like C-terminal domain	1	153	3.8E-24	T	13-04-2026	IPR012893	HipA-like, C-terminal	-	-
NZ_CP033918.1_3313892-3324232:._9	792dde767128baa1db420620b63ecc2a	736	Pfam	PF00005	ABC transporter	451	659	9.9E-7	T	13-04-2026	IPR003439	ABC transporter-like, ATP-binding domain	-	-
NZ_CP033918.1_3313892-3324232:._9	792dde767128baa1db420620b63ecc2a	736	Pfam	PF17755	UvrA DNA-binding domain	148	234	3.9E-9	T	13-04-2026	IPR041552	UvrA DNA-binding domain	-	-
NZ_CP090557.1_2770991-2781580:._5	fe196d9ea7dc20752f27d993aed774f3	236	Pfam	PF11185	Protein of unknown function (DUF2971)	102	170	0.0014	T	13-04-2026	IPR021352	Protein of unknown function DUF2971	-	-
NZ_CP016374.1_1840671-1851227:._9	4bdc1c060b47ca2b9aa10256bb165fee	314	Pfam	PF21654	Cyclic GMP-AMP synthase DncV-like, nucleotidyltransferase domain	49	127	2.8E-15	T	13-04-2026	IPR048445	Cyclic GMP-AMP synthase DncV-like, nucleotidyltransferase domain	-	-
NZ_CP091786.1_2541119-2551678:._10	66e10434f9e4800d975908baf785583e	179	CDD	cd06223	PRTases_typeI	48	179	6.15748E-10	T	13-04-2026	IPR000836	Phosphoribosyltransferase domain	-	-
NZ_CP091786.1_2541119-2551678:._10	66e10434f9e4800d975908baf785583e	179	Pfam	PF00156	Phosphoribosyl transferase domain	47	175	0.0041	T	13-04-2026	IPR000836	Phosphoribosyltransferase domain	-	-
NZ_CP110973.1_5928283-5938851:._4	70224f69a1eb2b755aaaa858f67541e6	189	CDD	cd00569	HTH_Hin_like	138	182	4.86667E-10	T	13-04-2026	-	-	-	-
NZ_CP110973.1_5928283-5938851:._4	70224f69a1eb2b755aaaa858f67541e6	189	Pfam	PF00239	Resolvase, N terminal domain	3	135	8.9E-45	T	13-04-2026	IPR006119	Resolvase, N-terminal catalytic domain	-	-
NZ_CP110973.1_5928283-5938851:._4	70224f69a1eb2b755aaaa858f67541e6	189	CDD	cd03768	SR_ResInv	2	123	7.50277E-61	T	13-04-2026	-	-	-	-
NZ_CP110973.1_5928283-5938851:._4	70224f69a1eb2b755aaaa858f67541e6	189	Pfam	PF02796	Helix-turn-helix domain of resolvase	138	183	2.2E-4	T	13-04-2026	IPR006120	Resolvase, HTH domain	-	-
NZ_OX596083.1_2220108-2230706:._1	92c98fc6e814d1e59c28fff9b91883c0	385	Pfam	PF14253	Bacteriophage abortive infection AbiH	4	329	6.4E-31	T	13-04-2026	IPR025935	Bacteriophage abortive infection AbiH	-	-
NZ_CP115859.1_474741-485300:._17	621159a24c91187b8a532d742fabfd77	113	Pfam	PF13564	DoxX-like family	17	113	9.4E-22	T	13-04-2026	IPR032808	DoxX family	-	-
NZ_CP047647.1_190026-200624:._6	6121b242e6b540d12965919886d072a3	199	CDD	cd03768	SR_ResInv	2	126	2.01625E-60	T	13-04-2026	-	-	-	-
NZ_CP047647.1_190026-200624:._6	6121b242e6b540d12965919886d072a3	199	Pfam	PF00239	Resolvase, N terminal domain	3	135	1.1E-42	T	13-04-2026	IPR006119	Resolvase, N-terminal catalytic domain	-	-
NZ_CP104203.1_3298143-3308708:._5	1f1a00b743f18d644a5ccff30e92ab10	188	Pfam	PF02796	Helix-turn-helix domain of resolvase	146	183	3.2E-4	T	13-04-2026	IPR006120	Resolvase, HTH domain	-	-
NZ_CP104203.1_3298143-3308708:._5	1f1a00b743f18d644a5ccff30e92ab10	188	CDD	cd03768	SR_ResInv	2	127	3.17143E-54	T	13-04-2026	-	-	-	-
NZ_CP104203.1_3298143-3308708:._5	1f1a00b743f18d644a5ccff30e92ab10	188	Pfam	PF00239	Resolvase, N terminal domain	3	135	2.0E-36	T	13-04-2026	IPR006119	Resolvase, N-terminal catalytic domain	-	-
NZ_CP117880.1_3051631-3062205:._8	40b9181ea4d18a4da19307f1b4a9720b	191	Pfam	PF00239	Resolvase, N terminal domain	3	136	1.1E-44	T	13-04-2026	IPR006119	Resolvase, N-terminal catalytic domain	-	-
NZ_CP117880.1_3051631-3062205:._8	40b9181ea4d18a4da19307f1b4a9720b	191	Pfam	PF02796	Helix-turn-helix domain of resolvase	138	184	0.0049	T	13-04-2026	IPR006120	Resolvase, HTH domain	-	-
NZ_CP117880.1_3051631-3062205:._8	40b9181ea4d18a4da19307f1b4a9720b	191	CDD	cd03768	SR_ResInv	2	126	2.57449E-64	T	13-04-2026	-	-	-	-
NZ_CP015068.2_3107290-3117846:._3	c306b241e3c9c3052eb916469a82cdc2	380	Pfam	PF01494	FAD binding domain	5	307	2.8E-18	T	13-04-2026	IPR002938	FAD-binding domain	-	-
NZ_CP015067.2_3107290-3117846:._3	c306b241e3c9c3052eb916469a82cdc2	380	Pfam	PF01494	FAD binding domain	5	307	2.8E-18	T	13-04-2026	IPR002938	FAD-binding domain	-	-
NZ_CP014805.2_3107290-3117846:._3	c306b241e3c9c3052eb916469a82cdc2	380	Pfam	PF01494	FAD binding domain	5	307	2.8E-18	T	13-04-2026	IPR002938	FAD-binding domain	-	-
NZ_CP015066.2_3107290-3117846:._3	c306b241e3c9c3052eb916469a82cdc2	380	Pfam	PF01494	FAD binding domain	5	307	2.8E-18	T	13-04-2026	IPR002938	FAD-binding domain	-	-
NZ_CP072339.1_1316605-1328361:._14	619b7d7d60ab8c9ef1d1bce290433a3a	105	Pfam	PF00589	Phage integrase family	24	92	9.7E-5	T	13-04-2026	IPR002104	Integrase, catalytic domain	-	-
NZ_CP171010.1_321704-332272:._9	934fe26074838f279c4dd448b8dfd101	151	Pfam	PF12728	Helix-turn-helix domain	81	127	1.0E-6	T	13-04-2026	IPR041657	Helix-turn-helix domain, group 17	-	-
NZ_CP029145.1_1157964-1168115:._5	be18006c862f228fae2f8f3bf6c4af1f	107	Pfam	PF13683	Integrase core domain	34	100	7.7E-27	T	13-04-2026	IPR001584	Integrase, catalytic core	-	-
NC_015144.1_2100312-2110919:._8	fdfc608da0fc26a7be2e9941c72ab30d	1098	CDD	cd18793	SF2_C_SNF	706	829	1.76948E-22	T	13-04-2026	IPR049730	SNF2/RAD5-like, C-terminal helicase domain	-	-
NC_015144.1_2100312-2110919:._8	fdfc608da0fc26a7be2e9941c72ab30d	1098	Pfam	PF00271	Helicase conserved C-terminal domain	712	827	1.5E-14	T	13-04-2026	IPR001650	Helicase, C-terminal domain-like	-	-
NC_015144.1_2100312-2110919:._8	fdfc608da0fc26a7be2e9941c72ab30d	1098	Pfam	PF13091	PLD-like domain	121	195	0.0027	T	13-04-2026	IPR025202	Phospholipase D-like domain	-	-
NC_015144.1_2100312-2110919:._8	fdfc608da0fc26a7be2e9941c72ab30d	1098	Pfam	PF00176	SNF2-related domain	348	503	4.4E-4	T	13-04-2026	IPR000330	SNF2, N-terminal	-	-
NC_015144.1_2100312-2110919:._8	fdfc608da0fc26a7be2e9941c72ab30d	1098	CDD	cd09178	PLDc_N_Snf2_like	5	198	1.07458E-33	T	13-04-2026	-	-	-	-
NZ_LR134404.1_997179-1007786:._1	fdfc608da0fc26a7be2e9941c72ab30d	1098	CDD	cd18793	SF2_C_SNF	706	829	1.76948E-22	T	13-04-2026	IPR049730	SNF2/RAD5-like, C-terminal helicase domain	-	-
NZ_LR134404.1_997179-1007786:._1	fdfc608da0fc26a7be2e9941c72ab30d	1098	Pfam	PF00271	Helicase conserved C-terminal domain	712	827	1.5E-14	T	13-04-2026	IPR001650	Helicase, C-terminal domain-like	-	-
NZ_LR134404.1_997179-1007786:._1	fdfc608da0fc26a7be2e9941c72ab30d	1098	Pfam	PF13091	PLD-like domain	121	195	0.0027	T	13-04-2026	IPR025202	Phospholipase D-like domain	-	-
NZ_LR134404.1_997179-1007786:._1	fdfc608da0fc26a7be2e9941c72ab30d	1098	Pfam	PF00176	SNF2-related domain	348	503	4.4E-4	T	13-04-2026	IPR000330	SNF2, N-terminal	-	-
NZ_LR134404.1_997179-1007786:._1	fdfc608da0fc26a7be2e9941c72ab30d	1098	CDD	cd09178	PLDc_N_Snf2_like	5	198	1.07458E-33	T	13-04-2026	-	-	-	-
NZ_CP020104.1_7258622-7269187:._5	c057647ab19521a2ff282ef073c51d76	137	Pfam	PF20432	Antitoxin Xre-like helix-turn-helix domain	20	77	5.9E-6	T	13-04-2026	IPR046847	Antitoxin Xre-like, helix-turn-helix domain	-	-
NZ_CP020104.1_7258622-7269187:._5	c057647ab19521a2ff282ef073c51d76	137	Pfam	PF09722	Antitoxin Xre/MbcA/ParS C-terminal toxin-binding domain	84	134	3.3E-7	T	13-04-2026	IPR024467	Antitoxin Xre/MbcA/ParS-like, toxin-binding domain	-	-
NZ_CP192720.1_1244432-1254811:._9	957639a7cb1b9b24a3ac06ed6cbb20bd	431	Pfam	PF12099	Protein of unknown function (DUF3575)	246	418	5.1E-33	T	13-04-2026	IPR021958	Protein of unknown function DUF3575	-	-
NZ_CM148644.1_2122378-2132973:._8	81681875e1561bb391181d8531b99e25	294	Pfam	PF00004	ATPase family associated with various cellular activities (AAA)	71	210	2.0E-16	T	13-04-2026	IPR003959	ATPase, AAA-type, core	-	-
NZ_CM148644.1_2122378-2132973:._8	81681875e1561bb391181d8531b99e25	294	CDD	cd19481	RecA-like_protease	71	202	1.3673E-19	T	13-04-2026	-	-	-	-
NZ_CP118631.1_4648428-4659014:._8	b94ec431573fee17b5eb68c996d6c782	931	Pfam	PF04851	Type III restriction enzyme, res subunit	158	344	2.1E-36	T	13-04-2026	IPR006935	Helicase/UvrB, N-terminal	-	-
NZ_CP118631.1_4648428-4659014:._8	b94ec431573fee17b5eb68c996d6c782	931	Pfam	PF08463	EcoEI R protein C-terminal	755	929	5.9E-33	T	13-04-2026	IPR013670	EcoEI R protein C-terminal domain	-	-
NZ_CP118631.1_4648428-4659014:._8	b94ec431573fee17b5eb68c996d6c782	931	CDD	cd18799	SF2_C_EcoAI-like	465	588	3.85211E-33	T	13-04-2026	-	-	-	-
NZ_CP118631.1_4648428-4659014:._8	b94ec431573fee17b5eb68c996d6c782	931	CDD	cd18032	DEXHc_RE_I_III_res	158	351	2.44189E-53	T	13-04-2026	-	-	-	-
NZ_CP118631.1_4648428-4659014:._8	b94ec431573fee17b5eb68c996d6c782	931	Pfam	PF04313	Type I restriction enzyme R protein N terminus (HSDR_N)	40	119	0.022	T	13-04-2026	IPR007409	Restriction endonuclease, type I, HsdR, N-terminal	-	-
NZ_CP118631.1_4648428-4659014:._8	b94ec431573fee17b5eb68c996d6c782	931	Pfam	PF00271	Helicase conserved C-terminal domain	463	560	0.02	T	13-04-2026	IPR001650	Helicase, C-terminal domain-like	-	-
NZ_CP033913.1_24170-34774:._6	2eed4addd8b9b3ebb8c54c3127587492	201	Pfam	PF00239	Resolvase, N terminal domain	3	135	1.3E-41	T	13-04-2026	IPR006119	Resolvase, N-terminal catalytic domain	-	-
NZ_CP033913.1_24170-34774:._6	2eed4addd8b9b3ebb8c54c3127587492	201	CDD	cd03768	SR_ResInv	2	126	1.1204E-58	T	13-04-2026	-	-	-	-
NZ_CP033916.1_37049-47653:._4	2eed4addd8b9b3ebb8c54c3127587492	201	Pfam	PF00239	Resolvase, N terminal domain	3	135	1.3E-41	T	13-04-2026	IPR006119	Resolvase, N-terminal catalytic domain	-	-
NZ_CP033916.1_37049-47653:._4	2eed4addd8b9b3ebb8c54c3127587492	201	CDD	cd03768	SR_ResInv	2	126	1.1204E-58	T	13-04-2026	-	-	-	-
NC_018743.1_17897-28507:._5	40cc7e7e4114cfaa91f6943f8714bfa5	203	Pfam	PF00239	Resolvase, N terminal domain	3	135	1.1E-43	T	13-04-2026	IPR006119	Resolvase, N-terminal catalytic domain	-	-
NC_018743.1_17897-28507:._5	40cc7e7e4114cfaa91f6943f8714bfa5	203	CDD	cd03768	SR_ResInv	2	126	1.54311E-62	T	13-04-2026	-	-	-	-
NZ_CP081299.1_7335084-7345685:._8	ae236e26417a1fac18f22841b082ef54	194	Pfam	PF00239	Resolvase, N terminal domain	3	136	4.9E-43	T	13-04-2026	IPR006119	Resolvase, N-terminal catalytic domain	-	-
NZ_CP081299.1_7335084-7345685:._8	ae236e26417a1fac18f22841b082ef54	194	CDD	cd03768	SR_ResInv	2	126	2.83284E-58	T	13-04-2026	-	-	-	-
NZ_CP103239.1_14058-24650:._16	6966bbc688a08ec8670a185eca28b7ae	694	Pfam	PF19044	TraG P-loop domain	385	535	6.6E-35	T	13-04-2026	IPR043964	TraG, P-loop domain	-	-
NZ_CP012937.1_5202558-5214371:._6	ea3aca8ce118c8030ed4fccca812f386	409	CDD	cd01185	INTN1_C_like	229	391	4.95823E-45	T	13-04-2026	-	-	-	-
NZ_CP012937.1_5202558-5214371:._6	ea3aca8ce118c8030ed4fccca812f386	409	Pfam	PF13102	Phage integrase SAM-like domain	110	209	7.9E-7	T	13-04-2026	IPR025269	Phage integrase SAM-like domain	-	-
NZ_CP012937.1_5202558-5214371:._6	ea3aca8ce118c8030ed4fccca812f386	409	Pfam	PF17293	Arm DNA-binding domain	11	94	4.9E-8	T	13-04-2026	IPR035386	Arm, DNA-binding domain	-	-
NZ_CP012937.1_5202558-5214371:._6	ea3aca8ce118c8030ed4fccca812f386	409	Pfam	PF00589	Phage integrase family	239	388	1.5E-13	T	13-04-2026	IPR002104	Integrase, catalytic domain	-	-
NZ_CP044017.1_1-9654:._8	f8750335afa242739565e3e70b241fdb	455	Pfam	PF13166	AAA domain	57	439	1.4E-57	T	13-04-2026	IPR026866	Protein CR006, P-loop domain	-	-
NZ_CM148639.1_2178787-2189382:._9	1dbcc21ce7ce205aeac6558ff6c7de5e	619	Pfam	PF13476	AAA domain	18	259	3.0E-6	T	13-04-2026	IPR038729	Rad50/SbcC-type AAA domain	-	-
NZ_CP056032.1_3024565-3035151:._8	123c9b39bccfa3acb5070b9ec7983cde	295	Pfam	PF13276	HTH-like domain	50	100	4.5E-5	T	13-04-2026	IPR025948	HTH-like domain	-	-
NZ_CP056032.1_3024565-3035151:._8	123c9b39bccfa3acb5070b9ec7983cde	295	Pfam	PF00665	Integrase core domain	121	220	2.0E-12	T	13-04-2026	IPR001584	Integrase, catalytic core	-	-
NZ_CP034173.1_1138126-1148700:._13	4b3d2444339bab210b8bb4dee4b4226d	98	Pfam	PF08843	Nucleotidyl transferase AbiEii toxin, Type IV TA system	42	94	2.3E-11	T	13-04-2026	IPR014942	Nucleotidyl transferase AbiEii toxin, Type IV TA system	-	-
NZ_CP083624.1_1-6607:._3	6e2fd8ed1538f39d1949c20dbd0c5fda	104	Pfam	PF13572	Domain of unknown function (DUF4134)	14	102	9.5E-31	T	13-04-2026	IPR025408	Protein of unknown function DUF4134	-	-
NZ_CP036556.1_1-10022:._13	6e2fd8ed1538f39d1949c20dbd0c5fda	104	Pfam	PF13572	Domain of unknown function (DUF4134)	14	102	9.5E-31	T	13-04-2026	IPR025408	Protein of unknown function DUF4134	-	-
NZ_CP025096.1_8554097-8564680:._10	115aa81c33e794ed384776c779a25e86	670	Pfam	PF02705	K+ potassium transporter	29	551	6.1E-166	T	13-04-2026	IPR003855	Potassium transporter	-	-
NZ_CM148673.1_2105830-2116425:._12	57dd3e47f5671ad0c59392fb2e7a4585	416	Pfam	PF21654	Cyclic GMP-AMP synthase DncV-like, nucleotidyltransferase domain	55	141	2.1E-5	T	13-04-2026	IPR048445	Cyclic GMP-AMP synthase DncV-like, nucleotidyltransferase domain	-	-
NZ_CM148673.1_2105830-2116425:._12	57dd3e47f5671ad0c59392fb2e7a4585	416	CDD	cd05400	NT_2-5OAS_ClassI-CCAase	28	205	5.54743E-17	T	13-04-2026	IPR006116	2-5OAS/ClassI-CCAase, nucleotidyltransferase domain	-	-
NZ_CP050995.1_3127917-3138476:._6	62711eaf0629a544e95371987a667eed	369	CDD	cd19481	RecA-like_protease	103	255	7.75117E-45	T	13-04-2026	-	-	-	-
NZ_CP050995.1_3127917-3138476:._6	62711eaf0629a544e95371987a667eed	369	Pfam	PF00004	ATPase family associated with various cellular activities (AAA)	131	256	1.2E-29	T	13-04-2026	IPR003959	ATPase, AAA-type, core	-	-
NZ_CP089538.1_2617236-2627807:._4	ce4736b4b847b3472170bf818be5b9d1	190	CDD	cd03768	SR_ResInv	2	126	4.73332E-62	T	13-04-2026	-	-	-	-
NZ_CP089538.1_2617236-2627807:._4	ce4736b4b847b3472170bf818be5b9d1	190	Pfam	PF00239	Resolvase, N terminal domain	3	135	1.0E-42	T	13-04-2026	IPR006119	Resolvase, N-terminal catalytic domain	-	-
NZ_CP089538.1_2617236-2627807:._4	ce4736b4b847b3472170bf818be5b9d1	190	Pfam	PF02796	Helix-turn-helix domain of resolvase	155	182	0.014	T	13-04-2026	IPR006120	Resolvase, HTH domain	-	-
NZ_CM148634.1_2194474-2205048:._11	6a7ee92d942ee34b734e39fef53371b7	254	Pfam	PF18167	SMODS-associated NUDIX domain	45	249	2.4E-57	T	13-04-2026	IPR040829	SMODS-associated NUDIX domain	-	-
NZ_OZ257252.1_2008577-2019169:._3	2cefcb24c8d808c931ef24da84be9352	283	Pfam	PF13360	PQQ-like domain	95	237	0.8	T	13-04-2026	IPR002372	Pyrrolo-quinoline quinone repeat	-	-
NZ_CP025096.1_8554097-8564680:._2	58be772b0642ba7a8ea2d33a2accadc7	789	Pfam	PF17390	Bacterial alpha-L-rhamnosidase C-terminal domain	712	771	1.0E-4	T	13-04-2026	IPR035398	Alpha-L-rhamnosidase C-terminal domain	-	-
NZ_CP025096.1_8554097-8564680:._2	58be772b0642ba7a8ea2d33a2accadc7	789	Pfam	PF17389	Bacterial alpha-L-rhamnosidase 6 hairpin glycosidase domain	377	703	1.4E-22	T	13-04-2026	IPR035396	Alpha-L-rhamnosidase, six-hairpin glycosidase domain	-	-
NZ_CP104203.1_3298143-3308708:._9	fe96ac244fb0521701d875d4e6d0ff18	250	Pfam	PF18962	Secretion system C-terminal sorting domain	177	248	9.3E-9	T	13-04-2026	IPR026444	Secretion system C-terminal sorting domain	-	-
NZ_CP094932.1_1506-12110:._8	f5d5de7bc8a2c039653e14e6cb9f9766	201	CDD	cd03768	SR_ResInv	2	126	7.34578E-61	T	13-04-2026	-	-	-	-
NZ_CP094932.1_1506-12110:._8	f5d5de7bc8a2c039653e14e6cb9f9766	201	Pfam	PF00239	Resolvase, N terminal domain	3	135	1.1E-41	T	13-04-2026	IPR006119	Resolvase, N-terminal catalytic domain	-	-
NZ_CM148692.1_2418428-2429023:._7	d5d064caf9e73eb8ad148846a86dccf0	169	Pfam	PF06271	RDD family	13	128	2.0E-9	T	13-04-2026	IPR010432	RDD	-	-
NZ_CM148691.1_2392532-2403127:._7	d5d064caf9e73eb8ad148846a86dccf0	169	Pfam	PF06271	RDD family	13	128	2.0E-9	T	13-04-2026	IPR010432	RDD	-	-
NZ_CP025096.1_8554097-8564680:._6	7d8b5ac5a97b73f034fddc47e95b755e	194	Pfam	PF02796	Helix-turn-helix domain of resolvase	157	184	0.0029	T	13-04-2026	IPR006120	Resolvase, HTH domain	-	-
NZ_CP025096.1_8554097-8564680:._6	7d8b5ac5a97b73f034fddc47e95b755e	194	CDD	cd03768	SR_ResInv	2	126	2.4265E-61	T	13-04-2026	-	-	-	-
NZ_CP025096.1_8554097-8564680:._6	7d8b5ac5a97b73f034fddc47e95b755e	194	Pfam	PF00239	Resolvase, N terminal domain	3	135	1.1E-42	T	13-04-2026	IPR006119	Resolvase, N-terminal catalytic domain	-	-
NZ_CP044017.1_1-9654:._3	72569d26c976eb2fc166927138362cc0	580	Pfam	PF02709	N-terminal domain of galactosyltransferase	475	538	2.3E-4	T	13-04-2026	IPR027791	Galactosyltransferase, C-terminal	-	-
NZ_CP081914.1_9325-19917:._14	6444f28fb28f071b7a8656c88cd7bae4	104	Pfam	PF13572	Domain of unknown function (DUF4134)	14	102	2.4E-30	T	13-04-2026	IPR025408	Protein of unknown function DUF4134	-	-
NZ_CP081921.1_7444-18036:._12	6444f28fb28f071b7a8656c88cd7bae4	104	Pfam	PF13572	Domain of unknown function (DUF4134)	14	102	2.4E-30	T	13-04-2026	IPR025408	Protein of unknown function DUF4134	-	-
NZ_CP103239.1_14058-24650:._14	6444f28fb28f071b7a8656c88cd7bae4	104	Pfam	PF13572	Domain of unknown function (DUF4134)	14	102	2.4E-30	T	13-04-2026	IPR025408	Protein of unknown function DUF4134	-	-
NZ_CP103142.1_50344-60936:._15	6444f28fb28f071b7a8656c88cd7bae4	104	Pfam	PF13572	Domain of unknown function (DUF4134)	14	102	2.4E-30	T	13-04-2026	IPR025408	Protein of unknown function DUF4134	-	-
NZ_CP081919.1_13891-24483:._5	6444f28fb28f071b7a8656c88cd7bae4	104	Pfam	PF13572	Domain of unknown function (DUF4134)	14	102	2.4E-30	T	13-04-2026	IPR025408	Protein of unknown function DUF4134	-	-
NZ_CP072225.1_43770-54362:._5	6444f28fb28f071b7a8656c88cd7bae4	104	Pfam	PF13572	Domain of unknown function (DUF4134)	14	102	2.4E-30	T	13-04-2026	IPR025408	Protein of unknown function DUF4134	-	-
NZ_CP041397.1_21313-31905:._14	6444f28fb28f071b7a8656c88cd7bae4	104	Pfam	PF13572	Domain of unknown function (DUF4134)	14	102	2.4E-30	T	13-04-2026	IPR025408	Protein of unknown function DUF4134	-	-
NZ_CP045613.1_16258-26850:._11	6444f28fb28f071b7a8656c88cd7bae4	104	Pfam	PF13572	Domain of unknown function (DUF4134)	14	102	2.4E-30	T	13-04-2026	IPR025408	Protein of unknown function DUF4134	-	-
NZ_CP054001.1_41085-51677:._13	6444f28fb28f071b7a8656c88cd7bae4	104	Pfam	PF13572	Domain of unknown function (DUF4134)	14	102	2.4E-30	T	13-04-2026	IPR025408	Protein of unknown function DUF4134	-	-
NZ_CP072373.1_1796422-1806798:._2	1208c645106ccc2772460ccdb8cbc0ac	104	Pfam	PF00085	Thioredoxin	15	100	9.2E-24	T	13-04-2026	IPR013766	Thioredoxin domain	-	-
NZ_CP072373.1_1796422-1806798:._2	1208c645106ccc2772460ccdb8cbc0ac	104	CDD	cd02947	TRX_family	8	101	3.8367E-34	T	13-04-2026	-	-	-	-
NZ_CP103067.1_3539419-3551232:._10	57c56a73930398f3a7373b4d2594a395	467	Pfam	PF14691	Dihydroprymidine dehydrogenase domain II, 4Fe-4S cluster	27	134	3.0E-37	T	13-04-2026	IPR028261	Dihydroprymidine dehydrogenase domain II	-	-
NZ_CP103067.1_3539419-3551232:._10	57c56a73930398f3a7373b4d2594a395	467	Pfam	PF07992	Pyridine nucleotide-disulphide oxidoreductase	148	453	5.8E-34	T	13-04-2026	IPR023753	FAD/NAD(P)-binding domain	-	-
NZ_CP096247.1_1006520-1017082:._9	8af21066a3b535c5df023a5329b49668	392	Pfam	PF04002	RadC-like JAB domain	273	389	2.4E-28	T	13-04-2026	IPR025657	RadC-like JAB domain	-	-
NZ_CP096247.1_1006520-1017082:._9	8af21066a3b535c5df023a5329b49668	392	CDD	cd08071	MPN_DUF2466	276	387	3.10474E-37	T	13-04-2026	IPR025657	RadC-like JAB domain	-	-
NZ_CP096247.1_1006520-1017082:._9	8af21066a3b535c5df023a5329b49668	392	Pfam	PF20582	UPF0758 N-terminal	170	248	6.4E-15	T	13-04-2026	IPR046778	UPF0758, N-terminal	-	-
NZ_CP083624.1_1-6607:._5	204fd50f1d2290dda662d9db3378fff1	90	CDD	cd03768	SR_ResInv	3	88	1.33586E-40	T	13-04-2026	-	-	-	-
NZ_CP083624.1_1-6607:._5	204fd50f1d2290dda662d9db3378fff1	90	Pfam	PF00239	Resolvase, N terminal domain	3	88	3.5E-24	T	13-04-2026	IPR006119	Resolvase, N-terminal catalytic domain	-	-
NZ_CP147988.1_142083-152681:._11	d9cad8a485e2ceb781eb0a757731fb36	92	Pfam	PF12728	Helix-turn-helix domain	42	86	5.1E-7	T	13-04-2026	IPR041657	Helix-turn-helix domain, group 17	-	-
NZ_CP102938.1_14230-24825:._2	a3b4c09d298800258ef26f962b95f5bf	556	Pfam	PF01610	Transposase	397	536	3.5E-7	T	13-04-2026	IPR002560	Transposase IS204/IS1001/IS1096/IS1165, DDE domain	-	-
NZ_CP102938.1_14230-24825:._2	a3b4c09d298800258ef26f962b95f5bf	556	Pfam	PF01610	Transposase	178	266	1.6E-12	T	13-04-2026	IPR002560	Transposase IS204/IS1001/IS1096/IS1165, DDE domain	-	-
NZ_CP069277.1_3007011-3017648:._4	fccd8a57c465fc298726f9fae2cce179	179	Pfam	PF07275	Antirestriction protein (ArdA)	13	175	1.7E-20	T	13-04-2026	IPR009899	Antirestriction	-	-
NZ_CP198980.1_1327920-1338557:._6	fccd8a57c465fc298726f9fae2cce179	179	Pfam	PF07275	Antirestriction protein (ArdA)	13	175	1.7E-20	T	13-04-2026	IPR009899	Antirestriction	-	-
NZ_CP016373.1_1241352-1251989:._6	fccd8a57c465fc298726f9fae2cce179	179	Pfam	PF07275	Antirestriction protein (ArdA)	13	175	1.7E-20	T	13-04-2026	IPR009899	Antirestriction	-	-
NZ_CP198981.1_3845293-3855930:._4	fccd8a57c465fc298726f9fae2cce179	179	Pfam	PF07275	Antirestriction protein (ArdA)	13	175	1.7E-20	T	13-04-2026	IPR009899	Antirestriction	-	-
NZ_CP023010.2_126289-136926:._6	fccd8a57c465fc298726f9fae2cce179	179	Pfam	PF07275	Antirestriction protein (ArdA)	13	175	1.7E-20	T	13-04-2026	IPR009899	Antirestriction	-	-
NZ_CP139137.1_4120948-4131552:._10	7f66bf843bb18904aea934eb682033ad	107	Pfam	PF17782	DprA winged helix domain	50	101	0.0028	T	13-04-2026	IPR041614	DprA, winged helix domain	-	-
NZ_CM148643.1_3210785-3221380:._12	56ab62c85d85b98baef7621437e0b555	526	Pfam	PF09603	Fibrobacter succinogenes major domain (Fib_succ_major)	397	524	1.3E-5	T	13-04-2026	IPR011871	Fibrobacter succinogenes major paralogous domain	-	-
NZ_CP196751.1_37266-47864:._8	cdb1465976b3a0bd195ec6677b1d139b	502	Pfam	PF02661	Fic/DOC family	388	459	6.8E-9	T	13-04-2026	IPR003812	Fido domain	-	-
NZ_OY997410.1_2540106-2550287:._4	5e80959d33cb9913f84caab7349ee7fe	480	Pfam	PF01609	Transposase DDE domain	129	399	4.2E-6	T	13-04-2026	IPR002559	Transposase IS4-like domain	-	-
NZ_CP110973.1_5928283-5938851:._7	ef17437482f2983e31777f8c4921384c	531	Pfam	PF07693	KAP family P-loop domain	26	266	0.0053	T	13-04-2026	IPR011646	KAP family P-loop domain	-	-
NZ_CP091786.1_2541119-2551678:._8	12a9c4a5dfbd78364cc87a3aeef21566	186	Pfam	PF00239	Resolvase, N terminal domain	2	136	1.4E-42	T	13-04-2026	IPR006119	Resolvase, N-terminal catalytic domain	-	-
NZ_CP091786.1_2541119-2551678:._8	12a9c4a5dfbd78364cc87a3aeef21566	186	CDD	cd03768	SR_ResInv	2	127	3.18507E-54	T	13-04-2026	-	-	-	-
NZ_CP091786.1_2541119-2551678:._8	12a9c4a5dfbd78364cc87a3aeef21566	186	Pfam	PF02796	Helix-turn-helix domain of resolvase	139	181	5.6E-7	T	13-04-2026	IPR006120	Resolvase, HTH domain	-	-
NZ_CP091790.1_278519-289078:._8	12a9c4a5dfbd78364cc87a3aeef21566	186	Pfam	PF00239	Resolvase, N terminal domain	2	136	1.4E-42	T	13-04-2026	IPR006119	Resolvase, N-terminal catalytic domain	-	-
NZ_CP091790.1_278519-289078:._8	12a9c4a5dfbd78364cc87a3aeef21566	186	CDD	cd03768	SR_ResInv	2	127	3.18507E-54	T	13-04-2026	-	-	-	-
NZ_CP091790.1_278519-289078:._8	12a9c4a5dfbd78364cc87a3aeef21566	186	Pfam	PF02796	Helix-turn-helix domain of resolvase	139	181	5.6E-7	T	13-04-2026	IPR006120	Resolvase, HTH domain	-	-
NZ_OZ260103.1_4084383-4094978:._5	bb1fa332249ba8578cafdcea53852c21	361	Pfam	PF09561	HpaII restriction endonuclease	5	360	7.9E-119	T	13-04-2026	IPR019062	Restriction endonuclease, type II, HpaII	-	-
NC_009614.1_611886-623561:._2	f8c3f65f7d4e6f58c3b815bcbb8f0036	445	Pfam	PF13616	PPIC-type PPIASE domain	116	223	2.8E-32	T	13-04-2026	-	-	-	-
NZ_CP179925.1_611886-623561:._2	f8c3f65f7d4e6f58c3b815bcbb8f0036	445	Pfam	PF13616	PPIC-type PPIASE domain	116	223	2.8E-32	T	13-04-2026	-	-	-	-
NZ_CP152475.1_3982608-3993212:._15	7879f79b4d0bcde69d085824b61bbfa7	427	Pfam	PF02518	Histidine kinase-, DNA gyrase B-, and HSP90-like ATPase	338	415	4.6E-7	T	13-04-2026	IPR003594	Histidine kinase/HSP90-like ATPase	-	-
NZ_CP152475.1_3982608-3993212:._15	7879f79b4d0bcde69d085824b61bbfa7	427	CDD	cd00082	HisKA	222	283	1.82323E-7	T	13-04-2026	IPR003661	Signal transduction histidine kinase, dimerisation/phosphoacceptor domain	-	-
NZ_CP152475.1_3982608-3993212:._15	7879f79b4d0bcde69d085824b61bbfa7	427	Pfam	PF00512	His Kinase A (phospho-acceptor) domain	223	286	1.5E-6	T	13-04-2026	IPR003661	Signal transduction histidine kinase, dimerisation/phosphoacceptor domain	-	-
NZ_CP072339.1_1316605-1328361:._6	852a1683d5321d5b677a09081ce43be9	585	CDD	cd03768	SR_ResInv	4	142	1.09689E-20	T	13-04-2026	-	-	-	-
NZ_CP072339.1_1316605-1328361:._6	852a1683d5321d5b677a09081ce43be9	585	Pfam	PF13408	Recombinase zinc beta ribbon domain	292	348	1.2E-4	T	13-04-2026	IPR025827	Recombinase zinc beta ribbon domain	-	-
NZ_CP072339.1_1316605-1328361:._6	852a1683d5321d5b677a09081ce43be9	585	Pfam	PF00239	Resolvase, N terminal domain	4	143	1.0E-20	T	13-04-2026	IPR006119	Resolvase, N-terminal catalytic domain	-	-
NZ_CP072339.1_1316605-1328361:._6	852a1683d5321d5b677a09081ce43be9	585	Pfam	PF07508	Recombinase	189	278	4.0E-5	T	13-04-2026	IPR011109	DNA-binding recombinase domain	-	-
NZ_CP049908.1_18286-28899:._3	1077f570a5040540f8693ebd71ac15df	699	Pfam	PF13517	FG-GAP-like repeat	303	360	8.8E-7	T	13-04-2026	IPR013517	FG-GAP repeat	-	-
NZ_CP049908.1_18286-28899:._3	1077f570a5040540f8693ebd71ac15df	699	Pfam	PF13517	FG-GAP-like repeat	393	458	9.3E-4	T	13-04-2026	IPR013517	FG-GAP repeat	-	-
NZ_CP049908.1_18286-28899:._3	1077f570a5040540f8693ebd71ac15df	699	Pfam	PF13517	FG-GAP-like repeat	609	669	5.9E-8	T	13-04-2026	IPR013517	FG-GAP repeat	-	-
NZ_CP049908.1_18286-28899:._3	1077f570a5040540f8693ebd71ac15df	699	Pfam	PF13517	FG-GAP-like repeat	202	266	2.1E-6	T	13-04-2026	IPR013517	FG-GAP repeat	-	-
NZ_CP049908.1_18286-28899:._3	1077f570a5040540f8693ebd71ac15df	699	Pfam	PF13205	Bacterial Ig-like domain	20	117	2.5E-9	T	13-04-2026	IPR032812	SbsA, Ig-like domain	-	-
NZ_CP081914.1_9325-19917:._12	8b3ff1eedb5f02fcd7991e470ef5082d	197	CDD	cd03768	SR_ResInv	3	126	9.01484E-58	T	13-04-2026	-	-	-	-
NZ_CP081914.1_9325-19917:._12	8b3ff1eedb5f02fcd7991e470ef5082d	197	Pfam	PF00239	Resolvase, N terminal domain	3	135	5.6E-41	T	13-04-2026	IPR006119	Resolvase, N-terminal catalytic domain	-	-
NZ_CP081919.1_13891-24483:._7	8b3ff1eedb5f02fcd7991e470ef5082d	197	CDD	cd03768	SR_ResInv	3	126	9.01484E-58	T	13-04-2026	-	-	-	-
NZ_CP081919.1_13891-24483:._7	8b3ff1eedb5f02fcd7991e470ef5082d	197	Pfam	PF00239	Resolvase, N terminal domain	3	135	5.6E-41	T	13-04-2026	IPR006119	Resolvase, N-terminal catalytic domain	-	-
NZ_CP103142.1_50344-60936:._13	8b3ff1eedb5f02fcd7991e470ef5082d	197	CDD	cd03768	SR_ResInv	3	126	9.01484E-58	T	13-04-2026	-	-	-	-
NZ_CP103142.1_50344-60936:._13	8b3ff1eedb5f02fcd7991e470ef5082d	197	Pfam	PF00239	Resolvase, N terminal domain	3	135	5.6E-41	T	13-04-2026	IPR006119	Resolvase, N-terminal catalytic domain	-	-
NZ_CP103239.1_14058-24650:._12	8b3ff1eedb5f02fcd7991e470ef5082d	197	CDD	cd03768	SR_ResInv	3	126	9.01484E-58	T	13-04-2026	-	-	-	-
NZ_CP103239.1_14058-24650:._12	8b3ff1eedb5f02fcd7991e470ef5082d	197	Pfam	PF00239	Resolvase, N terminal domain	3	135	5.6E-41	T	13-04-2026	IPR006119	Resolvase, N-terminal catalytic domain	-	-
NZ_CP072225.1_43770-54362:._7	8b3ff1eedb5f02fcd7991e470ef5082d	197	CDD	cd03768	SR_ResInv	3	126	9.01484E-58	T	13-04-2026	-	-	-	-
NZ_CP072225.1_43770-54362:._7	8b3ff1eedb5f02fcd7991e470ef5082d	197	Pfam	PF00239	Resolvase, N terminal domain	3	135	5.6E-41	T	13-04-2026	IPR006119	Resolvase, N-terminal catalytic domain	-	-
NZ_CP087585.1_3158408-3169009:._6	973d8e5542a0fc997652ed50465ab44c	351	Pfam	PF06250	YhcG PDDEXK nuclease domain	184	338	5.7E-64	T	13-04-2026	IPR009362	YhcG PDDEXK nuclease domain	-	-
NZ_CP087585.1_3158408-3169009:._6	973d8e5542a0fc997652ed50465ab44c	351	Pfam	PF17761	DUF1016 N-terminal domain	15	163	1.4E-35	T	13-04-2026	IPR041527	YhcG, N-terminal	-	-
NZ_OZ257252.1_2008577-2019169:._1	9bd6142f1111fd45261565fd6e73225f	335	Pfam	PF13229	Right handed beta helix region	35	171	1.1E-6	T	13-04-2026	IPR039448	Right handed beta helix domain	-	-
NZ_CP119421.1_5019560-5030119:._8	fb8fc63822edf330dccdc2dcdc81b99f	299	Pfam	PF13460	NAD(P)H-binding	7	197	8.6E-13	T	13-04-2026	IPR016040	NAD(P)-binding domain	-	-
NZ_CP054002.1_18955-29541:._10	8fa8cef73b42ad8441355317de29f7e2	195	CDD	cd03768	SR_ResInv	2	125	3.58693E-50	T	13-04-2026	-	-	-	-
NZ_CP054002.1_18955-29541:._10	8fa8cef73b42ad8441355317de29f7e2	195	Pfam	PF02796	Helix-turn-helix domain of resolvase	137	186	0.0054	T	13-04-2026	IPR006120	Resolvase, HTH domain	-	-
NZ_CP054002.1_18955-29541:._10	8fa8cef73b42ad8441355317de29f7e2	195	Pfam	PF00239	Resolvase, N terminal domain	3	134	8.6E-35	T	13-04-2026	IPR006119	Resolvase, N-terminal catalytic domain	-	-
NZ_CP063145.1_230248-240813:._3	f7918e3442ba67f97056c350ac537a88	238	Pfam	PF00005	ABC transporter	17	157	8.5E-25	T	13-04-2026	IPR003439	ABC transporter-like, ATP-binding domain	-	-
NZ_CP063145.1_230248-240813:._3	f7918e3442ba67f97056c350ac537a88	238	CDD	cd03230	ABC_DR_subfamily_A	2	206	3.18627E-55	T	13-04-2026	-	-	-	-
NZ_CP171011.1_905932-916497:._3	f7918e3442ba67f97056c350ac537a88	238	Pfam	PF00005	ABC transporter	17	157	8.5E-25	T	13-04-2026	IPR003439	ABC transporter-like, ATP-binding domain	-	-
NZ_CP171011.1_905932-916497:._3	f7918e3442ba67f97056c350ac537a88	238	CDD	cd03230	ABC_DR_subfamily_A	2	206	3.18627E-55	T	13-04-2026	-	-	-	-
NZ_CP114768.1_24102-34712:._4	5513886cd3214d297d43c5ff51acbdc0	327	Pfam	PF00941	FAD binding domain in molybdopterin dehydrogenase	3	220	2.3E-38	T	13-04-2026	IPR002346	Molybdopterin dehydrogenase, FAD-binding	-	-
NZ_CP114768.1_24102-34712:._4	5513886cd3214d297d43c5ff51acbdc0	327	Pfam	PF03450	CO dehydrogenase flavoprotein C-terminal domain	230	324	5.7E-17	T	13-04-2026	IPR005107	CO dehydrogenase flavoprotein, C-terminal	-	-
NZ_CP095047.1_89856-100457:._10	f308e2b692d1a1d5e4f6213947e84850	213	Pfam	PF07992	Pyridine nucleotide-disulphide oxidoreductase	6	156	0.017	T	13-04-2026	IPR023753	FAD/NAD(P)-binding domain	-	-
NZ_CP072342.1_391022-401398:._3	4c103ea5684c056d380c506eb08f60d7	410	Pfam	PF00589	Phage integrase family	253	383	2.7E-12	T	13-04-2026	IPR002104	Integrase, catalytic domain	-	-
NZ_CP072342.1_391022-401398:._3	4c103ea5684c056d380c506eb08f60d7	410	CDD	cd01185	INTN1_C_like	227	387	3.7199E-66	T	13-04-2026	-	-	-	-
NZ_CP072342.1_391022-401398:._3	4c103ea5684c056d380c506eb08f60d7	410	Pfam	PF17293	Arm DNA-binding domain	9	95	1.3E-7	T	13-04-2026	IPR035386	Arm, DNA-binding domain	-	-
NZ_CP072342.1_391022-401398:._3	4c103ea5684c056d380c506eb08f60d7	410	Pfam	PF13102	Phage integrase SAM-like domain	108	212	1.8E-9	T	13-04-2026	IPR025269	Phage integrase SAM-like domain	-	-
NZ_CP072364.1_68924-79300:._4	4c103ea5684c056d380c506eb08f60d7	410	Pfam	PF00589	Phage integrase family	253	383	2.7E-12	T	13-04-2026	IPR002104	Integrase, catalytic domain	-	-
NZ_CP072364.1_68924-79300:._4	4c103ea5684c056d380c506eb08f60d7	410	CDD	cd01185	INTN1_C_like	227	387	3.7199E-66	T	13-04-2026	-	-	-	-
NZ_CP072364.1_68924-79300:._4	4c103ea5684c056d380c506eb08f60d7	410	Pfam	PF17293	Arm DNA-binding domain	9	95	1.3E-7	T	13-04-2026	IPR035386	Arm, DNA-binding domain	-	-
NZ_CP072364.1_68924-79300:._4	4c103ea5684c056d380c506eb08f60d7	410	Pfam	PF13102	Phage integrase SAM-like domain	108	212	1.8E-9	T	13-04-2026	IPR025269	Phage integrase SAM-like domain	-	-
NZ_CP072373.1_1796422-1806798:._4	4c103ea5684c056d380c506eb08f60d7	410	Pfam	PF00589	Phage integrase family	253	383	2.7E-12	T	13-04-2026	IPR002104	Integrase, catalytic domain	-	-
NZ_CP072373.1_1796422-1806798:._4	4c103ea5684c056d380c506eb08f60d7	410	CDD	cd01185	INTN1_C_like	227	387	3.7199E-66	T	13-04-2026	-	-	-	-
NZ_CP072373.1_1796422-1806798:._4	4c103ea5684c056d380c506eb08f60d7	410	Pfam	PF17293	Arm DNA-binding domain	9	95	1.3E-7	T	13-04-2026	IPR035386	Arm, DNA-binding domain	-	-
NZ_CP072373.1_1796422-1806798:._4	4c103ea5684c056d380c506eb08f60d7	410	Pfam	PF13102	Phage integrase SAM-like domain	108	212	1.8E-9	T	13-04-2026	IPR025269	Phage integrase SAM-like domain	-	-
NZ_OZ409839.1_326389-336990:._10	22f7edf693b96cf544bd66b81c756683	92	Pfam	PF12728	Helix-turn-helix domain	36	83	7.8E-6	T	13-04-2026	IPR041657	Helix-turn-helix domain, group 17	-	-
NZ_CP182860.1_3198816-3209453:._8	f5d5a577a8e86c509eefb0f9d19857ed	409	CDD	cd01185	INTN1_C_like	229	391	9.37129E-46	T	13-04-2026	-	-	-	-
NZ_CP182860.1_3198816-3209453:._8	f5d5a577a8e86c509eefb0f9d19857ed	409	Pfam	PF17293	Arm DNA-binding domain	11	95	5.7E-8	T	13-04-2026	IPR035386	Arm, DNA-binding domain	-	-
NZ_CP182860.1_3198816-3209453:._8	f5d5a577a8e86c509eefb0f9d19857ed	409	Pfam	PF13102	Phage integrase SAM-like domain	109	209	6.2E-10	T	13-04-2026	IPR025269	Phage integrase SAM-like domain	-	-
NZ_CP182860.1_3198816-3209453:._8	f5d5a577a8e86c509eefb0f9d19857ed	409	Pfam	PF00589	Phage integrase family	239	389	1.6E-12	T	13-04-2026	IPR002104	Integrase, catalytic domain	-	-
NZ_OX579588.1_1236768-1247390:._11	f9a092e5ea6083b9a530e92743aa2a92	207	CDD	cd03768	SR_ResInv	2	134	6.87907E-36	T	13-04-2026	-	-	-	-
NZ_OX579588.1_1236768-1247390:._11	f9a092e5ea6083b9a530e92743aa2a92	207	Pfam	PF00239	Resolvase, N terminal domain	2	143	1.2E-31	T	13-04-2026	IPR006119	Resolvase, N-terminal catalytic domain	-	-
NZ_CM148647.1_2723775-2734409:._7	4d62e40afedd86d231b05d050437e563	189	Pfam	PF01420	Type I restriction modification DNA specificity domain	19	174	1.4E-4	T	13-04-2026	IPR000055	Type I restriction modification DNA specificity domain	-	-
NZ_CP172273.1_2772056-2782690:._7	4d62e40afedd86d231b05d050437e563	189	Pfam	PF01420	Type I restriction modification DNA specificity domain	19	174	1.4E-4	T	13-04-2026	IPR000055	Type I restriction modification DNA specificity domain	-	-
NZ_CM148639.1_2745888-2756492:._13	4d62e40afedd86d231b05d050437e563	189	Pfam	PF01420	Type I restriction modification DNA specificity domain	19	174	1.4E-4	T	13-04-2026	IPR000055	Type I restriction modification DNA specificity domain	-	-
NZ_CM148639.1_2178787-2189382:._7	2559275effda40c0fd8f8da78515339f	331	Pfam	PF08808	RES domain	166	292	3.9E-5	T	13-04-2026	IPR014914	RES domain	-	-
NZ_CP033922.1_2373170-2383738:._5	e81d5f7aaf6d65eb44d721cebfb5bdd5	289	Pfam	PF02955	Prokaryotic glutathione synthetase, ATP-grasp domain	133	217	0.0028	T	13-04-2026	IPR004218	Prokaryotic glutathione synthetase, ATP-binding	-	-
NZ_CP146522.1_14016-24608:._5	d4ea50ed185f9078fdd64b94fcc50a9a	136	Pfam	PF10686	YspA, cpYpsA-related SLOG family	21	87	1.1E-13	T	13-04-2026	IPR019627	YspA, cpYpsA-related SLOG family	-	-
NZ_CP039929.1_1273645-1284252:._3	4b4e06eabf44cc971f994d6bd5d38c71	586	Pfam	PF13910	Domain of unknown function (DUF4209)	508	576	7.3E-5	T	13-04-2026	IPR025209	Domain of unknown function DUF4209	-	-
NZ_CP094997.1_809047-819648:._9	a9f45a67abf144cdfe3ffad5b1b4237e	312	Pfam	PF06250	YhcG PDDEXK nuclease domain	143	294	1.8E-54	T	13-04-2026	IPR009362	YhcG PDDEXK nuclease domain	-	-
NZ_CP094997.1_809047-819648:._9	a9f45a67abf144cdfe3ffad5b1b4237e	312	Pfam	PF17761	DUF1016 N-terminal domain	13	137	7.5E-24	T	13-04-2026	IPR041527	YhcG, N-terminal	-	-
NZ_CP036540.1_72561-83153:._2	484cf107b6cb5a455a7e12f8ed9fbf09	592	CDD	cd17934	DEXXQc_Upf1-like	206	398	4.44308E-24	T	13-04-2026	-	-	-	-
NZ_CP036540.1_72561-83153:._2	484cf107b6cb5a455a7e12f8ed9fbf09	592	Pfam	PF13087	AAA domain	376	565	1.0E-33	T	13-04-2026	IPR041679	DNA2/NAM7 helicase-like, C-terminal	-	-
NZ_CP036540.1_72561-83153:._2	484cf107b6cb5a455a7e12f8ed9fbf09	592	CDD	cd18808	SF1_C_Upf1	399	585	1.60538E-40	T	13-04-2026	IPR047187	Upf1-like, C-terminal helicase domain	-	-
NZ_CP036540.1_72561-83153:._2	484cf107b6cb5a455a7e12f8ed9fbf09	592	Pfam	PF13086	AAA domain	192	270	7.3E-4	T	13-04-2026	IPR041677	DNA2/NAM7 helicase, helicase domain	-	-
NZ_CP036540.1_72561-83153:._2	484cf107b6cb5a455a7e12f8ed9fbf09	592	Pfam	PF13086	AAA domain	327	370	1.2E-8	T	13-04-2026	IPR041677	DNA2/NAM7 helicase, helicase domain	-	-
NZ_OY997410.1_2540106-2550287:._3	5d233e07ff01931fb0a5fe5b9b8b9388	99	Pfam	PF01527	Transposase	3	77	6.1E-12	T	13-04-2026	IPR002514	Transposase IS3/IS911family	-	-
NZ_OY997410.1_2540106-2550287:._6	59bbbb72540dbe32213cbd287afd4d11	60	Pfam	PF00239	Resolvase, N terminal domain	2	32	0.012	T	13-04-2026	IPR006119	Resolvase, N-terminal catalytic domain	-	-
NZ_CP073276.1_2893513-2903694:._6	59bbbb72540dbe32213cbd287afd4d11	60	Pfam	PF00239	Resolvase, N terminal domain	2	32	0.012	T	13-04-2026	IPR006119	Resolvase, N-terminal catalytic domain	-	-
NZ_AP042451.1_2405721-2415902:._6	59bbbb72540dbe32213cbd287afd4d11	60	Pfam	PF00239	Resolvase, N terminal domain	2	32	0.012	T	13-04-2026	IPR006119	Resolvase, N-terminal catalytic domain	-	-
NZ_OZ245719.1_5125857-5136431:._8	c92b34d2563d4fcd8643b8f6a4f6c1d4	200	CDD	cd00371	HMA	131	193	2.48328E-15	T	13-04-2026	IPR006121	Heavy metal-associated domain, HMA	-	-
NZ_OZ245719.1_5125857-5136431:._8	c92b34d2563d4fcd8643b8f6a4f6c1d4	200	Pfam	PF00403	Heavy-metal-associated domain	132	192	1.3E-11	T	13-04-2026	IPR006121	Heavy metal-associated domain, HMA	-	-
NZ_OZ245719.1_5125857-5136431:._8	c92b34d2563d4fcd8643b8f6a4f6c1d4	200	Pfam	PF02411	MerT mercuric transport protein	6	107	2.5E-8	T	13-04-2026	IPR003457	Mercuric transport protein MerT	-	-
NZ_CP096247.1_1006520-1017082:._5	7f98b6a2e76ea4e4d82e2113ecee32fa	187	Pfam	PF02796	Helix-turn-helix domain of resolvase	139	181	7.5E-6	T	13-04-2026	IPR006120	Resolvase, HTH domain	-	-
NZ_CP096247.1_1006520-1017082:._5	7f98b6a2e76ea4e4d82e2113ecee32fa	187	Pfam	PF00239	Resolvase, N terminal domain	2	136	1.2E-41	T	13-04-2026	IPR006119	Resolvase, N-terminal catalytic domain	-	-
NZ_CP096247.1_1006520-1017082:._5	7f98b6a2e76ea4e4d82e2113ecee32fa	187	CDD	cd03768	SR_ResInv	2	127	7.74321E-54	T	13-04-2026	-	-	-	-
NZ_CP096247.1_1008628-1019193:._4	7f98b6a2e76ea4e4d82e2113ecee32fa	187	Pfam	PF02796	Helix-turn-helix domain of resolvase	139	181	7.5E-6	T	13-04-2026	IPR006120	Resolvase, HTH domain	-	-
NZ_CP096247.1_1008628-1019193:._4	7f98b6a2e76ea4e4d82e2113ecee32fa	187	Pfam	PF00239	Resolvase, N terminal domain	2	136	1.2E-41	T	13-04-2026	IPR006119	Resolvase, N-terminal catalytic domain	-	-
NZ_CP096247.1_1008628-1019193:._4	7f98b6a2e76ea4e4d82e2113ecee32fa	187	CDD	cd03768	SR_ResInv	2	127	7.74321E-54	T	13-04-2026	-	-	-	-
NZ_CP110012.1_3190230-3200819:._11	12db7d6f0e1810eb2bb6672208b7c090	101	CDD	cd00093	HTH_XRE	32	96	7.70292E-13	T	13-04-2026	IPR001387	Cro/C1-type helix-turn-helix domain	-	-
NZ_CP110012.1_3190230-3200819:._11	12db7d6f0e1810eb2bb6672208b7c090	101	Pfam	PF01381	Helix-turn-helix	35	94	9.3E-10	T	13-04-2026	IPR001387	Cro/C1-type helix-turn-helix domain	-	-
NZ_CP196751.1_37266-47864:._7	0c8a24d16e6c2e293c194459efc6d139	289	Pfam	PF13310	Virulence protein RhuM family	62	131	2.4E-20	T	13-04-2026	IPR011204	Virulence protein RhuM-like	-	-
NZ_CP043609.1_17474-28072:._5	0c8a24d16e6c2e293c194459efc6d139	289	Pfam	PF13310	Virulence protein RhuM family	62	131	2.4E-20	T	13-04-2026	IPR011204	Virulence protein RhuM-like	-	-
NZ_CP081299.1_1785944-1796431:._11	b0a65555cfd7704776786ba5493d9d08	206	CDD	cd03768	SR_ResInv	5	143	3.24628E-29	T	13-04-2026	-	-	-	-
NZ_CP081299.1_1785944-1796431:._11	b0a65555cfd7704776786ba5493d9d08	206	Pfam	PF00239	Resolvase, N terminal domain	5	152	2.9E-30	T	13-04-2026	IPR006119	Resolvase, N-terminal catalytic domain	-	-
NZ_CP091786.1_2541119-2551678:._2	016c9e3c4a723dbb1e213eda933382ed	420	Pfam	PF20582	UPF0758 N-terminal	198	276	7.1E-15	T	13-04-2026	IPR046778	UPF0758, N-terminal	-	-
NZ_CP091786.1_2541119-2551678:._2	016c9e3c4a723dbb1e213eda933382ed	420	Pfam	PF04002	RadC-like JAB domain	301	417	1.5E-27	T	13-04-2026	IPR025657	RadC-like JAB domain	-	-
NZ_CP091786.1_2541119-2551678:._2	016c9e3c4a723dbb1e213eda933382ed	420	CDD	cd08071	MPN_DUF2466	304	415	2.68128E-36	T	13-04-2026	IPR025657	RadC-like JAB domain	-	-
NZ_CP182581.1_4402594-4413114:._1	b401e42687d8a1f96353033ad9250162	368	CDD	cd04865	LigD_Pol_like_2	96	323	1.76879E-126	T	13-04-2026	-	-	-	-
NZ_CP182581.1_4402594-4413114:._1	b401e42687d8a1f96353033ad9250162	368	Pfam	PF21686	LigD, primase-polymerase domain	95	348	1.1E-87	T	13-04-2026	IPR014145	DNA ligase D, polymerase domain	-	-
NZ_LT906459.1_3554432-3565048:._7	3ad86a5cdff9738a4f2f046eaec462df	502	CDD	cd13127	MATE_tuaB_like	34	439	1.44032E-156	T	13-04-2026	-	-	-	-
NZ_LT906459.1_3554432-3565048:._7	3ad86a5cdff9738a4f2f046eaec462df	502	Pfam	PF14667	Polysaccharide biosynthesis C-terminal domain	351	488	1.3E-9	T	13-04-2026	IPR029303	Polysaccharide biosynthesis protein, C-terminal domain	-	-
NZ_LT906459.1_3554432-3565048:._7	3ad86a5cdff9738a4f2f046eaec462df	502	Pfam	PF13440	Polysaccharide biosynthesis protein	58	346	8.7E-100	T	13-04-2026	-	-	-	-
NC_015160.1_3554654-3565171:._6	3ad86a5cdff9738a4f2f046eaec462df	502	CDD	cd13127	MATE_tuaB_like	34	439	1.44032E-156	T	13-04-2026	-	-	-	-
NC_015160.1_3554654-3565171:._6	3ad86a5cdff9738a4f2f046eaec462df	502	Pfam	PF14667	Polysaccharide biosynthesis C-terminal domain	351	488	1.3E-9	T	13-04-2026	IPR029303	Polysaccharide biosynthesis protein, C-terminal domain	-	-
NC_015160.1_3554654-3565171:._6	3ad86a5cdff9738a4f2f046eaec462df	502	Pfam	PF13440	Polysaccharide biosynthesis protein	58	346	8.7E-100	T	13-04-2026	-	-	-	-
NZ_CP196751.1_37266-47864:._1	4ea951e2b2de44f15ae6b649ba536edd	624	Pfam	PF13715	CarboxypepD_reg-like domain	33	114	1.7E-16	T	13-04-2026	-	-	-	-
NZ_CP196751.1_37266-47864:._1	4ea951e2b2de44f15ae6b649ba536edd	624	Pfam	PF07715	TonB-dependent Receptor Plug Domain	122	228	2.2E-16	T	13-04-2026	IPR012910	TonB-dependent receptor, plug domain	-	-
NZ_CP103067.1_3539419-3551232:._1	225ef03c3e5d6ea362fc9f87f8b9f2f4	238	Pfam	PF12987	Domain of unknown function, B. Theta Gene description (DUF3871)	22	238	1.4E-106	T	13-04-2026	IPR024353	Protein of unknown function DUF3871	-	-
NZ_CP072339.1_1316605-1328361:._9	64369478f2bab0199f40dfa663fd5bb0	315	Pfam	PF13936	Helix-turn-helix domain	2	44	4.0E-8	T	13-04-2026	IPR025246	Transposase IS30-like HTH domain	-	-
NZ_CP054002.1_18955-29541:._3	58613a0160eda5ef05839d7c2d7f9833	163	Pfam	PF03703	Bacterial PH domain	67	131	1.2E-4	T	13-04-2026	IPR005182	YdbS-like, PH domain	-	-
NZ_CP054141.1_36662-47269:._11	69a4de2807e7e8bb36705fbabb370adc	475	CDD	cd17524	RMtype1_S_EcoUTORF5051P-TRD2-CR2_like	42	221	9.68674E-66	T	13-04-2026	-	-	-	-
NZ_CP054141.1_36662-47269:._11	69a4de2807e7e8bb36705fbabb370adc	475	Pfam	PF01420	Type I restriction modification DNA specificity domain	297	441	1.6E-4	T	13-04-2026	IPR000055	Type I restriction modification DNA specificity domain	-	-
NZ_CP054141.1_36662-47269:._11	69a4de2807e7e8bb36705fbabb370adc	475	Pfam	PF01420	Type I restriction modification DNA specificity domain	43	214	0.0047	T	13-04-2026	IPR000055	Type I restriction modification DNA specificity domain	-	-
NZ_CP054141.1_36662-47269:._11	69a4de2807e7e8bb36705fbabb370adc	475	CDD	cd16961	RMtype1_S_TRD-CR_like	288	453	1.04383E-15	T	13-04-2026	-	-	-	-
NZ_OZ409824.1_5101300-5111901:._3	d03538b4e9100d15a5866212915e6f57	197	CDD	cd00038	CAP_ED	20	130	7.69353E-11	T	13-04-2026	IPR000595	Cyclic nucleotide-binding domain	-	-
NZ_OZ409824.1_5101300-5111901:._3	d03538b4e9100d15a5866212915e6f57	197	Pfam	PF00027	Cyclic nucleotide-binding domain	35	121	3.3E-7	T	13-04-2026	IPR000595	Cyclic nucleotide-binding domain	-	-
NZ_CP135989.1_1706394-1716983:._9	459b84fbdd2a569acec90f704ecfe963	125	Pfam	PF09413	Putative prokaryotic signal transducing protein	12	71	0.016	T	13-04-2026	IPR018551	Domain of unknown function DUF2007	-	-
NZ_CP085529.1_500099-510658:._1	066617d006e9d81f2a5568c6ee02231a	211	Pfam	PF09299	Mu transposase, C-terminal	40	102	4.3E-4	T	13-04-2026	IPR015378	Transposase-like, Mu, C-terminal	-	-
NZ_CP081299.1_1785944-1796431:._6	f82dd42e2fb6f3f6f40d5b39fb79c663	359	Pfam	PF01758	Sodium Bile acid symporter family	60	256	5.6E-52	T	13-04-2026	IPR002657	Bile acid:sodium symporter/arsenical resistance protein Acr3	-	-
NZ_CP054002.1_1-5274:._1	e56bce6785c9f83073b70a3238da7e3a	91	CDD	cd03768	SR_ResInv	2	87	4.02319E-37	T	13-04-2026	-	-	-	-
NZ_CP054002.1_1-5274:._1	e56bce6785c9f83073b70a3238da7e3a	91	Pfam	PF00239	Resolvase, N terminal domain	3	90	4.4E-22	T	13-04-2026	IPR006119	Resolvase, N-terminal catalytic domain	-	-
NZ_CP091790.1_278519-289078:._6	54cbe193bea9550f351b171c5e25f811	179	CDD	cd06223	PRTases_typeI	48	179	1.75989E-10	T	13-04-2026	IPR000836	Phosphoribosyltransferase domain	-	-
NZ_CP091790.1_278519-289078:._6	54cbe193bea9550f351b171c5e25f811	179	Pfam	PF00156	Phosphoribosyl transferase domain	47	175	7.1E-4	T	13-04-2026	IPR000836	Phosphoribosyltransferase domain	-	-
NZ_CP121110.1_2169661-2180256:._4	6cf4fd0ebf15d1134f7c82aae6927892	198	Pfam	PF00239	Resolvase, N terminal domain	5	139	6.2E-18	T	13-04-2026	IPR006119	Resolvase, N-terminal catalytic domain	-	-
NZ_CP197400.1_1166464-1177041:._2	a27d5eaeeb73c1bb3c15b4d4a3ba5003	122	Pfam	PF02410	Ribosomal silencing factor during starvation	14	110	1.2E-23	T	13-04-2026	-	-	-	-
NC_018743.1_17897-28507:._3	1858ed68bb96da8fe58dc4bfac73f2f1	868	Pfam	PF12770	CHAT domain	579	841	7.6E-38	T	13-04-2026	IPR024983	CHAT domain	-	-
NZ_CP102262.1_1241992-1252575:._2	bc6fa47cbf987ab3bc3d376735f1521f	391	Pfam	PF03009	Glycerophosphoryl diester phosphodiesterase family	148	274	8.4E-22	T	13-04-2026	IPR030395	Glycerophosphodiester phosphodiesterase domain	-	-
NZ_CP102262.1_1241992-1252575:._2	bc6fa47cbf987ab3bc3d376735f1521f	391	CDD	cd00146	PKD	72	105	0.00523915	T	13-04-2026	-	-	-	-
NZ_CP102262.1_1241992-1252575:._2	bc6fa47cbf987ab3bc3d376735f1521f	391	CDD	cd08566	GDPD_AtGDE_like	144	306	2.42823E-58	T	13-04-2026	-	-	-	-
NZ_CP199727.1_3386737-3397341:._5	0ee7f1bedd124db2b9a751f6790caa40	83	CDD	cd00093	HTH_XRE	12	69	2.70657E-13	T	13-04-2026	IPR001387	Cro/C1-type helix-turn-helix domain	-	-
NZ_CP199727.1_3386737-3397341:._5	0ee7f1bedd124db2b9a751f6790caa40	83	Pfam	PF01381	Helix-turn-helix	15	69	4.2E-8	T	13-04-2026	IPR001387	Cro/C1-type helix-turn-helix domain	-	-
NZ_CP033934.1_78870-89474:._3	d5db5b15a998ad95df26abffe929b65a	543	Pfam	PF18962	Secretion system C-terminal sorting domain	478	538	1.1E-5	T	13-04-2026	IPR026444	Secretion system C-terminal sorting domain	-	-
NZ_CP054002.1_18955-29541:._14	9962bea3fcdf4aafd7e5090b482e6150	102	Pfam	PF05713	Bacterial mobilisation protein (MobC)	55	82	4.4E-4	T	13-04-2026	IPR008687	Bacterial mobilisation	-	-
NZ_CP054141.1_36662-47269:._8	cab4b6ad938ac0fda04e023eda140242	202	Pfam	PF00239	Resolvase, N terminal domain	4	142	7.8E-21	T	13-04-2026	IPR006119	Resolvase, N-terminal catalytic domain	-	-
NZ_CP054141.1_36662-47269:._8	cab4b6ad938ac0fda04e023eda140242	202	CDD	cd03768	SR_ResInv	5	133	5.36837E-28	T	13-04-2026	-	-	-	-
NZ_OX596083.1_2220108-2230706:._5	f292a2f3b996ba9a07cd81be4ca68edc	199	CDD	cd03768	SR_ResInv	5	133	2.10721E-32	T	13-04-2026	-	-	-	-
NZ_OX596083.1_2220108-2230706:._5	f292a2f3b996ba9a07cd81be4ca68edc	199	Pfam	PF00239	Resolvase, N terminal domain	4	142	6.9E-22	T	13-04-2026	IPR006119	Resolvase, N-terminal catalytic domain	-	-
NZ_JBQSUP010000001.1_5071-14507:._6	96ce685a06670da531410773b2049c7b	187	CDD	cd03768	SR_ResInv	2	127	2.65495E-57	T	13-04-2026	-	-	-	-
NZ_JBQSUP010000001.1_5071-14507:._6	96ce685a06670da531410773b2049c7b	187	Pfam	PF00239	Resolvase, N terminal domain	2	136	2.5E-39	T	13-04-2026	IPR006119	Resolvase, N-terminal catalytic domain	-	-
NZ_JBQSUP010000001.1_5071-14507:._6	96ce685a06670da531410773b2049c7b	187	Pfam	PF02796	Helix-turn-helix domain of resolvase	139	183	0.0032	T	13-04-2026	IPR006120	Resolvase, HTH domain	-	-
NZ_CP182860.1_3198816-3209453:._13	7e48574411d5d9f84bb23c23bef460dc	261	Pfam	PF12224	Putative amidoligase enzyme	24	223	8.1E-43	T	13-04-2026	IPR022025	Putative amidoligase enzyme	-	-
NZ_CP139137.1_4120948-4131552:._3	57aabeba6dfe10b7ee85e0f582444d5f	1265	Pfam	PF02810	SEC-C motif	5	22	0.0039	T	13-04-2026	IPR004027	SEC-C motif	-	-
NZ_CP135989.1_1706394-1716983:._8	3a0d70a8b8bcdc2a361e2bcf6e2bc8c8	380	Pfam	PF00155	Aminotransferase class I and II	28	376	8.1E-42	T	13-04-2026	IPR004839	Aminotransferase, class I/classII	-	-
NZ_OX596081.1_1428450-1439087:._10	c30295e3ebb82578b7bf99428c8e1d8c	211	CDD	cd06529	S24_LexA-like	121	204	8.78092E-14	T	13-04-2026	IPR039418	LexA-like	-	-
NZ_OX596081.1_1428450-1439087:._10	c30295e3ebb82578b7bf99428c8e1d8c	211	Pfam	PF00717	Peptidase S24-like	86	202	1.6E-11	T	13-04-2026	IPR015927	Peptidase S24/S26A/S26B/S26C	-	-
NZ_OX596081.1_1428450-1439087:._10	c30295e3ebb82578b7bf99428c8e1d8c	211	Pfam	PF07022	Bacteriophage CI repressor helix-turn-helix domain	7	66	2.7E-7	T	13-04-2026	IPR010744	Bacteriophage CI repressor, N-terminal	-	-
NZ_OX596082.1_1428453-1439090:._10	c30295e3ebb82578b7bf99428c8e1d8c	211	CDD	cd06529	S24_LexA-like	121	204	8.78092E-14	T	13-04-2026	IPR039418	LexA-like	-	-
NZ_OX596082.1_1428453-1439090:._10	c30295e3ebb82578b7bf99428c8e1d8c	211	Pfam	PF00717	Peptidase S24-like	86	202	1.6E-11	T	13-04-2026	IPR015927	Peptidase S24/S26A/S26B/S26C	-	-
NZ_OX596082.1_1428453-1439090:._10	c30295e3ebb82578b7bf99428c8e1d8c	211	Pfam	PF07022	Bacteriophage CI repressor helix-turn-helix domain	7	66	2.7E-7	T	13-04-2026	IPR010744	Bacteriophage CI repressor, N-terminal	-	-
NZ_CP081299.1_7408552-7419153:._12	3ff1b737bdf03dff05cb03dc950826bc	357	Pfam	PF01758	Sodium Bile acid symporter family	60	256	2.6E-53	T	13-04-2026	IPR002657	Bile acid:sodium symporter/arsenical resistance protein Acr3	-	-
NZ_CP118631.1_4648428-4659014:._7	036dca9d225a0b1443320afd311ccb0f	195	CDD	cd03768	SR_ResInv	2	124	4.32762E-62	T	13-04-2026	-	-	-	-
NZ_CP118631.1_4648428-4659014:._7	036dca9d225a0b1443320afd311ccb0f	195	Pfam	PF02796	Helix-turn-helix domain of resolvase	138	184	3.2E-5	T	13-04-2026	IPR006120	Resolvase, HTH domain	-	-
NZ_CP118631.1_4648428-4659014:._7	036dca9d225a0b1443320afd311ccb0f	195	Pfam	PF00239	Resolvase, N terminal domain	2	135	2.2E-45	T	13-04-2026	IPR006119	Resolvase, N-terminal catalytic domain	-	-
NZ_CP072256.1_33946-44538:._7	44305a5b019300c4c955b2d736e1caca	197	Pfam	PF00239	Resolvase, N terminal domain	3	135	3.7E-41	T	13-04-2026	IPR006119	Resolvase, N-terminal catalytic domain	-	-
NZ_CP072256.1_33946-44538:._7	44305a5b019300c4c955b2d736e1caca	197	CDD	cd03768	SR_ResInv	3	126	3.71997E-58	T	13-04-2026	-	-	-	-
NZ_CP143943.1_29742-40334:._7	44305a5b019300c4c955b2d736e1caca	197	Pfam	PF00239	Resolvase, N terminal domain	3	135	3.7E-41	T	13-04-2026	IPR006119	Resolvase, N-terminal catalytic domain	-	-
NZ_CP143943.1_29742-40334:._7	44305a5b019300c4c955b2d736e1caca	197	CDD	cd03768	SR_ResInv	3	126	3.71997E-58	T	13-04-2026	-	-	-	-
NZ_CP041231.1_28399-38991:._12	44305a5b019300c4c955b2d736e1caca	197	Pfam	PF00239	Resolvase, N terminal domain	3	135	3.7E-41	T	13-04-2026	IPR006119	Resolvase, N-terminal catalytic domain	-	-
NZ_CP041231.1_28399-38991:._12	44305a5b019300c4c955b2d736e1caca	197	CDD	cd03768	SR_ResInv	3	126	3.71997E-58	T	13-04-2026	-	-	-	-
NZ_CP199727.1_3386737-3397341:._10	d033921e19d7503328c8561ae02759e2	674	Pfam	PF13585	CHU_C Type IX secretion signal domain	585	670	2.9E-13	T	13-04-2026	-	-	-	-
NZ_AP027044.1_1-9179:._2	91058f120bdba774fa398149729eba2e	280	Pfam	PF08843	Nucleotidyl transferase AbiEii toxin, Type IV TA system	11	265	1.5E-15	T	13-04-2026	IPR014942	Nucleotidyl transferase AbiEii toxin, Type IV TA system	-	-
NC_010830.1_107438-117994:._6	c446e96bbbb2c958ad07124e39c04b4e	254	Pfam	PF07786	Heparan-alpha-glucosaminide N-acetyltransferase, catalytic	15	243	2.5E-42	T	13-04-2026	IPR012429	Heparan-alpha-glucosaminide N-acetyltransferase, catalytic domain	-	-
NZ_CP119422.1_5694152-5704711:._10	d08bfa64621b5c45c5aca277e735e0ac	186	CDD	cd00569	HTH_Hin_like	138	180	3.0382E-8	T	13-04-2026	-	-	-	-
NZ_CP119422.1_5694152-5704711:._10	d08bfa64621b5c45c5aca277e735e0ac	186	Pfam	PF00239	Resolvase, N terminal domain	3	135	1.3E-41	T	13-04-2026	IPR006119	Resolvase, N-terminal catalytic domain	-	-
NZ_CP119422.1_5694152-5704711:._10	d08bfa64621b5c45c5aca277e735e0ac	186	Pfam	PF02796	Helix-turn-helix domain of resolvase	138	180	2.1E-6	T	13-04-2026	IPR006120	Resolvase, HTH domain	-	-
NZ_CP119422.1_5694152-5704711:._10	d08bfa64621b5c45c5aca277e735e0ac	186	CDD	cd03768	SR_ResInv	2	126	5.66871E-60	T	13-04-2026	-	-	-	-
NZ_CP054141.1_36662-47269:._12	d1c216075e4b77b729ca8ce3c0006655	700	Pfam	PF02384	N-6 DNA Methylase	313	635	5.1E-27	T	13-04-2026	IPR003356	DNA methylase, adenine-specific	-	-
NZ_CP054141.1_36662-47269:._12	d1c216075e4b77b729ca8ce3c0006655	700	Pfam	PF13588	Type I restriction enzyme R protein N terminus (HSDR_N)	67	174	5.7E-23	T	13-04-2026	IPR029464	Type I restriction enzyme R protein, N-terminal domain	-	-
NZ_OX579588.1_1236768-1247390:._15	f82de5aab6102d8e2320d9cad915ccc4	718	Pfam	PF09299	Mu transposase, C-terminal	584	616	0.029	T	13-04-2026	IPR015378	Transposase-like, Mu, C-terminal	-	-
NZ_CP029145.1_1157964-1168115:._2	3541d3923ea17f5e184f03987878f626	123	Pfam	PF01527	Transposase	9	79	8.4E-6	T	13-04-2026	IPR002514	Transposase IS3/IS911family	-	-
NZ_CP032819.1_28358-38950:._6	2505efbc7c238c9b986a0a086648d75c	311	Pfam	PF00892	EamA-like transporter family	161	299	2.0E-13	T	13-04-2026	IPR000620	EamA domain	-	-
NZ_CP032819.1_28358-38950:._6	2505efbc7c238c9b986a0a086648d75c	311	Pfam	PF00892	EamA-like transporter family	11	148	1.7E-14	T	13-04-2026	IPR000620	EamA domain	-	-
NZ_CP182581.1_4402594-4413114:._4	6e530759aa4625edfe1870a6ba3490f6	352	Pfam	PF08545	3-Oxoacyl-[acyl-carrier-protein (ACP)] synthase III	129	200	3.3E-12	T	13-04-2026	IPR013751	Beta-ketoacyl-[acyl-carrier-protein] synthase III, N-terminal	-	-
NZ_CP182581.1_4402594-4413114:._4	6e530759aa4625edfe1870a6ba3490f6	352	Pfam	PF08541	3-Oxoacyl-[acyl-carrier-protein (ACP)] synthase III C terminal	253	351	3.2E-8	T	13-04-2026	IPR013747	Beta-ketoacyl-[acyl-carrier-protein] synthase III, C-terminal	-	-
NZ_CP182581.1_4402594-4413114:._4	6e530759aa4625edfe1870a6ba3490f6	352	CDD	cd00830	KAS_III	3	350	1.39494E-80	T	13-04-2026	-	-	-	-
NZ_CP103120.1_40675-51270:._9	89044636225ebe5eb9cff44ac2fcc8b5	198	Pfam	PF00239	Resolvase, N terminal domain	3	135	4.4E-41	T	13-04-2026	IPR006119	Resolvase, N-terminal catalytic domain	-	-
NZ_CP103120.1_40675-51270:._9	89044636225ebe5eb9cff44ac2fcc8b5	198	CDD	cd03768	SR_ResInv	2	126	1.25034E-61	T	13-04-2026	-	-	-	-
NZ_CP103120.1_40675-51270:._9	89044636225ebe5eb9cff44ac2fcc8b5	198	Pfam	PF02796	Helix-turn-helix domain of resolvase	138	184	0.018	T	13-04-2026	IPR006120	Resolvase, HTH domain	-	-
NZ_CP171010.1_321704-332272:._12	72fc79d614ff71174b6c91835e5ccbcc	154	Pfam	PF00717	Peptidase S24-like	31	143	3.9E-15	T	13-04-2026	IPR015927	Peptidase S24/S26A/S26B/S26C	-	-
NZ_CP171010.1_321704-332272:._12	72fc79d614ff71174b6c91835e5ccbcc	154	CDD	cd06462	Peptidase_S24_S26	64	143	9.97955E-12	T	13-04-2026	-	-	-	-
NZ_CP089538.1_2526952-2537580:._1	0b1ad01a727ea2ad727a2dd443579cb1	408	Pfam	PF13102	Phage integrase SAM-like domain	116	212	2.7E-5	T	13-04-2026	IPR025269	Phage integrase SAM-like domain	-	-
NZ_CP089538.1_2526952-2537580:._1	0b1ad01a727ea2ad727a2dd443579cb1	408	Pfam	PF17293	Arm DNA-binding domain	18	94	1.6E-5	T	13-04-2026	IPR035386	Arm, DNA-binding domain	-	-
NZ_CP006587.1_4827107-4837720:._6	e3ee635e2229e97d85719a92d246d40b	372	Pfam	PF02661	Fic/DOC family	117	225	1.9E-14	T	13-04-2026	IPR003812	Fido domain	-	-
NZ_CP006587.1_4827107-4837720:._6	e3ee635e2229e97d85719a92d246d40b	372	Pfam	PF13776	Domain of unknown function (DUF4172)	7	88	6.5E-26	T	13-04-2026	IPR025230	Domain of unknown function DUF4172	-	-
NZ_CP032819.1_28358-38950:._10	c678030ab32f8b241a0a61ed00d750cf	287	Pfam	PF00881	Nitroreductase family	88	267	2.6E-21	T	13-04-2026	IPR029479	Nitroreductase	-	-
NZ_CP032819.1_28358-38950:._10	c678030ab32f8b241a0a61ed00d750cf	287	Pfam	PF13237	4Fe-4S dicluster domain	5	55	3.2E-8	T	13-04-2026	IPR017896	4Fe-4S ferredoxin-type, iron-sulphur binding domain	-	-
NZ_CP141186.1_35393-45964:._11	d13c2f185497d1f46257c12fddd853d6	361	CDD	cd16922	HATPase_EvgS-ArcB-TorS-like	253	357	1.81917E-38	T	13-04-2026	-	-	-	-
NZ_CP141186.1_35393-45964:._11	d13c2f185497d1f46257c12fddd853d6	361	Pfam	PF02518	Histidine kinase-, DNA gyrase B-, and HSP90-like ATPase	250	358	6.3E-26	T	13-04-2026	IPR003594	Histidine kinase/HSP90-like ATPase	-	-
NZ_CP141186.1_35393-45964:._11	d13c2f185497d1f46257c12fddd853d6	361	CDD	cd00130	PAS	54	119	0.00483023	T	13-04-2026	IPR000014	PAS domain	-	-
NZ_CP143943.1_29742-40334:._8	56fd073eeafd5ea954343a617fb254dc	336	Pfam	PF08401	N-terminal domain of anti-restriction factor ArdC	7	139	9.7E-28	T	13-04-2026	IPR013610	N-terminal domain of anti-restriction factor ArdC	-	-
NZ_CP143943.1_29742-40334:._8	56fd073eeafd5ea954343a617fb254dc	336	Pfam	PF18818	Zincin-like metallopeptidase	195	302	2.8E-25	T	13-04-2026	IPR041459	Polyvalent protein, metallopeptidase domain	-	-
NZ_CP041231.1_28399-38991:._11	56fd073eeafd5ea954343a617fb254dc	336	Pfam	PF08401	N-terminal domain of anti-restriction factor ArdC	7	139	9.7E-28	T	13-04-2026	IPR013610	N-terminal domain of anti-restriction factor ArdC	-	-
NZ_CP041231.1_28399-38991:._11	56fd073eeafd5ea954343a617fb254dc	336	Pfam	PF18818	Zincin-like metallopeptidase	195	302	2.8E-25	T	13-04-2026	IPR041459	Polyvalent protein, metallopeptidase domain	-	-
NZ_CP072256.1_33946-44538:._8	56fd073eeafd5ea954343a617fb254dc	336	Pfam	PF08401	N-terminal domain of anti-restriction factor ArdC	7	139	9.7E-28	T	13-04-2026	IPR013610	N-terminal domain of anti-restriction factor ArdC	-	-
NZ_CP072256.1_33946-44538:._8	56fd073eeafd5ea954343a617fb254dc	336	Pfam	PF18818	Zincin-like metallopeptidase	195	302	2.8E-25	T	13-04-2026	IPR041459	Polyvalent protein, metallopeptidase domain	-	-
NZ_CP176634.1_1094783-1106443:._2	61766de0c2a6e250e4781902aaf4221f	462	Pfam	PF13586	Transposase DDE domain	361	439	8.2E-7	T	13-04-2026	IPR025668	Transposase DDE domain	-	-
NZ_CP094675.1_7755-18323:._4	4fe3ee942b87b77728e7cb32b0a77b97	361	CDD	cd00130	PAS	28	119	6.26424E-7	T	13-04-2026	IPR000014	PAS domain	-	-
NZ_CP094675.1_7755-18323:._4	4fe3ee942b87b77728e7cb32b0a77b97	361	Pfam	PF02518	Histidine kinase-, DNA gyrase B-, and HSP90-like ATPase	250	360	2.1E-24	T	13-04-2026	IPR003594	Histidine kinase/HSP90-like ATPase	-	-
NZ_CP072339.1_1316605-1328361:._2	c44663b4ddc0bd8b82ce6e711b977944	498	Pfam	PF01943	Polysaccharide biosynthesis protein	16	288	4.7E-7	T	13-04-2026	IPR002797	Polysaccharide biosynthesis protein	-	-
NZ_CP114291.2_1703538-1714145:._4	396d6d5729c747c627d7dae0eecd949c	202	Pfam	PF00239	Resolvase, N terminal domain	2	143	1.8E-30	T	13-04-2026	IPR006119	Resolvase, N-terminal catalytic domain	-	-
NZ_CP114291.2_1703538-1714145:._4	396d6d5729c747c627d7dae0eecd949c	202	CDD	cd03768	SR_ResInv	2	134	3.81329E-26	T	13-04-2026	-	-	-	-
NZ_CP059973.1_3139427-3151240:._6	0200d57b104b6f455648e7e3954f854a	1095	Pfam	PF00873	AcrB/AcrD/AcrF family	20	539	2.1E-53	T	13-04-2026	IPR001036	Acriflavin resistance protein	-	-
NZ_CP059973.1_3139427-3151240:._6	0200d57b104b6f455648e7e3954f854a	1095	Pfam	PF00873	AcrB/AcrD/AcrF family	678	1075	3.4E-24	T	13-04-2026	IPR001036	Acriflavin resistance protein	-	-
NZ_CP111121.1_2399092-2409696:._7	b831ba72c4b28bab7130748544b73b5e	327	Pfam	PF00665	Integrase core domain	137	236	8.4E-19	T	13-04-2026	IPR001584	Integrase, catalytic core	-	-
NZ_CP111121.1_2399092-2409696:._7	b831ba72c4b28bab7130748544b73b5e	327	Pfam	PF13565	Homeodomain-like domain	36	109	1.5E-9	T	13-04-2026	-	-	-	-
NZ_CP111121.1_4947174-4957778:._6	b831ba72c4b28bab7130748544b73b5e	327	Pfam	PF00665	Integrase core domain	137	236	8.4E-19	T	13-04-2026	IPR001584	Integrase, catalytic core	-	-
NZ_CP111121.1_4947174-4957778:._6	b831ba72c4b28bab7130748544b73b5e	327	Pfam	PF13565	Homeodomain-like domain	36	109	1.5E-9	T	13-04-2026	-	-	-	-
NZ_CP103067.1_3539419-3551232:._8	96975747c8e36f34f510abb2860ce52c	256	Pfam	PF16150	Domain of unknown function (DUF4858)	22	114	1.1E-12	T	13-04-2026	IPR032338	Protein of unknown function DUF4858	-	-
NZ_CP103067.1_3539419-3551232:._12	60a379cfd4d70ed16e7ecd778c42f7d6	369	Pfam	PF07690	Major Facilitator Superfamily	6	326	3.2E-14	T	13-04-2026	IPR011701	Major facilitator superfamily	-	-
NZ_CP050063.1_5052396-5062973:._9	7bfd7f564d2983df795e2676a6246756	428	CDD	cd01700	PolY_Pol_V_umuC	3	356	1.17028E-158	T	13-04-2026	-	-	-	-
NZ_CP050063.1_5052396-5062973:._9	7bfd7f564d2983df795e2676a6246756	428	Pfam	PF11799	impB/mucB/samB family C-terminal domain	244	365	7.7E-20	T	13-04-2026	IPR017961	DNA polymerase, Y-family, little finger domain	-	-
NZ_CP050063.1_5052396-5062973:._9	7bfd7f564d2983df795e2676a6246756	428	Pfam	PF00817	impB/mucB/samB family	5	151	3.2E-32	T	13-04-2026	IPR001126	UmuC domain	-	-
NZ_CP050063.1_5052396-5062973:._9	7bfd7f564d2983df795e2676a6246756	428	Pfam	PF13438	Domain of unknown function (DUF4113)	378	427	1.9E-15	T	13-04-2026	IPR025188	Domain of unknown function DUF4113	-	-
NZ_CP036547.1_5524-14930:._7	c239df17bdfd3b5d45eb3a0bb11d34f0	291	Pfam	PF13310	Virulence protein RhuM family	61	133	1.4E-20	T	13-04-2026	IPR011204	Virulence protein RhuM-like	-	-
NZ_CP036540.1_72561-83153:._5	c239df17bdfd3b5d45eb3a0bb11d34f0	291	Pfam	PF13310	Virulence protein RhuM family	61	133	1.4E-20	T	13-04-2026	IPR011204	Virulence protein RhuM-like	-	-
NZ_CP123860.1_6049507-6060096:._12	c9afb65b3f1ba19c0d03360a3892b399	248	Pfam	PF13333	Integrase core domain	186	237	1.2E-12	T	13-04-2026	IPR001584	Integrase, catalytic core	-	-
NZ_CP123860.1_6049507-6060096:._12	c9afb65b3f1ba19c0d03360a3892b399	248	Pfam	PF00665	Integrase core domain	84	179	9.6E-13	T	13-04-2026	IPR001584	Integrase, catalytic core	-	-
NZ_CP123860.1_6049507-6060096:._12	c9afb65b3f1ba19c0d03360a3892b399	248	Pfam	PF13276	HTH-like domain	5	55	1.9E-10	T	13-04-2026	IPR025948	HTH-like domain	-	-
NZ_CP033918.1_3313892-3324232:._8	850cacc413f6a20c8677638d735b4d87	113	CDD	cd03768	SR_ResInv	2	100	3.60793E-34	T	13-04-2026	-	-	-	-
NZ_CP033918.1_3313892-3324232:._8	850cacc413f6a20c8677638d735b4d87	113	Pfam	PF00239	Resolvase, N terminal domain	2	101	4.0E-21	T	13-04-2026	IPR006119	Resolvase, N-terminal catalytic domain	-	-
NZ_CM148691.1_2392532-2403127:._10	ae7bb2ca97ca89e6ae5700e0c6306e64	345	Pfam	PF04245	37-kD nucleoid-associated bacterial protein	42	312	2.0E-8	T	13-04-2026	IPR007358	Nucleoid-associated protein NdpA	-	-
NZ_CM148689.1_3656431-3667026:._3	ae7bb2ca97ca89e6ae5700e0c6306e64	345	Pfam	PF04245	37-kD nucleoid-associated bacterial protein	42	312	2.0E-8	T	13-04-2026	IPR007358	Nucleoid-associated protein NdpA	-	-
NZ_CM148692.1_2418428-2429023:._10	ae7bb2ca97ca89e6ae5700e0c6306e64	345	Pfam	PF04245	37-kD nucleoid-associated bacterial protein	42	312	2.0E-8	T	13-04-2026	IPR007358	Nucleoid-associated protein NdpA	-	-
NC_014230.1_965027-975640:._16	f13de553cfa675061ceeba7dbfb27e0b	75	CDD	cd00093	HTH_XRE	13	70	1.64812E-12	T	13-04-2026	IPR001387	Cro/C1-type helix-turn-helix domain	-	-
NC_014230.1_965027-975640:._16	f13de553cfa675061ceeba7dbfb27e0b	75	Pfam	PF01381	Helix-turn-helix	16	67	1.4E-7	T	13-04-2026	IPR001387	Cro/C1-type helix-turn-helix domain	-	-
NZ_CP029145.1_1157964-1168115:._17	7a0ef19fce832eb0423af6e1877d98fc	154	Pfam	PF13359	DDE superfamily endonuclease	1	131	8.3E-8	T	13-04-2026	IPR027806	Harbinger transposase-derived nuclease domain	-	-
NZ_CP143637.1_150213-160817:._11	ff1ea10ee476041c70d8c2e823796902	198	CDD	cd00038	CAP_ED	16	110	1.19504E-20	T	13-04-2026	IPR000595	Cyclic nucleotide-binding domain	-	-
NZ_CP143637.1_150213-160817:._11	ff1ea10ee476041c70d8c2e823796902	198	Pfam	PF13545	Crp-like helix-turn-helix domain	149	198	7.9E-7	T	13-04-2026	IPR012318	Crp-type HTH domain	-	-
NZ_CP143637.1_150213-160817:._11	ff1ea10ee476041c70d8c2e823796902	198	Pfam	PF00027	Cyclic nucleotide-binding domain	16	103	3.1E-15	T	13-04-2026	IPR000595	Cyclic nucleotide-binding domain	-	-
NZ_CP147988.1_142083-152681:._12	69c8d93661d2f3461ed7fb6d7183cbb7	407	Pfam	PF20284	C-terminal domain 8 of the ABC-three component (ABC-3C) systems	263	388	1.2E-36	T	13-04-2026	IPR046912	ABC-three component systems, C-terminal domain 8	-	-
NZ_CP147988.1_142083-152681:._12	69c8d93661d2f3461ed7fb6d7183cbb7	407	Pfam	PF07819	PGAP1-like protein	82	162	1.1E-6	T	13-04-2026	IPR012908	GPI inositol-deacylase PGAP1-like	-	-
NZ_CP037921.1_118503-129116:._2	e0e77999d50e126332e12c9b8610f86e	759	Pfam	PF07693	KAP family P-loop domain	27	316	7.4E-46	T	13-04-2026	IPR011646	KAP family P-loop domain	-	-
NZ_CP119421.1_5019560-5030119:._5	14f66ed986df89d63605c8972601548c	80	Pfam	PF13711	Domain of unknown function (DUF4160)	9	73	1.2E-15	T	13-04-2026	IPR025427	Protein of unknown function DUF4160	-	-
NZ_CP037428.1_20809-31371:._1	835678da73bfb249870fada1287a8ec6	193	Pfam	PF13342	C-terminal repeat of topoisomerase	51	109	2.7E-4	T	13-04-2026	IPR025589	Topoisomerase C-terminal repeat	-	-
NZ_CP125998.1_20809-31371:._1	835678da73bfb249870fada1287a8ec6	193	Pfam	PF13342	C-terminal repeat of topoisomerase	51	109	2.7E-4	T	13-04-2026	IPR025589	Topoisomerase C-terminal repeat	-	-
NZ_CP125988.1_20809-31371:._1	835678da73bfb249870fada1287a8ec6	193	Pfam	PF13342	C-terminal repeat of topoisomerase	51	109	2.7E-4	T	13-04-2026	IPR025589	Topoisomerase C-terminal repeat	-	-
NZ_CP140570.1_1595159-1605754:._11	4e6dc8eeaf234d58fac4e47b349df943	148	Pfam	PF00268	Ribonucleotide reductase, small chain	2	105	1.1E-16	T	13-04-2026	IPR000358	Ribonucleotide reductase small subunit family	-	-
NZ_CP146526.1_6816-17408:._10	42b9cd9a351151104e28d29a15c9594d	364	Pfam	PF13463	Winged helix DNA-binding domain	286	341	0.23	T	13-04-2026	IPR000835	MarR-type HTH domain	-	-
NZ_CP095070.1_93803-104413:._2	a45338d40540307f37a792f52e6b3145	159	Pfam	PF08281	Sigma-70, region 4	102	152	1.4E-7	T	13-04-2026	IPR013249	RNA polymerase sigma factor 70, region 4 type 2	-	-
NZ_CP095070.1_93803-104413:._2	a45338d40540307f37a792f52e6b3145	159	Pfam	PF04542	Sigma-70 region 2	8	74	2.5E-13	T	13-04-2026	IPR007627	RNA polymerase sigma-70 region 2	-	-
NZ_CP182860.1_3198816-3209453:._1	af953b7ca529d57e8cb02d68be3c68ac	464	CDD	cd01651	RT_G2_intron	106	317	1.90073E-94	T	13-04-2026	-	-	-	-
NZ_CP182860.1_3198816-3209453:._1	af953b7ca529d57e8cb02d68be3c68ac	464	Pfam	PF00078	Reverse transcriptase (RNA-dependent DNA polymerase)	110	316	1.2E-39	T	13-04-2026	IPR000477	Reverse transcriptase domain	-	-
NZ_CP182860.1_3198816-3209453:._1	af953b7ca529d57e8cb02d68be3c68ac	464	Pfam	PF08388	Group II intron, maturase-specific domain	334	407	2.1E-13	T	13-04-2026	IPR013597	Group II intron, maturase-specific	-	-
NZ_CP006587.1_4827107-4837720:._1	d4fd7ec4f7938bd19b17cb17472bb28e	351	Pfam	PF06580	Histidine kinase	160	237	2.8E-23	T	13-04-2026	IPR010559	Signal transduction histidine kinase, internal region	-	-
NZ_CP048222.1_624272-634840:._12	364cca540c9d16b5a6f9408d37fbee0c	253	Pfam	PF16793	RepB DNA-primase from phage plasmid	19	171	5.4E-24	T	13-04-2026	IPR039459	RepB-like DNA primase domain	-	-
NZ_CP032318.1_36941-47167:._2	24f3426f20a080d8878758217aad8057	987	Pfam	PF13700	Domain of unknown function (DUF4158)	5	171	1.3E-43	T	13-04-2026	IPR025296	Domain of unknown function DUF4158	-	-
NZ_CP032318.1_36941-47167:._2	24f3426f20a080d8878758217aad8057	987	Pfam	PF01526	Tn3 transposase DDE domain	581	964	1.9E-121	T	13-04-2026	IPR002513	Tn3 transposase DDE domain	-	-
NZ_CP182860.1_3198816-3209453:._6	812318fbd188e657ccbabace168dab95	212	CDD	cd03768	SR_ResInv	6	148	4.91082E-32	T	13-04-2026	-	-	-	-
NZ_CP182860.1_3198816-3209453:._6	812318fbd188e657ccbabace168dab95	212	Pfam	PF00239	Resolvase, N terminal domain	6	157	2.4E-28	T	13-04-2026	IPR006119	Resolvase, N-terminal catalytic domain	-	-
NZ_CP095047.1_89856-100457:._6	54b358fd783a303d953f194eeb7adc41	200	CDD	cd03768	SR_ResInv	3	123	3.80766E-57	T	13-04-2026	-	-	-	-
NZ_CP095047.1_89856-100457:._6	54b358fd783a303d953f194eeb7adc41	200	Pfam	PF00239	Resolvase, N terminal domain	3	135	4.8E-43	T	13-04-2026	IPR006119	Resolvase, N-terminal catalytic domain	-	-
NZ_CP023642.1_4512811-4523433:._9	dc42e238920b8da1611049d321970e30	89	CDD	cd00093	HTH_XRE	25	82	5.40162E-9	T	13-04-2026	IPR001387	Cro/C1-type helix-turn-helix domain	-	-
NZ_CP023642.1_4512811-4523433:._9	dc42e238920b8da1611049d321970e30	89	Pfam	PF01381	Helix-turn-helix	28	82	2.8E-4	T	13-04-2026	IPR001387	Cro/C1-type helix-turn-helix domain	-	-
NZ_CP064939.1_4395415-4405641:._1	16ae774545da9a12f5a28bae48c0237c	257	Pfam	PF00106	short chain dehydrogenase	7	215	2.3E-34	T	13-04-2026	IPR002347	Short-chain dehydrogenase/reductase SDR	-	-
NZ_CM148639.1_2178787-2189382:._8	5532a55c038e8ec091a43b0bd54df39b	361	Pfam	PF13551	Winged helix-turn helix	11	72	8.7E-12	T	13-04-2026	-	-	-	-
NZ_CM148639.1_2178787-2189382:._8	5532a55c038e8ec091a43b0bd54df39b	361	Pfam	PF13683	Integrase core domain	255	318	7.7E-8	T	13-04-2026	IPR001584	Integrase, catalytic core	-	-
NZ_CM148639.1_2733309-2743943:._3	5532a55c038e8ec091a43b0bd54df39b	361	Pfam	PF13551	Winged helix-turn helix	11	72	8.7E-12	T	13-04-2026	-	-	-	-
NZ_CM148639.1_2733309-2743943:._3	5532a55c038e8ec091a43b0bd54df39b	361	Pfam	PF13683	Integrase core domain	255	318	7.7E-8	T	13-04-2026	IPR001584	Integrase, catalytic core	-	-
NZ_CP119604.1_57801-68393:._6	c711b5762ccc3280510fafba5dc3007c	197	CDD	cd03768	SR_ResInv	2	126	4.70603E-56	T	13-04-2026	-	-	-	-
NZ_CP119604.1_57801-68393:._6	c711b5762ccc3280510fafba5dc3007c	197	Pfam	PF00239	Resolvase, N terminal domain	3	135	2.7E-39	T	13-04-2026	IPR006119	Resolvase, N-terminal catalytic domain	-	-
NZ_CP096965.1_32657-43249:._4	ae03ec098b3b5aef6b8e3b5de11aa177	832	Pfam	PF02018	Carbohydrate binding domain	232	373	4.6E-5	T	13-04-2026	IPR003305	Carbohydrate-binding, CenC-like	-	-
NZ_CP096965.1_32657-43249:._4	ae03ec098b3b5aef6b8e3b5de11aa177	832	Pfam	PF06964	Alpha-L-arabinofuranosidase C-terminal domain	645	821	5.9E-22	T	13-04-2026	IPR010720	Alpha-L-arabinofuranosidase, C-terminal	-	-
NZ_CP172273.1_2772056-2782690:._4	41d90a37ba786433a39645d95fe02d48	198	Pfam	PF20448	Family of unknown function (DUF6705)	1	114	0.024	T	13-04-2026	IPR046551	Domain of unknown function DUF6705	-	-
NZ_CM148647.1_2723775-2734409:._4	41d90a37ba786433a39645d95fe02d48	198	Pfam	PF20448	Family of unknown function (DUF6705)	1	114	0.024	T	13-04-2026	IPR046551	Domain of unknown function DUF6705	-	-
NZ_CP092371.1_10906-21471:._9	53a3d03ddf946fd242260f2175e96e75	417	Pfam	PF13438	Domain of unknown function (DUF4113)	367	416	1.4E-17	T	13-04-2026	IPR025188	Domain of unknown function DUF4113	-	-
NZ_CP092371.1_10906-21471:._9	53a3d03ddf946fd242260f2175e96e75	417	Pfam	PF11799	impB/mucB/samB family C-terminal domain	241	357	3.1E-19	T	13-04-2026	IPR017961	DNA polymerase, Y-family, little finger domain	-	-
NZ_CP092371.1_10906-21471:._9	53a3d03ddf946fd242260f2175e96e75	417	CDD	cd01700	PolY_Pol_V_umuC	3	346	4.08313E-164	T	13-04-2026	-	-	-	-
NZ_CP092371.1_10906-21471:._9	53a3d03ddf946fd242260f2175e96e75	417	Pfam	PF00817	impB/mucB/samB family	5	149	5.2E-34	T	13-04-2026	IPR001126	UmuC domain	-	-
NZ_CP072373.1_1796422-1806798:._1	790f5bc90ee92708aeed042c07331185	173	Pfam	PF01336	OB-fold nucleic acid binding domain	8	88	1.3E-5	T	13-04-2026	IPR004365	OB-fold nucleic acid binding domain, AA-tRNA synthetase-type	-	-
NZ_CP072373.1_1796422-1806798:._1	790f5bc90ee92708aeed042c07331185	173	CDD	cd04485	DnaE_OBF	9	95	1.07643E-11	T	13-04-2026	-	-	-	-
NZ_OZ245719.1_5125857-5136431:._11	6e8f3f10bad0e2adabbd6719b9708ca5	178	Pfam	PF07275	Antirestriction protein (ArdA)	14	174	6.8E-37	T	13-04-2026	IPR009899	Antirestriction	-	-
NZ_CP083624.1_1-6607:._7	87cc02ce2ead837968eb66c72cd789ca	55	Pfam	PF02796	Helix-turn-helix domain of resolvase	9	43	0.014	T	13-04-2026	IPR006120	Resolvase, HTH domain	-	-
NZ_CP054141.1_36662-47269:._2	9a45a421b0780054b276dd6c72637a9c	419	Pfam	PF01595	Cyclin M transmembrane N-terminal domain	5	184	2.8E-29	T	13-04-2026	IPR002550	CNNM, transmembrane domain	-	-
NZ_CP054141.1_36662-47269:._2	9a45a421b0780054b276dd6c72637a9c	419	Pfam	PF03471	Transporter associated domain	341	417	2.3E-13	T	13-04-2026	IPR005170	Transporter-associated domain	-	-
NZ_CP054141.1_36662-47269:._2	9a45a421b0780054b276dd6c72637a9c	419	CDD	cd04590	CBS_pair_CorC_HlyC_assoc	209	321	1.03112E-36	T	13-04-2026	IPR044751	Ion transporter-like, CBS domain	-	-
NZ_CP054141.1_36662-47269:._2	9a45a421b0780054b276dd6c72637a9c	419	Pfam	PF00571	CBS domain	276	324	0.027	T	13-04-2026	IPR000644	CBS domain	-	-
NZ_CP054141.1_36662-47269:._2	9a45a421b0780054b276dd6c72637a9c	419	Pfam	PF00571	CBS domain	211	266	19.0	T	13-04-2026	IPR000644	CBS domain	-	-
NZ_OX030782.1_4641479-4652074:._8	473a4fded352b07bc71af0cbd5337d8a	623	Pfam	PF13476	AAA domain	21	257	0.0018	T	13-04-2026	IPR038729	Rad50/SbcC-type AAA domain	-	-
NZ_CP089538.1_2526952-2537580:._12	ec6c43b87bb369253275516f6ec88896	328	Pfam	PF20459	Family of unknown function (DUF6712)	3	307	1.5E-26	T	13-04-2026	IPR046558	Protein of unknown function DUF6712	-	-
NZ_CP072215.1_43945-54537:._10	4988c3d3443fb49156f3f7e985c3a9ed	130	Pfam	PF05713	Bacterial mobilisation protein (MobC)	85	128	9.7E-9	T	13-04-2026	IPR008687	Bacterial mobilisation	-	-
NZ_CM148644.1_2122378-2132973:._3	5d7373ec9ee820a997b04fcb4b39ac31	530	Pfam	PF12833	Helix-turn-helix domain	437	519	1.2E-6	T	13-04-2026	IPR018060	DNA binding HTH domain, AraC-type	-	-
NZ_CP039929.1_1273645-1284252:._4	5c2ff3b9c63e20e1792d22ceaa212306	242	Pfam	PF18730	Cthe_2314-like HEPN	59	178	1.6E-6	T	13-04-2026	IPR041394	Cthe_2314-like HEPN	-	-
NZ_JBQSUP010000001.1_5071-14507:._2	a0462ae392c867dbefe4b5cbba0e9db9	390	Pfam	PF05147	Lanthionine synthetase C-like protein	23	386	3.1E-19	T	13-04-2026	IPR007822	Lanthionine synthetase C-like	-	-
NZ_CP048222.1_66079-76653:._7	33b5df819ba88150f524cb929dcda7b6	191	Pfam	PF00239	Resolvase, N terminal domain	3	135	2.2E-42	T	13-04-2026	IPR006119	Resolvase, N-terminal catalytic domain	-	-
NZ_CP048222.1_66079-76653:._7	33b5df819ba88150f524cb929dcda7b6	191	CDD	cd03768	SR_ResInv	2	126	4.03336E-62	T	13-04-2026	-	-	-	-
NZ_CP048222.1_66079-76653:._7	33b5df819ba88150f524cb929dcda7b6	191	Pfam	PF02796	Helix-turn-helix domain of resolvase	138	185	6.9E-4	T	13-04-2026	IPR006120	Resolvase, HTH domain	-	-
NZ_CP192719.1_483286-494961:._12	a1254da5384336e619e53bc2577601b1	293	Pfam	PF13412	Winged helix-turn-helix DNA-binding	41	65	0.18	T	13-04-2026	-	-	-	-
NZ_CP115859.1_474741-485300:._3	c58f8989aa9ef887fc95cb6315be9f0b	306	Pfam	PF11276	Protein of unknown function (DUF3078)	43	133	2.4E-23	T	13-04-2026	IPR021428	Protein of unknown function DUF3078	-	-
NZ_CP030855.1_6097-16716:._3	1ecf0bdd39ad85d047b251d7669b6e7d	807	Pfam	PF12704	MacB-like periplasmic core domain	470	635	1.4E-4	T	13-04-2026	IPR025857	MacB-like periplasmic core domain	-	-
NZ_CP030855.1_6097-16716:._3	1ecf0bdd39ad85d047b251d7669b6e7d	807	Pfam	PF12704	MacB-like periplasmic core domain	20	241	4.8E-19	T	13-04-2026	IPR025857	MacB-like periplasmic core domain	-	-
NZ_CP030855.1_6097-16716:._3	1ecf0bdd39ad85d047b251d7669b6e7d	807	Pfam	PF02687	FtsX-like permease family	296	412	3.8E-10	T	13-04-2026	IPR003838	ABC3 transporter permease protein domain	-	-
NZ_CP030855.1_6097-16716:._3	1ecf0bdd39ad85d047b251d7669b6e7d	807	Pfam	PF02687	FtsX-like permease family	686	800	5.1E-7	T	13-04-2026	IPR003838	ABC3 transporter permease protein domain	-	-
NZ_CP033918.1_3313892-3324232:._10	bd5f3abf2b76fe453280a3c09c997557	371	Pfam	PF00899	ThiF family	118	355	1.4E-35	T	13-04-2026	IPR000594	THIF-type NAD/FAD binding fold	-	-
NZ_CP072215.1_43945-54537:._8	66b0b2feb64c3daa6f789768fba6e86d	201	Pfam	PF12833	Helix-turn-helix domain	121	199	7.7E-18	T	13-04-2026	IPR018060	DNA binding HTH domain, AraC-type	-	-
NZ_CP143637.1_150213-160817:._8	1eebb6ceb6cb2d5248dce4179b50ab2e	355	Pfam	PF14130	Cap4, dsDNA endonuclease domain	15	217	1.9E-42	T	13-04-2026	IPR025382	CD-NTase associated protein 4-like, DNA endonuclease domain	-	-
NZ_CP095185.1_951427-961992:._11	83fc8a3886c9cd20cfa9280416577c2c	323	Pfam	PF18962	Secretion system C-terminal sorting domain	250	321	3.3E-10	T	13-04-2026	IPR026444	Secretion system C-terminal sorting domain	-	-
NZ_CP116008.1_2079178-2089746:._4	244a651cade0ef38be17a535a2c10ae5	189	CDD	cd03768	SR_ResInv	2	127	2.74355E-56	T	13-04-2026	-	-	-	-
NZ_CP116008.1_2079178-2089746:._4	244a651cade0ef38be17a535a2c10ae5	189	Pfam	PF02796	Helix-turn-helix domain of resolvase	148	183	0.0065	T	13-04-2026	IPR006120	Resolvase, HTH domain	-	-
NZ_CP116008.1_2079178-2089746:._4	244a651cade0ef38be17a535a2c10ae5	189	Pfam	PF00239	Resolvase, N terminal domain	3	136	2.1E-37	T	13-04-2026	IPR006119	Resolvase, N-terminal catalytic domain	-	-
NZ_LT906459.1_3554432-3565048:._8	ce4ec29bfc3087bf176920b56ee14785	370	CDD	cd00616	AHBA_syn	24	368	3.66778E-139	T	13-04-2026	IPR000653	DegT/DnrJ/EryC1/StrS aminotransferase	-	-
NZ_LT906459.1_3554432-3565048:._8	ce4ec29bfc3087bf176920b56ee14785	370	Pfam	PF01041	DegT/DnrJ/EryC1/StrS aminotransferase family	23	368	1.9E-97	T	13-04-2026	IPR000653	DegT/DnrJ/EryC1/StrS aminotransferase	-	-
NC_015160.1_3554654-3565171:._7	ce4ec29bfc3087bf176920b56ee14785	370	CDD	cd00616	AHBA_syn	24	368	3.66778E-139	T	13-04-2026	IPR000653	DegT/DnrJ/EryC1/StrS aminotransferase	-	-
NC_015160.1_3554654-3565171:._7	ce4ec29bfc3087bf176920b56ee14785	370	Pfam	PF01041	DegT/DnrJ/EryC1/StrS aminotransferase family	23	368	1.9E-97	T	13-04-2026	IPR000653	DegT/DnrJ/EryC1/StrS aminotransferase	-	-
NZ_CM148636.1_2123055-2133650:._6	b25659674a039e07bf601341e04ac173	198	CDD	cd03768	SR_ResInv	2	126	2.01542E-64	T	13-04-2026	-	-	-	-
NZ_CM148636.1_2123055-2133650:._6	b25659674a039e07bf601341e04ac173	198	Pfam	PF02796	Helix-turn-helix domain of resolvase	156	184	0.068	T	13-04-2026	IPR006120	Resolvase, HTH domain	-	-
NZ_CM148636.1_2123055-2133650:._6	b25659674a039e07bf601341e04ac173	198	Pfam	PF00239	Resolvase, N terminal domain	3	136	6.2E-46	T	13-04-2026	IPR006119	Resolvase, N-terminal catalytic domain	-	-
NZ_CP094675.1_7755-18323:._6	332e8196b14214790b056015420c2472	189	CDD	cd03768	SR_ResInv	4	127	9.1058E-46	T	13-04-2026	-	-	-	-
NZ_CP094675.1_7755-18323:._6	332e8196b14214790b056015420c2472	189	Pfam	PF00239	Resolvase, N terminal domain	5	137	9.1E-32	T	13-04-2026	IPR006119	Resolvase, N-terminal catalytic domain	-	-
NZ_CM148634.1_2194474-2205048:._12	75cffc06ba9b1e9be81bb0d40de28750	391	Pfam	PF18144	Second Messenger Oligonucleotide or Dinucleotide Synthetase domain	17	171	2.0E-16	T	13-04-2026	-	-	-	-
NZ_CM148634.1_2194474-2205048:._12	75cffc06ba9b1e9be81bb0d40de28750	391	CDD	cd05400	NT_2-5OAS_ClassI-CCAase	30	171	2.31088E-19	T	13-04-2026	IPR006116	2-5OAS/ClassI-CCAase, nucleotidyltransferase domain	-	-
NZ_CP065589.1_4744455-4755017:._7	f5f42da9704f983488573692cd692e8d	187	Pfam	PF00239	Resolvase, N terminal domain	2	136	1.9E-38	T	13-04-2026	IPR006119	Resolvase, N-terminal catalytic domain	-	-
NZ_CP065589.1_4744455-4755017:._7	f5f42da9704f983488573692cd692e8d	187	CDD	cd03768	SR_ResInv	2	127	2.14965E-55	T	13-04-2026	-	-	-	-
NZ_CP065589.1_4744455-4755017:._7	f5f42da9704f983488573692cd692e8d	187	Pfam	PF02796	Helix-turn-helix domain of resolvase	139	183	0.0018	T	13-04-2026	IPR006120	Resolvase, HTH domain	-	-
NZ_CP193656.1_3635614-3646293:._1	386f3c4ef68e779ec4fc29231a7c4421	153	Pfam	PF12833	Helix-turn-helix domain	59	139	4.3E-7	T	13-04-2026	IPR018060	DNA binding HTH domain, AraC-type	-	-
NZ_CP049908.1_225723-236333:._6	22d111a430872fd7bee39d9fde098f09	406	Pfam	PF01494	FAD binding domain	6	340	7.7E-14	T	13-04-2026	IPR002938	FAD-binding domain	-	-
NZ_CP179925.1_611886-623561:._1	4d055cf6419bc2e92e845424804ec916	192	Pfam	PF13145	PPIC-type PPIASE domain	118	188	1.4E-4	T	13-04-2026	IPR000297	Peptidyl-prolyl cis-trans isomerase, PpiC-type	-	-
NC_009614.1_611886-623561:._1	4d055cf6419bc2e92e845424804ec916	192	Pfam	PF13145	PPIC-type PPIASE domain	118	188	1.4E-4	T	13-04-2026	IPR000297	Peptidyl-prolyl cis-trans isomerase, PpiC-type	-	-
NZ_CP041397.1_21313-31905:._16	b201405594f4e0b384c96feea1b119eb	946	Pfam	PF19044	TraG P-loop domain	620	889	1.2E-77	T	13-04-2026	IPR043964	TraG, P-loop domain	-	-
NZ_CP041397.1_21313-31905:._16	b201405594f4e0b384c96feea1b119eb	946	Pfam	PF19044	TraG P-loop domain	385	535	8.5E-35	T	13-04-2026	IPR043964	TraG, P-loop domain	-	-
NZ_CP110012.1_3190230-3200819:._2	4d364d938226330d43d82013f73314ec	126	Pfam	PF14112	Immunity protein 22	7	123	2.4E-19	T	13-04-2026	IPR025560	Immunity protein 22	-	-
NZ_CP152475.1_3982608-3993212:._16	50362aaefa56f69e90da2ac2e094e695	127	Pfam	PF19412	Domain of unknown function (DUF5982)	33	90	1.7E-22	T	13-04-2026	IPR046024	Protein of unknown function DUF5982	-	-
NZ_CP091786.1_2541119-2551678:._7	98f4f6fce27179e2d74e5925ea63f300	240	Pfam	PF19570	Family of unknown function (DUF6088)	30	175	5.2E-8	T	13-04-2026	IPR045738	Protein of unknown function DUF6088	-	-
NZ_CP147519.1_306556-317139:._2	d8dc2faf5ffbe2025f780b3b1c5c20ae	338	CDD	cd08261	Zn_ADH7	1	336	2.32789E-173	T	13-04-2026	-	-	-	-
NZ_CP147519.1_306556-317139:._2	d8dc2faf5ffbe2025f780b3b1c5c20ae	338	Pfam	PF00107	Zinc-binding dehydrogenase	169	296	1.1E-25	T	13-04-2026	IPR013149	Alcohol dehydrogenase-like, C-terminal	-	-
NZ_CP147519.1_306556-317139:._2	d8dc2faf5ffbe2025f780b3b1c5c20ae	338	Pfam	PF08240	Alcohol dehydrogenase GroES-like domain	24	128	3.8E-24	T	13-04-2026	IPR013154	Alcohol dehydrogenase-like, N-terminal	-	-
NZ_OX579588.1_1236768-1247390:._2	6869381543071ebf2fd4bb8235906f05	171	Pfam	PF05069	Phage virion morphogenesis family	19	160	8.2E-9	T	13-04-2026	IPR006522	Phage virion morphogensis protein	-	-
NZ_CP043609.1_17474-28072:._11	d0894c6633577487a299e9be56abd1aa	625	Pfam	PF13715	CarboxypepD_reg-like domain	33	114	1.8E-16	T	13-04-2026	-	-	-	-
NZ_CP043609.1_17474-28072:._11	d0894c6633577487a299e9be56abd1aa	625	Pfam	PF07715	TonB-dependent Receptor Plug Domain	122	228	2.2E-16	T	13-04-2026	IPR012910	TonB-dependent receptor, plug domain	-	-
NZ_CP016373.1_1241352-1251989:._2	360abfc275e3cfe7881ba86365ba7c5f	430	CDD	cd02696	MurNAc-LAA	30	254	2.1787E-54	T	13-04-2026	IPR002508	N-acetylmuramoyl-L-alanine amidase, catalytic domain	-	-
NZ_CP016373.1_1241352-1251989:._2	360abfc275e3cfe7881ba86365ba7c5f	430	Pfam	PF01520	N-acetylmuramoyl-L-alanine amidase	32	254	7.1E-43	T	13-04-2026	IPR002508	N-acetylmuramoyl-L-alanine amidase, catalytic domain	-	-
NZ_CP198980.1_1327920-1338557:._2	360abfc275e3cfe7881ba86365ba7c5f	430	CDD	cd02696	MurNAc-LAA	30	254	2.1787E-54	T	13-04-2026	IPR002508	N-acetylmuramoyl-L-alanine amidase, catalytic domain	-	-
NZ_CP198980.1_1327920-1338557:._2	360abfc275e3cfe7881ba86365ba7c5f	430	Pfam	PF01520	N-acetylmuramoyl-L-alanine amidase	32	254	7.1E-43	T	13-04-2026	IPR002508	N-acetylmuramoyl-L-alanine amidase, catalytic domain	-	-
NZ_CP198979.1_334542-345179:._2	360abfc275e3cfe7881ba86365ba7c5f	430	CDD	cd02696	MurNAc-LAA	30	254	2.1787E-54	T	13-04-2026	IPR002508	N-acetylmuramoyl-L-alanine amidase, catalytic domain	-	-
NZ_CP198979.1_334542-345179:._2	360abfc275e3cfe7881ba86365ba7c5f	430	Pfam	PF01520	N-acetylmuramoyl-L-alanine amidase	32	254	7.1E-43	T	13-04-2026	IPR002508	N-acetylmuramoyl-L-alanine amidase, catalytic domain	-	-
NZ_CP198981.1_3845293-3855930:._8	360abfc275e3cfe7881ba86365ba7c5f	430	CDD	cd02696	MurNAc-LAA	30	254	2.1787E-54	T	13-04-2026	IPR002508	N-acetylmuramoyl-L-alanine amidase, catalytic domain	-	-
NZ_CP198981.1_3845293-3855930:._8	360abfc275e3cfe7881ba86365ba7c5f	430	Pfam	PF01520	N-acetylmuramoyl-L-alanine amidase	32	254	7.1E-43	T	13-04-2026	IPR002508	N-acetylmuramoyl-L-alanine amidase, catalytic domain	-	-
NZ_CP069277.1_3007011-3017648:._8	360abfc275e3cfe7881ba86365ba7c5f	430	CDD	cd02696	MurNAc-LAA	30	254	2.1787E-54	T	13-04-2026	IPR002508	N-acetylmuramoyl-L-alanine amidase, catalytic domain	-	-
NZ_CP069277.1_3007011-3017648:._8	360abfc275e3cfe7881ba86365ba7c5f	430	Pfam	PF01520	N-acetylmuramoyl-L-alanine amidase	32	254	7.1E-43	T	13-04-2026	IPR002508	N-acetylmuramoyl-L-alanine amidase, catalytic domain	-	-
NZ_CP023010.2_126289-136926:._2	360abfc275e3cfe7881ba86365ba7c5f	430	CDD	cd02696	MurNAc-LAA	30	254	2.1787E-54	T	13-04-2026	IPR002508	N-acetylmuramoyl-L-alanine amidase, catalytic domain	-	-
NZ_CP023010.2_126289-136926:._2	360abfc275e3cfe7881ba86365ba7c5f	430	Pfam	PF01520	N-acetylmuramoyl-L-alanine amidase	32	254	7.1E-43	T	13-04-2026	IPR002508	N-acetylmuramoyl-L-alanine amidase, catalytic domain	-	-
NZ_CP177162.1_207753-218357:._12	26f74ee5da3b1f115721b6228552a477	365	Pfam	PF16289	PIN domain	3	163	8.2E-21	T	13-04-2026	IPR032557	PIN domain (DUF4935)	-	-
NZ_CP049908.1_225723-236333:._2	cf2ded0531959a59125b2e3109f2a76e	142	Pfam	PF01833	IPT/TIG domain	8	60	1.2	T	13-04-2026	IPR002909	IPT domain	-	-
NZ_CP051682.1_46407-57116:._4	622c67739d94a60d15cc274a00b7129c	182	Pfam	PF00132	Bacterial transferase hexapeptide (six repeats)	108	142	4.1E-6	T	13-04-2026	IPR001451	Hexapeptide repeat	-	-
NZ_CP051682.1_46407-57116:._4	622c67739d94a60d15cc274a00b7129c	182	CDD	cd03349	LbH_XAT	40	163	2.68071E-38	T	13-04-2026	-	-	-	-
NZ_CP110973.1_5928283-5938851:._8	cf2438a0060d17025ea5cb13450f6945	413	Pfam	PF17293	Arm DNA-binding domain	21	105	2.2E-5	T	13-04-2026	IPR035386	Arm, DNA-binding domain	-	-
NZ_CP110973.1_5928283-5938851:._8	cf2438a0060d17025ea5cb13450f6945	413	Pfam	PF13102	Phage integrase SAM-like domain	125	224	3.1E-8	T	13-04-2026	IPR025269	Phage integrase SAM-like domain	-	-
NZ_CP119422.1_4788955-4799508:._3	e80b852cd403199d51820c6bbd83c6b9	258	Pfam	PF02384	N-6 DNA Methylase	57	257	6.2E-9	T	13-04-2026	IPR003356	DNA methylase, adenine-specific	-	-
NZ_CP119422.1_4788955-4799508:._3	e80b852cd403199d51820c6bbd83c6b9	258	CDD	cd02440	AdoMet_MTases	87	207	7.66602E-4	T	13-04-2026	-	-	-	-
NZ_CP146517.1_1634569-1644945:._3	851c44f9f4ae701cb81706d7387253fa	212	CDD	cd06170	LuxR_C_like	145	201	2.13901E-14	T	13-04-2026	IPR000792	Transcription regulator LuxR, C-terminal	-	-
NZ_CP146517.1_1634569-1644945:._3	851c44f9f4ae701cb81706d7387253fa	212	Pfam	PF00196	Bacterial regulatory proteins, luxR family	144	199	8.0E-12	T	13-04-2026	IPR000792	Transcription regulator LuxR, C-terminal	-	-
NZ_CP111121.1_4947174-4957778:._3	8142c2fe70dc75e688f4a27d4f7f506c	293	Pfam	PF13612	Transposase DDE domain	112	267	5.1E-72	T	13-04-2026	IPR025668	Transposase DDE domain	-	-
NZ_CP060497.1_5609736-5620304:._11	4b52fa54a05de17a00ae66f8981dd652	301	Pfam	PF13354	Beta-lactamase enzyme family	48	271	1.3E-28	T	13-04-2026	IPR045155	Beta-lactamase class A, catalytic domain	-	-
NZ_CP029145.1_1157964-1168115:._15	b985803ce3d90193b7324655b647efb2	220	CDD	cd03768	SR_ResInv	5	130	6.35236E-21	T	13-04-2026	-	-	-	-
NZ_CP029145.1_1157964-1168115:._15	b985803ce3d90193b7324655b647efb2	220	Pfam	PF00239	Resolvase, N terminal domain	5	138	2.1E-20	T	13-04-2026	IPR006119	Resolvase, N-terminal catalytic domain	-	-
NZ_CP146526.1_6816-17408:._9	9e3af919915764cf15fa09972c4143d9	355	Pfam	PF13412	Winged helix-turn-helix DNA-binding	296	339	1.0E-4	T	13-04-2026	-	-	-	-
NZ_CP146526.1_6816-17408:._9	9e3af919915764cf15fa09972c4143d9	355	Pfam	PF02661	Fic/DOC family	91	208	9.3E-16	T	13-04-2026	IPR003812	Fido domain	-	-
NZ_CP119421.1_5019560-5030119:._2	8403b43d1b2bf82fe73235bc91234386	730	Pfam	PF00271	Helicase conserved C-terminal domain	363	442	0.015	T	13-04-2026	IPR001650	Helicase, C-terminal domain-like	-	-
NZ_CP119421.1_5019560-5030119:._2	8403b43d1b2bf82fe73235bc91234386	730	Pfam	PF00270	DEAD/DEAH box helicase	109	220	0.0053	T	13-04-2026	IPR011545	DEAD/DEAH box helicase domain	-	-
NZ_CP006587.1_4757826-4767977:._9	47e8ed56a5a2a31cbe152d3a1a0a40c9	279	Pfam	PF00665	Integrase core domain	81	180	5.8E-14	T	13-04-2026	IPR001584	Integrase, catalytic core	-	-
NZ_OX596081.1_1428450-1439087:._2	61c6f5c44b081a991422cfbff2b74d23	623	Pfam	PF01935	Helicase HerA, central domain	143	337	4.6E-13	T	13-04-2026	IPR002789	Helicase HerA, central domain	-	-
NZ_CP198979.1_334542-345179:._8	61c6f5c44b081a991422cfbff2b74d23	623	Pfam	PF01935	Helicase HerA, central domain	143	337	4.6E-13	T	13-04-2026	IPR002789	Helicase HerA, central domain	-	-
NZ_CP198980.1_1327920-1338557:._8	61c6f5c44b081a991422cfbff2b74d23	623	Pfam	PF01935	Helicase HerA, central domain	143	337	4.6E-13	T	13-04-2026	IPR002789	Helicase HerA, central domain	-	-
NZ_CP023010.2_126289-136926:._8	61c6f5c44b081a991422cfbff2b74d23	623	Pfam	PF01935	Helicase HerA, central domain	143	337	4.6E-13	T	13-04-2026	IPR002789	Helicase HerA, central domain	-	-
NZ_CP198981.1_3845293-3855930:._2	61c6f5c44b081a991422cfbff2b74d23	623	Pfam	PF01935	Helicase HerA, central domain	143	337	4.6E-13	T	13-04-2026	IPR002789	Helicase HerA, central domain	-	-
NZ_CP069277.1_3007011-3017648:._2	61c6f5c44b081a991422cfbff2b74d23	623	Pfam	PF01935	Helicase HerA, central domain	143	337	4.6E-13	T	13-04-2026	IPR002789	Helicase HerA, central domain	-	-
NZ_OX596082.1_1428453-1439090:._2	61c6f5c44b081a991422cfbff2b74d23	623	Pfam	PF01935	Helicase HerA, central domain	143	337	4.6E-13	T	13-04-2026	IPR002789	Helicase HerA, central domain	-	-
NZ_CP016373.1_1241352-1251989:._8	61c6f5c44b081a991422cfbff2b74d23	623	Pfam	PF01935	Helicase HerA, central domain	143	337	4.6E-13	T	13-04-2026	IPR002789	Helicase HerA, central domain	-	-
NZ_CP089538.1_2571047-2581738:._6	79ea5896002ac044457a970855219669	230	CDD	cd03768	SR_ResInv	41	165	3.43221E-59	T	13-04-2026	-	-	-	-
NZ_CP089538.1_2571047-2581738:._6	79ea5896002ac044457a970855219669	230	Pfam	PF02796	Helix-turn-helix domain of resolvase	195	221	8.0E-5	T	13-04-2026	IPR006120	Resolvase, HTH domain	-	-
NZ_CP089538.1_2571047-2581738:._6	79ea5896002ac044457a970855219669	230	Pfam	PF00239	Resolvase, N terminal domain	42	174	8.7E-42	T	13-04-2026	IPR006119	Resolvase, N-terminal catalytic domain	-	-
NZ_CP115859.1_474741-485300:._6	babb4b75ef9469d194a315ff35a7e7d2	186	CDD	cd03768	SR_ResInv	2	126	2.38663E-58	T	13-04-2026	-	-	-	-
NZ_CP115859.1_474741-485300:._6	babb4b75ef9469d194a315ff35a7e7d2	186	Pfam	PF00239	Resolvase, N terminal domain	2	135	3.8E-39	T	13-04-2026	IPR006119	Resolvase, N-terminal catalytic domain	-	-
NZ_CP171011.1_905932-916497:._4	b3dfa78ceede915bc8f1902a28dce5bc	408	Pfam	PF05048	Periplasmic copper-binding protein (NosD)	141	340	3.4E-27	T	13-04-2026	IPR007742	Periplasmic copper-binding protein NosD, beta helix domain	-	-
NZ_CP114291.2_1703538-1714145:._3	4c0fe344c25acd9698bfd53131c5ddd1	411	CDD	cd06828	PLPDE_III_DapDC	19	380	8.18295E-168	T	13-04-2026	IPR002986	Diaminopimelate decarboxylase, LysA	-	-
NZ_CP114291.2_1703538-1714145:._3	4c0fe344c25acd9698bfd53131c5ddd1	411	Pfam	PF02784	Pyridoxal-dependent decarboxylase, pyridoxal binding domain	29	272	1.0E-43	T	13-04-2026	IPR022644	Orn/DAP/Arg decarboxylase 2, N-terminal	-	-
NZ_CP114291.2_1703538-1714145:._3	4c0fe344c25acd9698bfd53131c5ddd1	411	Pfam	PF00278	Pyridoxal-dependent decarboxylase, C-terminal sheet domain	273	360	7.5E-16	T	13-04-2026	IPR022643	Orn/DAP/Arg decarboxylase 2, C-terminal	-	-
NZ_CP060497.1_5609736-5620304:._4	c895c95d49bb271f85dc81434842f7e9	487	Pfam	PF04326	Schlafen, AlbA_2	35	154	1.1E-16	T	13-04-2026	IPR007421	Schlafen, AlbA_2 domain	-	-
NZ_CP060497.1_5609736-5620304:._4	c895c95d49bb271f85dc81434842f7e9	487	Pfam	PF21247	Filamentation induced by cAMP protein Fic-like, C-terminal domain	411	474	3.3E-20	T	13-04-2026	IPR049514	Filamentation induced by cAMP protein Fic-like, C-terminal domain	-	-
NZ_CP060497.1_5609736-5620304:._4	c895c95d49bb271f85dc81434842f7e9	487	Pfam	PF13749	Putative ATP-dependent DNA helicase recG C-terminal	309	371	1.4E-10	T	13-04-2026	IPR025831	ATP-dependent DNA helicase RecG, C-terminal domain	-	-
NZ_AP029022.1_2742988-2753550:._7	47e6228def8efb801d1b38736eed04bd	109	CDD	cd00093	HTH_XRE	11	68	6.4504E-13	T	13-04-2026	IPR001387	Cro/C1-type helix-turn-helix domain	-	-
NZ_AP029022.1_2742988-2753550:._7	47e6228def8efb801d1b38736eed04bd	109	Pfam	PF01381	Helix-turn-helix	16	68	2.4E-8	T	13-04-2026	IPR001387	Cro/C1-type helix-turn-helix domain	-	-
NZ_CP081299.1_1785944-1796431:._7	678cec6868080c2863c284eb60a12fb0	249	CDD	cd00838	MPP_superfamily	4	169	5.65737E-15	T	13-04-2026	-	-	-	-
NZ_CP081299.1_1785944-1796431:._7	678cec6868080c2863c284eb60a12fb0	249	Pfam	PF12850	Calcineurin-like phosphoesterase superfamily domain	1	203	2.8E-17	T	13-04-2026	IPR024654	Calcineurin-like phosphoesterase domain, lpxH-type	-	-
NZ_CP140570.1_1595159-1605754:._2	68e69f1b73bbbd2113b3ecfc0ed5bc60	364	Pfam	PF14130	Cap4, dsDNA endonuclease domain	16	221	4.1E-35	T	13-04-2026	IPR025382	CD-NTase associated protein 4-like, DNA endonuclease domain	-	-
NZ_CP064939.1_4395415-4405641:._10	bedec4893e1e586090ae1a80f703d075	396	Pfam	PF01494	FAD binding domain	5	314	4.3E-9	T	13-04-2026	IPR002938	FAD-binding domain	-	-
NZ_CP050995.1_3127917-3138476:._1	babb5421d9df5d67df3c636011f7cfe8	417	Pfam	PF09299	Mu transposase, C-terminal	244	308	0.0014	T	13-04-2026	IPR015378	Transposase-like, Mu, C-terminal	-	-
NZ_OX030782.1_4641479-4652074:._9	1d24ddb0bb4b8f6ec6f06120d44f9dc8	167	Pfam	PF20288	ABC-three component (ABC-3C) system Middle Component 2	11	154	1.7E-46	T	13-04-2026	IPR046904	ABC-three component system, Middle Component 2	-	-
NZ_CP159476.1_3963034-3973641:._5	c1edfc9082fb953d4a1a49286e3c83cb	540	Pfam	PF12696	TraM recognition site of TraD and TraG	368	437	7.4E-8	T	13-04-2026	IPR032689	TraD/TraG, TraM recognition site	-	-
NZ_CP159476.1_3963034-3973641:._5	c1edfc9082fb953d4a1a49286e3c83cb	540	CDD	cd01127	TrwB_TraG_TraD_VirD4	333	427	6.50381E-8	T	13-04-2026	-	-	-	-
NZ_CP120354.1_48892-59487:._1	39a987840199412a019aa4cced572d3c	674	CDD	cd06563	GH20_chitobiase-like	67	423	0.0	T	13-04-2026	-	-	-	-
NZ_CP120354.1_48892-59487:._1	39a987840199412a019aa4cced572d3c	674	Pfam	PF13287	Fn3 associated	459	513	3.4E-10	T	13-04-2026	IPR026876	Fn3 associated repeat	-	-
NZ_CP120354.1_48892-59487:._1	39a987840199412a019aa4cced572d3c	674	Pfam	PF00728	Glycosyl hydrolase family 20, catalytic domain	67	409	1.2E-111	T	13-04-2026	IPR015883	Glycoside hydrolase family 20, catalytic domain	-	-
NZ_CP120354.1_48892-59487:._1	39a987840199412a019aa4cced572d3c	674	Pfam	PF00754	F5/8 type C domain	543	648	5.3E-4	T	13-04-2026	IPR000421	Coagulation factor 5/8 C-terminal domain	-	-
NZ_CP120354.1_48892-59487:._1	39a987840199412a019aa4cced572d3c	674	Pfam	PF02838	Glycosyl hydrolase family 20, domain 2	8	63	1.2E-9	T	13-04-2026	IPR015882	Beta-hexosaminidase, bacterial type, N-terminal	-	-
NZ_CM148689.1_3656431-3667026:._1	26262c577d22d65715359031316886d0	431	Pfam	PF02195	ParB/Sulfiredoxin domain	205	256	0.004	T	13-04-2026	IPR003115	ParB/Sulfiredoxin	-	-
NZ_CM148689.1_3656431-3667026:._1	26262c577d22d65715359031316886d0	431	Pfam	PF07505	Protein of unknown function (DUF5131)	2	135	0.0013	T	13-04-2026	IPR011101	Protein of unknown function DUF5131	-	-
NZ_CP096247.1_1008628-1019193:._7	82d6fcf6bcdd1ec406e8a50a4b358689	436	Pfam	PF13635	Domain of unknown function (DUF4143)	213	377	1.2E-18	T	13-04-2026	IPR025420	Domain of unknown function DUF4143	-	-
NZ_CP096247.1_1008628-1019193:._7	82d6fcf6bcdd1ec406e8a50a4b358689	436	Pfam	PF13173	AAA domain	20	146	2.5E-8	T	13-04-2026	IPR041682	AAA domain, group 14	-	-
NZ_CP096247.1_1006520-1017082:._8	82d6fcf6bcdd1ec406e8a50a4b358689	436	Pfam	PF13635	Domain of unknown function (DUF4143)	213	377	1.2E-18	T	13-04-2026	IPR025420	Domain of unknown function DUF4143	-	-
NZ_CP096247.1_1006520-1017082:._8	82d6fcf6bcdd1ec406e8a50a4b358689	436	Pfam	PF13173	AAA domain	20	146	2.5E-8	T	13-04-2026	IPR041682	AAA domain, group 14	-	-
NZ_LR134404.1_997179-1007786:._3	98cade1e5321ce01ee3431fddb57b509	200	Pfam	PF19570	Family of unknown function (DUF6088)	7	178	2.3E-76	T	13-04-2026	IPR045738	Protein of unknown function DUF6088	-	-
NC_015144.1_2100312-2110919:._6	98cade1e5321ce01ee3431fddb57b509	200	Pfam	PF19570	Family of unknown function (DUF6088)	7	178	2.3E-76	T	13-04-2026	IPR045738	Protein of unknown function DUF6088	-	-
NZ_CP020104.1_7258622-7269187:._1	166d997c4deeb9dd7bce480ed0bb95f8	540	Pfam	PF00135	Carboxylesterase family	36	525	9.1E-111	T	13-04-2026	IPR002018	Carboxylesterase, type B	-	-
NZ_CP060787.1_1-8437:._5	2435dfc465abe0a224cbddf750a16d92	86	CDD	cd03768	SR_ResInv	3	84	1.8069E-38	T	13-04-2026	-	-	-	-
NZ_CP060787.1_1-8437:._5	2435dfc465abe0a224cbddf750a16d92	86	Pfam	PF00239	Resolvase, N terminal domain	3	85	1.3E-24	T	13-04-2026	IPR006119	Resolvase, N-terminal catalytic domain	-	-
NZ_CP143953.1_1-10201:._5	876c1729c241d67a2c84eaf10819fcf9	94	Pfam	PF00216	Bacterial DNA-binding protein	1	89	1.6E-21	T	13-04-2026	IPR000119	Histone-like DNA-binding protein	-	-
NZ_CP143953.1_1-10201:._5	876c1729c241d67a2c84eaf10819fcf9	94	CDD	cd13836	IHF_B	1	85	7.98609E-32	T	13-04-2026	-	-	-	-
NZ_CP064939.1_4395415-4405641:._6	d09fce0d2dea5710a13ea29bd253f4d6	75	CDD	cd03768	SR_ResInv	2	75	1.51724E-33	T	13-04-2026	-	-	-	-
NZ_CP064939.1_4395415-4405641:._6	d09fce0d2dea5710a13ea29bd253f4d6	75	Pfam	PF00239	Resolvase, N terminal domain	3	74	2.1E-21	T	13-04-2026	IPR006119	Resolvase, N-terminal catalytic domain	-	-
NZ_CP182860.1_3198816-3209453:._9	7a53bc47705257f85e8c5db44c484e96	405	CDD	cd01185	INTN1_C_like	223	382	2.01933E-54	T	13-04-2026	-	-	-	-
NZ_CP182860.1_3198816-3209453:._9	7a53bc47705257f85e8c5db44c484e96	405	Pfam	PF13102	Phage integrase SAM-like domain	120	204	9.1E-8	T	13-04-2026	IPR025269	Phage integrase SAM-like domain	-	-
NZ_CP182860.1_3198816-3209453:._9	7a53bc47705257f85e8c5db44c484e96	405	Pfam	PF00589	Phage integrase family	221	379	5.7E-9	T	13-04-2026	IPR002104	Integrase, catalytic domain	-	-
NZ_CP182860.1_3198816-3209453:._9	7a53bc47705257f85e8c5db44c484e96	405	Pfam	PF17293	Arm DNA-binding domain	9	91	2.2E-9	T	13-04-2026	IPR035386	Arm, DNA-binding domain	-	-
NZ_CP146522.1_14016-24608:._10	2669a49b77b62b5d63546381fae763a1	363	Pfam	PF02661	Fic/DOC family	99	216	9.8E-16	T	13-04-2026	IPR003812	Fido domain	-	-
NZ_CP146522.1_14016-24608:._10	2669a49b77b62b5d63546381fae763a1	363	Pfam	PF13412	Winged helix-turn-helix DNA-binding	304	347	1.1E-4	T	13-04-2026	-	-	-	-
NZ_CP102262.1_1241992-1252575:._7	e90ef238df94de5641b174b6d3bd5a3a	373	Pfam	PF07804	HipA-like C-terminal domain	161	358	3.1E-44	T	13-04-2026	IPR012893	HipA-like, C-terminal	-	-
NZ_CP102262.1_1241992-1252575:._7	e90ef238df94de5641b174b6d3bd5a3a	373	Pfam	PF13657	HipA N-terminal domain	8	115	4.6E-11	T	13-04-2026	IPR017508	HipA, N-terminal subdomain 1	-	-
NZ_CP072249.1_7477-18069:._4	e1573f0327759400fe5484221cbc46ff	559	Pfam	PF01823	MAC/Perforin domain	226	367	0.17	T	13-04-2026	IPR020864	Membrane attack complex component/perforin (MACPF) domain	-	-
NZ_CP072249.1_7477-18069:._4	e1573f0327759400fe5484221cbc46ff	559	Pfam	PF20779	MACPF protein, D2 domain	391	491	7.5E-30	T	13-04-2026	IPR048468	MACPF protein, D2 domain	-	-
NZ_CP072249.1_7477-18069:._4	e1573f0327759400fe5484221cbc46ff	559	Pfam	PF20785	MACPF protein, D3 domain	496	559	5.8E-16	T	13-04-2026	IPR048467	MACPF protein, D3 domain	-	-
NZ_CP091790.1_278519-289078:._5	9c23a70982b41dcfc51fac17222dd28c	241	CDD	cd08071	MPN_DUF2466	126	235	1.42884E-48	T	13-04-2026	IPR025657	RadC-like JAB domain	-	-
NZ_CP091790.1_278519-289078:._5	9c23a70982b41dcfc51fac17222dd28c	241	Pfam	PF20582	UPF0758 N-terminal	19	97	1.7E-20	T	13-04-2026	IPR046778	UPF0758, N-terminal	-	-
NZ_CP091790.1_278519-289078:._5	9c23a70982b41dcfc51fac17222dd28c	241	Pfam	PF04002	RadC-like JAB domain	123	239	2.1E-35	T	13-04-2026	IPR025657	RadC-like JAB domain	-	-
NZ_CP120354.1_48892-59487:._11	32ffa3d752f6b746901580f44d53fefe	166	CDD	cd06223	PRTases_typeI	63	159	0.0015557	T	13-04-2026	IPR000836	Phosphoribosyltransferase domain	-	-
NZ_CP060497.1_5609736-5620304:._6	71a02a04eb32b5277ab1817e1381e2a3	189	Pfam	PF00239	Resolvase, N terminal domain	3	135	3.9E-44	T	13-04-2026	IPR006119	Resolvase, N-terminal catalytic domain	-	-
NZ_CP060497.1_5609736-5620304:._6	71a02a04eb32b5277ab1817e1381e2a3	189	Pfam	PF02796	Helix-turn-helix domain of resolvase	138	183	0.075	T	13-04-2026	IPR006120	Resolvase, HTH domain	-	-
NZ_CP060497.1_5609736-5620304:._6	71a02a04eb32b5277ab1817e1381e2a3	189	CDD	cd03768	SR_ResInv	2	126	5.67742E-62	T	13-04-2026	-	-	-	-
NZ_CP033929.1_1742755-1753359:._9	fa71cd05769b262b9ac9faf4f4cbbcb3	318	Pfam	PF18818	Zincin-like metallopeptidase	183	302	1.6E-29	T	13-04-2026	IPR041459	Polyvalent protein, metallopeptidase domain	-	-
NZ_CP033929.1_1742755-1753359:._9	fa71cd05769b262b9ac9faf4f4cbbcb3	318	Pfam	PF08401	N-terminal domain of anti-restriction factor ArdC	22	146	2.0E-15	T	13-04-2026	IPR013610	N-terminal domain of anti-restriction factor ArdC	-	-
NZ_CP096247.1_1006520-1017082:._6	cf0576b81cba12347fda6f396099bab8	377	Pfam	PF01637	ATPase domain predominantly from Archaea	16	178	6.5E-5	T	13-04-2026	IPR011579	ATPase domain	-	-
NZ_CP096247.1_1008628-1019193:._5	cf0576b81cba12347fda6f396099bab8	377	Pfam	PF01637	ATPase domain predominantly from Archaea	16	178	6.5E-5	T	13-04-2026	IPR011579	ATPase domain	-	-
NZ_CP025096.1_8554097-8564680:._9	8c3cb89ef9a747777f32f39dc1c53629	96	Pfam	PF05598	Transposase domain (DUF772)	51	94	2.9E-6	T	13-04-2026	IPR008490	Transposase InsH, N-terminal	-	-
NZ_CP110973.1_5928283-5938851:._2	8cc163e99c64e0d23fdc49a23a219f68	1099	Pfam	PF10145	Phage-related minor tail protein	141	341	1.3E-11	T	13-04-2026	IPR010090	Phage tail tape measure protein	-	-
NZ_CP022986.1_896566-907170:._11	f36078698b6be7510033e5406e124f77	185	Pfam	PF20448	Family of unknown function (DUF6705)	1	118	3.5E-4	T	13-04-2026	IPR046551	Domain of unknown function DUF6705	-	-
NZ_CP012937.1_5202558-5214371:._3	12dfac76b5d2b7fd1a025d098f3e20b4	98	Pfam	PF12728	Helix-turn-helix domain	47	93	2.0E-7	T	13-04-2026	IPR041657	Helix-turn-helix domain, group 17	-	-
NZ_CP180265.1_3933061-3943665:._8	4344e561ca093b69a18c243de3592651	1153	CDD	cd20478	Cas13b_Bz-like	14	1149	0.0	T	13-04-2026	-	-	-	-
NZ_CM148689.1_3656431-3667026:._11	c07c2c1147992014e54b3fae9708749d	255	Pfam	PF13847	Methyltransferase domain	29	152	4.9E-19	T	13-04-2026	IPR025714	Methyltransferase domain	-	-
NZ_CM148689.1_3656431-3667026:._11	c07c2c1147992014e54b3fae9708749d	255	CDD	cd02440	AdoMet_MTases	33	131	5.13206E-15	T	13-04-2026	-	-	-	-
NZ_OZ409824.1_5101300-5111901:._7	0b26121e2f21a12e8480d11060941f3f	322	CDD	cd08243	quinone_oxidoreductase_like_1	1	321	1.1653E-159	T	13-04-2026	-	-	-	-
NZ_OZ409824.1_5101300-5111901:._7	0b26121e2f21a12e8480d11060941f3f	322	Pfam	PF16884	N-terminal domain of oxidoreductase	12	87	1.0E-4	T	13-04-2026	IPR041694	Oxidoreductase, N-terminal domain	-	-
NZ_OZ409824.1_5101300-5111901:._7	0b26121e2f21a12e8480d11060941f3f	322	Pfam	PF00107	Zinc-binding dehydrogenase	155	255	5.9E-14	T	13-04-2026	IPR013149	Alcohol dehydrogenase-like, C-terminal	-	-
NZ_CP056032.1_1770823-1781409:._4	7846a730ad3f8b694c0f6f614ecd1b40	249	Pfam	PF01609	Transposase DDE domain	94	222	3.8E-7	T	13-04-2026	IPR002559	Transposase IS4-like domain	-	-
NZ_CP056032.1_1770823-1781409:._4	7846a730ad3f8b694c0f6f614ecd1b40	249	Pfam	PF13340	Putative transposase of IS4/5 family (DUF4096)	8	76	2.7E-20	T	13-04-2026	IPR025161	Insertion element IS402-like domain	-	-
NZ_CP096247.1_1008628-1019193:._8	e57f52b4f0deacfeda213d4148ccbd26	420	Pfam	PF04002	RadC-like JAB domain	301	417	2.7E-28	T	13-04-2026	IPR025657	RadC-like JAB domain	-	-
NZ_CP096247.1_1008628-1019193:._8	e57f52b4f0deacfeda213d4148ccbd26	420	CDD	cd08071	MPN_DUF2466	304	415	3.26834E-37	T	13-04-2026	IPR025657	RadC-like JAB domain	-	-
NZ_CP096247.1_1008628-1019193:._8	e57f52b4f0deacfeda213d4148ccbd26	420	Pfam	PF20582	UPF0758 N-terminal	198	276	7.1E-15	T	13-04-2026	IPR046778	UPF0758, N-terminal	-	-
NZ_CP133672.1_35799-46355:._9	fcac6ed0c70f698509fc11cdd52f3c22	336	CDD	cd09634	Cas1_I-II-III	1	323	2.13195E-66	T	13-04-2026	-	-	-	-
NZ_CP133672.1_35799-46355:._9	fcac6ed0c70f698509fc11cdd52f3c22	336	Pfam	PF01867	CRISPR associated protein Cas1	3	295	1.2E-56	T	13-04-2026	IPR002729	CRISPR-associated protein Cas1	-	-
NZ_CP143943.1_29742-40334:._5	f00e6bc3dba324543000758a3fb06bb7	104	Pfam	PF13572	Domain of unknown function (DUF4134)	14	102	3.0E-30	T	13-04-2026	IPR025408	Protein of unknown function DUF4134	-	-
NZ_CP072256.1_33946-44538:._5	f00e6bc3dba324543000758a3fb06bb7	104	Pfam	PF13572	Domain of unknown function (DUF4134)	14	102	3.0E-30	T	13-04-2026	IPR025408	Protein of unknown function DUF4134	-	-
NZ_CP041231.1_28399-38991:._14	f00e6bc3dba324543000758a3fb06bb7	104	Pfam	PF13572	Domain of unknown function (DUF4134)	14	102	3.0E-30	T	13-04-2026	IPR025408	Protein of unknown function DUF4134	-	-
NZ_CP094669.1_3816073-3826653:._1	876da92748009be194a9b6e0bbdd6e22	151	Pfam	PF03992	Antibiotic biosynthesis monooxygenase	52	126	1.6E-10	T	13-04-2026	IPR007138	Antibiotic biosynthesis monooxygenase domain	-	-
NZ_CP033922.1_2373170-2383738:._7	a3392b13773b48d0c314b6b5d0939cff	177	Pfam	PF13207	AAA domain	10	123	3.5E-7	T	13-04-2026	-	-	-	-
NZ_CP102938.1_14230-24825:._5	b03e75f8fbc745b041a1868c856a56c6	209	Pfam	PF13568	Outer membrane protein beta-barrel domain	20	189	9.8E-16	T	13-04-2026	IPR025665	Outer membrane protein beta-barrel domain 2	-	-
NZ_CP110012.1_3190230-3200819:._3	215ca176e311bc79f57763b98d0e8193	196	CDD	cd03768	SR_ResInv	6	131	1.30501E-31	T	13-04-2026	-	-	-	-
NZ_CP110012.1_3190230-3200819:._3	215ca176e311bc79f57763b98d0e8193	196	Pfam	PF00239	Resolvase, N terminal domain	5	140	2.0E-22	T	13-04-2026	IPR006119	Resolvase, N-terminal catalytic domain	-	-
NZ_CP119422.1_4788955-4799508:._8	b9052f8bfaec50f842ed0ab9d7760786	63	CDD	cd00093	HTH_XRE	1	58	4.99576E-9	T	13-04-2026	IPR001387	Cro/C1-type helix-turn-helix domain	-	-
NZ_CP119422.1_4788955-4799508:._8	b9052f8bfaec50f842ed0ab9d7760786	63	Pfam	PF01381	Helix-turn-helix	4	57	3.7E-6	T	13-04-2026	IPR001387	Cro/C1-type helix-turn-helix domain	-	-
NZ_CP130738.1_353416-363531:._8	7b3f3557695a7fac04fb683fe9907e60	201	Pfam	PF13595	Domain of unknown function (DUF4138)	2	198	1.3E-12	T	13-04-2026	IPR022298	Conjugative transposon, TraN	-	-
NZ_CP111121.1_2399092-2409696:._6	47abb236fca08429b542ce5ac0999030	117	Pfam	PF01527	Transposase	19	98	1.7E-10	T	13-04-2026	IPR002514	Transposase IS3/IS911family	-	-
NZ_CP111121.1_4947174-4957778:._7	47abb236fca08429b542ce5ac0999030	117	Pfam	PF01527	Transposase	19	98	1.7E-10	T	13-04-2026	IPR002514	Transposase IS3/IS911family	-	-
NZ_CP071530.1_2194749-2205311:._4	34b287e0432b7488bd1854dab7c4a600	253	Pfam	PF12706	Beta-lactamase superfamily domain	19	211	8.3E-13	T	13-04-2026	IPR001279	Metallo-beta-lactamase	-	-
NZ_CP048222.1_66079-76653:._3	5ac781b101510bb2baa15d1c90a21d91	224	Pfam	PF00872	Transposase, Mutator family	4	199	1.6E-47	T	13-04-2026	IPR001207	Transposase, mutator type	-	-
NZ_CP092371.1_10906-21471:._3	d3c7a7fe4beb6e0fdeda119fde7d618c	515	CDD	cd02440	AdoMet_MTases	220	304	3.74878E-4	T	13-04-2026	-	-	-	-
NZ_CP092371.1_10906-21471:._3	d3c7a7fe4beb6e0fdeda119fde7d618c	515	Pfam	PF02384	N-6 DNA Methylase	171	481	1.8E-110	T	13-04-2026	IPR003356	DNA methylase, adenine-specific	-	-
NZ_CP092371.1_10906-21471:._3	d3c7a7fe4beb6e0fdeda119fde7d618c	515	Pfam	PF12161	HsdM N-terminal domain	10	157	4.3E-12	T	13-04-2026	IPR022749	N6 adenine-specific DNA methyltransferase, N-terminal domain	-	-
NZ_CP110003.1_1-5567:._3	d3c7a7fe4beb6e0fdeda119fde7d618c	515	CDD	cd02440	AdoMet_MTases	220	304	3.74878E-4	T	13-04-2026	-	-	-	-
NZ_CP110003.1_1-5567:._3	d3c7a7fe4beb6e0fdeda119fde7d618c	515	Pfam	PF02384	N-6 DNA Methylase	171	481	1.8E-110	T	13-04-2026	IPR003356	DNA methylase, adenine-specific	-	-
NZ_CP110003.1_1-5567:._3	d3c7a7fe4beb6e0fdeda119fde7d618c	515	Pfam	PF12161	HsdM N-terminal domain	10	157	4.3E-12	T	13-04-2026	IPR022749	N6 adenine-specific DNA methyltransferase, N-terminal domain	-	-
NZ_CP085529.1_500099-510658:._6	42522f03c58082ac626d42eefa76d20c	186	CDD	cd03768	SR_ResInv	2	127	8.55327E-56	T	13-04-2026	-	-	-	-
NZ_CP085529.1_500099-510658:._6	42522f03c58082ac626d42eefa76d20c	186	Pfam	PF02796	Helix-turn-helix domain of resolvase	144	183	0.041	T	13-04-2026	IPR006120	Resolvase, HTH domain	-	-
NZ_CP085529.1_500099-510658:._6	42522f03c58082ac626d42eefa76d20c	186	Pfam	PF00239	Resolvase, N terminal domain	2	136	7.3E-38	T	13-04-2026	IPR006119	Resolvase, N-terminal catalytic domain	-	-
NZ_LR215967.1_3265938-3276497:._6	42522f03c58082ac626d42eefa76d20c	186	CDD	cd03768	SR_ResInv	2	127	8.55327E-56	T	13-04-2026	-	-	-	-
NZ_LR215967.1_3265938-3276497:._6	42522f03c58082ac626d42eefa76d20c	186	Pfam	PF02796	Helix-turn-helix domain of resolvase	144	183	0.041	T	13-04-2026	IPR006120	Resolvase, HTH domain	-	-
NZ_LR215967.1_3265938-3276497:._6	42522f03c58082ac626d42eefa76d20c	186	Pfam	PF00239	Resolvase, N terminal domain	2	136	7.3E-38	T	13-04-2026	IPR006119	Resolvase, N-terminal catalytic domain	-	-
NZ_OY997410.1_1109465-1119655:._2	3fbaae456a5d0ec0ecc2cf344a6b8fa5	253	CDD	cd02440	AdoMet_MTases	122	215	1.96736E-5	T	13-04-2026	-	-	-	-
NZ_OY997410.1_1109465-1119655:._2	3fbaae456a5d0ec0ecc2cf344a6b8fa5	253	Pfam	PF01135	Protein-L-isoaspartate(D-aspartate) O-methyltransferase (PCMT)	50	250	1.9E-52	T	13-04-2026	-	-	-	-
NZ_OY997410.1_2540106-2550287:._2	283294713c6e32762c20125d86fa52b7	279	Pfam	PF13276	HTH-like domain	29	82	1.7E-4	T	13-04-2026	IPR025948	HTH-like domain	-	-
NZ_OY997410.1_2540106-2550287:._2	283294713c6e32762c20125d86fa52b7	279	Pfam	PF13333	Integrase core domain	213	267	2.3E-9	T	13-04-2026	IPR001584	Integrase, catalytic core	-	-
NZ_OY997410.1_2540106-2550287:._2	283294713c6e32762c20125d86fa52b7	279	Pfam	PF00665	Integrase core domain	107	206	4.8E-15	T	13-04-2026	IPR001584	Integrase, catalytic core	-	-
NZ_CP072215.1_43945-54537:._11	61a206f4be0724758660ef283709aa65	138	Pfam	PF01609	Transposase DDE domain	16	76	4.0E-4	T	13-04-2026	IPR002559	Transposase IS4-like domain	-	-
NZ_CP182860.1_3198816-3209453:._10	b45f5d43b87fcc69508ee364383cc90f	97	Pfam	PF12728	Helix-turn-helix domain	42	91	1.7E-9	T	13-04-2026	IPR041657	Helix-turn-helix domain, group 17	-	-
NZ_OZ409824.1_5101300-5111901:._5	d6b39a12c61d1477867995e8434caf67	73	Pfam	PF01361	Tautomerase enzyme	2	52	0.017	T	13-04-2026	IPR004370	4-oxalocrotonate tautomerase-like domain	-	-
NZ_CP094669.1_3816073-3826653:._7	6fe671010e5dca928e647a24239ee732	193	Pfam	PF00239	Resolvase, N terminal domain	4	137	7.5E-36	T	13-04-2026	IPR006119	Resolvase, N-terminal catalytic domain	-	-
NZ_CP094669.1_3816073-3826653:._7	6fe671010e5dca928e647a24239ee732	193	CDD	cd03768	SR_ResInv	4	128	9.42168E-52	T	13-04-2026	-	-	-	-
NZ_CM148636.1_2123055-2133650:._9	0764193c822ad29cd9b90c9c6b3734e4	349	Pfam	PF04245	37-kD nucleoid-associated bacterial protein	14	334	3.8E-45	T	13-04-2026	IPR007358	Nucleoid-associated protein NdpA	-	-
NZ_CP095848.1_1084049-1094167:._1	59674b3817e17b6f809baef02292363c	1263	Pfam	PF13385	Concanavalin A-like lectin/glucanases superfamily	55	121	6.6E-5	T	13-04-2026	-	-	-	-
NZ_CP083624.1_1-6607:._6	2c98fff7b9784547f261df3e14e8b994	69	Pfam	PF00239	Resolvase, N terminal domain	15	58	9.3E-8	T	13-04-2026	IPR006119	Resolvase, N-terminal catalytic domain	-	-
NZ_CP092371.1_10906-21471:._12	22f9f64bcfd2b56a9b9021913b9bb64b	265	Pfam	PF13342	C-terminal repeat of topoisomerase	34	90	8.2E-5	T	13-04-2026	IPR025589	Topoisomerase C-terminal repeat	-	-
NZ_CP092371.1_10906-21471:._12	22f9f64bcfd2b56a9b9021913b9bb64b	265	Pfam	PF13342	C-terminal repeat of topoisomerase	123	181	4.2E-5	T	13-04-2026	IPR025589	Topoisomerase C-terminal repeat	-	-
NZ_JBQSUP010000001.1_5071-14507:._11	e4feb832d5ded365f763af353b018a22	98	CDD	cd00093	HTH_XRE	4	61	1.11794E-13	T	13-04-2026	IPR001387	Cro/C1-type helix-turn-helix domain	-	-
NZ_JBQSUP010000001.1_5071-14507:._11	e4feb832d5ded365f763af353b018a22	98	Pfam	PF01381	Helix-turn-helix	7	60	5.9E-11	T	13-04-2026	IPR001387	Cro/C1-type helix-turn-helix domain	-	-
NZ_CM148686.1_2917064-2927656:._2	24d3afb28c49ba52ee10b16ae5c9e546	283	Pfam	PF13541	Subunit ChlI of Mg-chelatase	20	141	1.5E-42	T	13-04-2026	-	-	-	-
NZ_CM148686.1_2917064-2927656:._2	24d3afb28c49ba52ee10b16ae5c9e546	283	Pfam	PF01078	Magnesium chelatase, subunit ChlI	193	281	2.3E-33	T	13-04-2026	IPR000523	Magnesium chelatase ChlI-like, catalytic domain	-	-
NZ_CP133672.1_35799-46355:._5	d73140b86e230b08b935cc5b2b0ba570	185	CDD	cd03768	SR_ResInv	2	124	1.91913E-57	T	13-04-2026	-	-	-	-
NZ_CP133672.1_35799-46355:._5	d73140b86e230b08b935cc5b2b0ba570	185	Pfam	PF00239	Resolvase, N terminal domain	3	135	2.8E-42	T	13-04-2026	IPR006119	Resolvase, N-terminal catalytic domain	-	-
NZ_CP133672.1_35799-46355:._5	d73140b86e230b08b935cc5b2b0ba570	185	Pfam	PF02796	Helix-turn-helix domain of resolvase	138	181	1.3E-5	T	13-04-2026	IPR006120	Resolvase, HTH domain	-	-
NZ_CP087585.1_3158408-3169009:._8	dc041873820e99d80fa501965f356188	343	Pfam	PF13175	AAA ATPase domain	67	277	6.4E-11	T	13-04-2026	IPR041685	AAA domain, group 15	-	-
NZ_CP087585.1_3158408-3169009:._8	dc041873820e99d80fa501965f356188	343	Pfam	PF12476	Protein of unknown function (DUF3696)	292	336	3.1E-7	T	13-04-2026	IPR022532	Domain of unknown function DUF3696, C-terminal	-	-
NZ_JBQSUP010000001.1_5071-14507:._1	5c93b1978f710cf09b91424b0c3b3520	135	Pfam	PF14028	Lantibiotic biosynthesis dehydratase C-term	2	123	1.2E-9	T	13-04-2026	IPR023809	Thiopeptide-type bacteriocin biosynthesis domain	-	-
NZ_CP030851.1_33300-43901:._2	b72b20a589182978c68cbfcf7899a960	638	Pfam	PF07730	Histidine kinase	449	514	3.8E-6	T	13-04-2026	IPR011712	Signal transduction histidine kinase, subgroup 3, dimerisation and phosphoacceptor domain	-	-
NZ_CP030851.1_33300-43901:._2	b72b20a589182978c68cbfcf7899a960	638	Pfam	PF13424	Tetratricopeptide repeat	179	241	1.9E-6	T	13-04-2026	-	-	-	-
NZ_CP030851.1_33300-43901:._2	b72b20a589182978c68cbfcf7899a960	638	Pfam	PF02518	Histidine kinase-, DNA gyrase B-, and HSP90-like ATPase	555	636	1.6E-4	T	13-04-2026	IPR003594	Histidine kinase/HSP90-like ATPase	-	-
NZ_CP030851.1_33300-43901:._2	b72b20a589182978c68cbfcf7899a960	638	CDD	cd16917	HATPase_UhpB-NarQ-NarX-like	555	638	4.74291E-15	T	13-04-2026	-	-	-	-
NZ_CM148639.1_2745888-2756492:._7	59d78b420ea12413b9f2509e04012763	137	Pfam	PF02796	Helix-turn-helix domain of resolvase	76	122	0.0059	T	13-04-2026	IPR006120	Resolvase, HTH domain	-	-
NZ_CM148639.1_2745888-2756492:._7	59d78b420ea12413b9f2509e04012763	137	Pfam	PF00239	Resolvase, N terminal domain	1	74	9.7E-21	T	13-04-2026	IPR006119	Resolvase, N-terminal catalytic domain	-	-
NZ_CM148639.1_2745888-2756492:._7	59d78b420ea12413b9f2509e04012763	137	CDD	cd03768	SR_ResInv	1	64	2.28605E-28	T	13-04-2026	-	-	-	-
NZ_CP111121.1_2399092-2409696:._8	5c6b80614bc175a2d3bd23dcdfd5c9ac	201	Pfam	PF00239	Resolvase, N terminal domain	3	135	1.9E-42	T	13-04-2026	IPR006119	Resolvase, N-terminal catalytic domain	-	-
NZ_CP111121.1_2399092-2409696:._8	5c6b80614bc175a2d3bd23dcdfd5c9ac	201	CDD	cd03768	SR_ResInv	2	126	3.9113E-60	T	13-04-2026	-	-	-	-
NZ_CP182581.1_4402594-4413114:._3	9949a9090f761416d912103cb9801ad5	297	Pfam	PF01545	Cation efflux family	10	216	5.6E-32	T	13-04-2026	IPR002524	Cation efflux protein	-	-
NZ_CP118631.1_4648428-4659014:._9	3bc31458e2251490e92b10dab510f336	621	CDD	cd17260	RMtype1_S_EcoEI-TRD1-CR1_like	249	413	1.001E-68	T	13-04-2026	-	-	-	-
NZ_CP118631.1_4648428-4659014:._9	3bc31458e2251490e92b10dab510f336	621	Pfam	PF01420	Type I restriction modification DNA specificity domain	220	403	8.8E-5	T	13-04-2026	IPR000055	Type I restriction modification DNA specificity domain	-	-
NZ_CP118631.1_4648428-4659014:._9	3bc31458e2251490e92b10dab510f336	621	Pfam	PF01420	Type I restriction modification DNA specificity domain	8	185	7.8E-15	T	13-04-2026	IPR000055	Type I restriction modification DNA specificity domain	-	-
NZ_CP118631.1_4648428-4659014:._9	3bc31458e2251490e92b10dab510f336	621	CDD	cd17522	RMtype1_S_MjaORF1531P-TRD1-CR1_like	11	200	1.12353E-75	T	13-04-2026	-	-	-	-
NZ_CM148643.1_3210785-3221380:._7	02a92ade485adb8348968736556b67a0	198	Pfam	PF02796	Helix-turn-helix domain of resolvase	138	184	0.049	T	13-04-2026	IPR006120	Resolvase, HTH domain	-	-
NZ_CM148643.1_3210785-3221380:._7	02a92ade485adb8348968736556b67a0	198	Pfam	PF00239	Resolvase, N terminal domain	3	136	1.2E-44	T	13-04-2026	IPR006119	Resolvase, N-terminal catalytic domain	-	-
NZ_CM148643.1_3210785-3221380:._7	02a92ade485adb8348968736556b67a0	198	CDD	cd03768	SR_ResInv	2	126	3.36656E-62	T	13-04-2026	-	-	-	-
NZ_CM148673.1_2105830-2116425:._6	02a92ade485adb8348968736556b67a0	198	Pfam	PF02796	Helix-turn-helix domain of resolvase	138	184	0.049	T	13-04-2026	IPR006120	Resolvase, HTH domain	-	-
NZ_CM148673.1_2105830-2116425:._6	02a92ade485adb8348968736556b67a0	198	Pfam	PF00239	Resolvase, N terminal domain	3	136	1.2E-44	T	13-04-2026	IPR006119	Resolvase, N-terminal catalytic domain	-	-
NZ_CM148673.1_2105830-2116425:._6	02a92ade485adb8348968736556b67a0	198	CDD	cd03768	SR_ResInv	2	126	3.36656E-62	T	13-04-2026	-	-	-	-
NC_013730.1_4412465-4423030:._3	ef41be280d8e5be20af85a1f818555e7	183	Pfam	PF04542	Sigma-70 region 2	24	90	3.1E-16	T	13-04-2026	IPR007627	RNA polymerase sigma-70 region 2	-	-
NC_013730.1_4412465-4423030:._3	ef41be280d8e5be20af85a1f818555e7	183	CDD	cd06171	Sigma70_r4	122	175	1.11713E-7	T	13-04-2026	-	-	-	-
NC_013730.1_4412465-4423030:._3	ef41be280d8e5be20af85a1f818555e7	183	Pfam	PF08281	Sigma-70, region 4	124	173	8.5E-8	T	13-04-2026	IPR013249	RNA polymerase sigma factor 70, region 4 type 2	-	-
NZ_CP056032.1_1770823-1781409:._6	b6c9901353531f2b0ea44fcdb3d76bcd	195	Pfam	PF02796	Helix-turn-helix domain of resolvase	155	183	1.2E-5	T	13-04-2026	IPR006120	Resolvase, HTH domain	-	-
NZ_CP056032.1_1770823-1781409:._6	b6c9901353531f2b0ea44fcdb3d76bcd	195	CDD	cd03768	SR_ResInv	2	126	3.53251E-61	T	13-04-2026	-	-	-	-
NZ_CP056032.1_1770823-1781409:._6	b6c9901353531f2b0ea44fcdb3d76bcd	195	Pfam	PF00239	Resolvase, N terminal domain	3	134	3.4E-41	T	13-04-2026	IPR006119	Resolvase, N-terminal catalytic domain	-	-
NZ_CP111121.1_2399092-2409696:._12	5ff8155f3cad153870602d1fe4ec23c1	97	CDD	cd00093	HTH_XRE	5	62	4.89713E-12	T	13-04-2026	IPR001387	Cro/C1-type helix-turn-helix domain	-	-
NZ_CP111121.1_2399092-2409696:._12	5ff8155f3cad153870602d1fe4ec23c1	97	Pfam	PF01381	Helix-turn-helix	8	62	4.9E-9	T	13-04-2026	IPR001387	Cro/C1-type helix-turn-helix domain	-	-
NZ_CP055156.1_2346348-2356955:._5	56a04ba115cc3d62c1b03e6e781f6712	325	Pfam	PF00004	ATPase family associated with various cellular activities (AAA)	126	251	3.3E-26	T	13-04-2026	IPR003959	ATPase, AAA-type, core	-	-
NZ_CP055156.1_2346348-2356955:._5	56a04ba115cc3d62c1b03e6e781f6712	325	CDD	cd19481	RecA-like_protease	98	250	1.8727E-46	T	13-04-2026	-	-	-	-
NZ_CP056032.1_1770823-1781409:._11	0ad44ec97ee08c0080813f936569639f	394	Pfam	PF00665	Integrase core domain	222	315	3.9E-19	T	13-04-2026	IPR001584	Integrase, catalytic core	-	-
NZ_CP056032.1_1770823-1781409:._11	0ad44ec97ee08c0080813f936569639f	394	Pfam	PF13276	HTH-like domain	145	198	3.3E-9	T	13-04-2026	IPR025948	HTH-like domain	-	-
NZ_CP103197.1_18166-28749:._3	30618573c2bf83e8e05f5f8d2d651db5	232	CDD	cd00383	trans_reg_C	139	226	3.38586E-22	T	13-04-2026	IPR001867	OmpR/PhoB-type DNA-binding domain	-	-
NZ_CP103197.1_18166-28749:._3	30618573c2bf83e8e05f5f8d2d651db5	232	Pfam	PF00072	Response regulator receiver domain	7	116	6.8E-25	T	13-04-2026	IPR001789	Signal transduction response regulator, receiver domain	-	-
NZ_CP103197.1_18166-28749:._3	30618573c2bf83e8e05f5f8d2d651db5	232	Pfam	PF00486	Transcriptional regulatory protein, C terminal	152	226	3.4E-14	T	13-04-2026	IPR001867	OmpR/PhoB-type DNA-binding domain	-	-
NZ_CP103197.1_18166-28749:._3	30618573c2bf83e8e05f5f8d2d651db5	232	CDD	cd17574	REC_OmpR	8	106	8.83571E-45	T	13-04-2026	-	-	-	-
NZ_CP047028.1_60104-70729:._9	287f58123446df8f0c988c24838093d9	208	Pfam	PF00239	Resolvase, N terminal domain	13	151	7.8E-20	T	13-04-2026	IPR006119	Resolvase, N-terminal catalytic domain	-	-
NZ_CP047028.1_60104-70729:._9	287f58123446df8f0c988c24838093d9	208	CDD	cd03768	SR_ResInv	14	142	2.49489E-26	T	13-04-2026	-	-	-	-
NZ_CP066883.1_3742481-3753091:._7	2b9ca1cb1a6cde1b3c1a35fddbe67032	77	Pfam	PF09720	Putative addiction module component	31	67	0.03	T	13-04-2026	IPR013406	Conserved hypothetical protein CHP02574, addiction module	-	-
NZ_CP102262.1_1241992-1252575:._9	f350801c150d62a43af61a2edad59416	555	Pfam	PF00703	Glycosyl hydrolases family 2	270	363	4.2E-5	T	13-04-2026	IPR006102	Glycoside hydrolase, family 2, immunoglobulin-like beta-sandwich	-	-
NZ_CP102262.1_1241992-1252575:._9	f350801c150d62a43af61a2edad59416	555	Pfam	PF00817	impB/mucB/samB family	11	196	1.7E-21	T	13-04-2026	IPR001126	UmuC domain	-	-
NZ_CP102262.1_1241992-1252575:._9	f350801c150d62a43af61a2edad59416	555	Pfam	PF02836	Glycosyl hydrolases family 2, TIM barrel domain	373	487	3.8E-20	T	13-04-2026	IPR006103	Glycoside hydrolase family 2, catalytic domain	-	-
NZ_CP117880.1_596108-606379:._6	3ddaf5c34483b1cd4cc0a1a0c6b61698	828	Pfam	PF02838	Glycosyl hydrolase family 20, domain 2	181	301	5.8E-12	T	13-04-2026	IPR015882	Beta-hexosaminidase, bacterial type, N-terminal	-	-
NZ_CP117880.1_596108-606379:._6	3ddaf5c34483b1cd4cc0a1a0c6b61698	828	Pfam	PF13290	Chitobiase/beta-hexosaminidase C-terminal domain	770	821	6.3E-10	T	13-04-2026	-	-	-	-
NZ_CP117880.1_596108-606379:._6	3ddaf5c34483b1cd4cc0a1a0c6b61698	828	Pfam	PF00728	Glycosyl hydrolase family 20, catalytic domain	305	716	1.3E-82	T	13-04-2026	IPR015883	Glycoside hydrolase family 20, catalytic domain	-	-
NC_013730.1_4412465-4423030:._1	b665ef0bde98ad5e7e3c5ab8a42bcbf4	303	Pfam	PF07715	TonB-dependent Receptor Plug Domain	149	228	0.0097	T	13-04-2026	IPR012910	TonB-dependent receptor, plug domain	-	-
NC_013730.1_4412465-4423030:._1	b665ef0bde98ad5e7e3c5ab8a42bcbf4	303	Pfam	PF13620	Carboxypeptidase regulatory-like domain	29	100	3.1E-6	T	13-04-2026	-	-	-	-
NZ_CP171010.1_321704-332272:._2	a9bf1d314cae5f339fadfaf4bf993626	412	Pfam	PF01420	Type I restriction modification DNA specificity domain	3	184	5.6E-22	T	13-04-2026	IPR000055	Type I restriction modification DNA specificity domain	-	-
NZ_CP171010.1_321704-332272:._2	a9bf1d314cae5f339fadfaf4bf993626	412	CDD	cd17517	RMtype1_S_EcoKI_StySPI-TRD2-CR2_like	6	194	5.28958E-42	T	13-04-2026	-	-	-	-
NZ_CP135989.1_1706394-1716983:._7	e478ba244b9a8fa640dc38550f31bbf1	196	Pfam	PF00239	Resolvase, N terminal domain	3	143	2.3E-22	T	13-04-2026	IPR006119	Resolvase, N-terminal catalytic domain	-	-
NZ_CP135989.1_1706394-1716983:._7	e478ba244b9a8fa640dc38550f31bbf1	196	CDD	cd03768	SR_ResInv	2	133	4.06079E-29	T	13-04-2026	-	-	-	-
NZ_OY997410.1_1109465-1119655:._5	4cd6b0b32048ba48aa8003cc0dbf5f8d	121	Pfam	PF04342	Putative member of DMT superfamily (DUF486)	6	119	9.1E-40	T	13-04-2026	IPR007437	Protein of unknown function DUF486	-	-
NZ_CP179925.1_611886-623561:._5	e5751d355765d92c5c7dfef4277810bd	144	Pfam	PF19555	Family of unknown function (DUF6078)	1	144	4.9E-40	T	13-04-2026	IPR045724	Protein of unknown function DUF6078	-	-
NC_009614.1_611886-623561:._5	e5751d355765d92c5c7dfef4277810bd	144	Pfam	PF19555	Family of unknown function (DUF6078)	1	144	4.9E-40	T	13-04-2026	IPR045724	Protein of unknown function DUF6078	-	-
NZ_OZ409824.1_5101300-5111901:._6	2e548c317edb7169afd6bebcb8f194e4	130	Pfam	PF14534	Domain of unknown function (DUF4440)	10	119	0.0025	T	13-04-2026	IPR027843	Domain of unknown function DUF4440	-	-
NZ_CP069277.1_3007011-3017648:._9	5f24a68b1cb7e49bc0759dc6958d254f	680	Pfam	PF19838	LptD protein	214	680	1.9E-151	T	13-04-2026	IPR045659	LPS-assembly protein LptD, central domain	-	-
NZ_CP103120.1_40675-51270:._6	2c4aa36a4dd47fb7ea136aa87757be6e	416	Pfam	PF13476	AAA domain	5	207	1.4E-17	T	13-04-2026	IPR038729	Rad50/SbcC-type AAA domain	-	-
NZ_CP103120.1_40675-51270:._6	2c4aa36a4dd47fb7ea136aa87757be6e	416	CDD	cd00267	ABC_ATPase	240	328	0.00103702	T	13-04-2026	-	-	-	-
NZ_CP123860.1_6049507-6060096:._13	898ec4da8745bc68d0f0285cfe01164c	104	Pfam	PF01527	Transposase	4	77	3.3E-8	T	13-04-2026	IPR002514	Transposase IS3/IS911family	-	-
NZ_CM148644.1_2122378-2132973:._9	b9d659087e639e80032388d119451c7b	273	Pfam	PF18167	SMODS-associated NUDIX domain	67	265	2.1E-62	T	13-04-2026	IPR040829	SMODS-associated NUDIX domain	-	-
NZ_CP072250.1_32706-43298:._7	defa0c2ea6a20ffa9633c4c697456edc	287	CDD	cd06530	S26_SPase_I	197	263	1.01046E-7	T	13-04-2026	IPR019533	Peptidase S26	-	-
NZ_CP072250.1_32706-43298:._7	defa0c2ea6a20ffa9633c4c697456edc	287	CDD	cd06530	S26_SPase_I	33	118	4.71738E-11	T	13-04-2026	IPR019533	Peptidase S26	-	-
NZ_CP072250.1_32706-43298:._7	defa0c2ea6a20ffa9633c4c697456edc	287	Pfam	PF10502	Signal peptidase, peptidase S26	16	267	2.2E-27	T	13-04-2026	IPR019533	Peptidase S26	-	-
NZ_CP094932.1_1506-12110:._10	e2e55804e8720e7f0b50975ff35c369f	196	CDD	cd02042	ParAB_family	3	148	7.89122E-33	T	13-04-2026	-	-	-	-
NZ_CP094932.1_1506-12110:._10	e2e55804e8720e7f0b50975ff35c369f	196	Pfam	PF01656	CobQ/CobB/MinD/ParA nucleotide binding domain	5	165	1.7E-15	T	13-04-2026	IPR002586	CobQ/CobB/MinD/ParA nucleotide binding domain	-	-
NZ_CP089538.1_2617236-2627807:._2	f7db16d009cef96fef6b4fc8a8dde614	149	Pfam	PF00072	Response regulator receiver domain	22	132	6.3E-9	T	13-04-2026	IPR001789	Signal transduction response regulator, receiver domain	-	-
NZ_CP094932.1_1506-12110:._4	71f1f4f100dbe90cdf0aa3f9e22543ba	315	Pfam	PF00589	Phage integrase family	128	291	4.2E-34	T	13-04-2026	IPR002104	Integrase, catalytic domain	-	-
NZ_CP094932.1_1506-12110:._4	71f1f4f100dbe90cdf0aa3f9e22543ba	315	Pfam	PF13495	Phage integrase, N-terminal SAM-like domain	29	89	1.8E-4	T	13-04-2026	IPR004107	Integrase, SAM-like, N-terminal	-	-
NZ_CP056032.1_1770823-1781409:._9	5c000478e216cb5ffc34197af4dcc0a8	95	Pfam	PF01527	Transposase	5	70	4.4E-8	T	13-04-2026	IPR002514	Transposase IS3/IS911family	-	-
NZ_CP095413.1_5460829-5471271:._9	6351748279de5589a4827ccac596aeb6	529	Pfam	PF00171	Aldehyde dehydrogenase family	40	494	4.2E-92	T	13-04-2026	IPR015590	Aldehyde dehydrogenase domain	-	-
NZ_CP095413.1_5460829-5471271:._9	6351748279de5589a4827ccac596aeb6	529	CDD	cd07082	ALDH_F11_NP-GAPDH	19	502	0.0	T	13-04-2026	-	-	-	-
NZ_CP193656.1_3635614-3646293:._11	5101503a1958d9a180bf59a24be3c11f	215	Pfam	PF02586	SOS response associated peptidase (SRAP)	1	186	1.5E-42	T	13-04-2026	IPR003738	SOS response associated peptidase (SRAP)	-	-
NZ_CP104875.1_2250589-2261184:._6	f2a882c0828fef9c9e10dc9b531153fc	198	Pfam	PF00239	Resolvase, N terminal domain	3	136	7.7E-45	T	13-04-2026	IPR006119	Resolvase, N-terminal catalytic domain	-	-
NZ_CP104875.1_2250589-2261184:._6	f2a882c0828fef9c9e10dc9b531153fc	198	CDD	cd03768	SR_ResInv	2	126	4.35603E-63	T	13-04-2026	-	-	-	-
NZ_CP104875.1_2250589-2261184:._6	f2a882c0828fef9c9e10dc9b531153fc	198	Pfam	PF02796	Helix-turn-helix domain of resolvase	156	184	0.012	T	13-04-2026	IPR006120	Resolvase, HTH domain	-	-
NZ_CP071547.1_2251581-2262176:._6	f2a882c0828fef9c9e10dc9b531153fc	198	Pfam	PF00239	Resolvase, N terminal domain	3	136	7.7E-45	T	13-04-2026	IPR006119	Resolvase, N-terminal catalytic domain	-	-
NZ_CP071547.1_2251581-2262176:._6	f2a882c0828fef9c9e10dc9b531153fc	198	CDD	cd03768	SR_ResInv	2	126	4.35603E-63	T	13-04-2026	-	-	-	-
NZ_CP071547.1_2251581-2262176:._6	f2a882c0828fef9c9e10dc9b531153fc	198	Pfam	PF02796	Helix-turn-helix domain of resolvase	156	184	0.012	T	13-04-2026	IPR006120	Resolvase, HTH domain	-	-
NZ_CP030851.1_33300-43901:._4	6c68ee79ec297e1471760b854664bc86	215	Pfam	PF00072	Response regulator receiver domain	4	116	2.3E-20	T	13-04-2026	IPR001789	Signal transduction response regulator, receiver domain	-	-
NZ_CP030851.1_33300-43901:._4	6c68ee79ec297e1471760b854664bc86	215	CDD	cd17535	REC_NarL-like	4	120	1.51873E-35	T	13-04-2026	-	-	-	-
NZ_CP030851.1_33300-43901:._4	6c68ee79ec297e1471760b854664bc86	215	CDD	cd06170	LuxR_C_like	154	210	1.84589E-15	T	13-04-2026	IPR000792	Transcription regulator LuxR, C-terminal	-	-
NZ_CP030851.1_33300-43901:._4	6c68ee79ec297e1471760b854664bc86	215	Pfam	PF00196	Bacterial regulatory proteins, luxR family	153	208	1.2E-15	T	13-04-2026	IPR000792	Transcription regulator LuxR, C-terminal	-	-
NZ_CP048222.1_66079-76653:._9	26a7596781d703fa781fbf0b307776b9	215	CDD	cd06170	LuxR_C_like	155	211	4.33308E-13	T	13-04-2026	IPR000792	Transcription regulator LuxR, C-terminal	-	-
NZ_CP048222.1_66079-76653:._9	26a7596781d703fa781fbf0b307776b9	215	Pfam	PF00196	Bacterial regulatory proteins, luxR family	154	208	5.6E-11	T	13-04-2026	IPR000792	Transcription regulator LuxR, C-terminal	-	-
NZ_CP199307.1_2979816-2990453:._2	49e1371786c547e9ca2e95d4697a952f	1021	Pfam	PF20473	MmeI, DNA-methyltransferase domain	338	517	3.9E-7	T	13-04-2026	IPR046816	MmeI-like, DNA-methyltransferase domain	-	-
NZ_CP056032.1_3024565-3035151:._3	74f6a47fc7b748a43cd3267b19e8dda8	100	Pfam	PF03544	Gram-negative bacterial TonB protein C-terminal	38	100	3.2E-8	T	13-04-2026	IPR037682	TonB, C-terminal	-	-
NC_010830.1_107438-117994:._9	84c6325dc164f5d0d0c1bfa85b7631a4	83	Pfam	PF01649	Ribosomal protein S20	2	81	1.8E-19	T	13-04-2026	IPR002583	Small ribosomal subunit protein bS20	-	-
NZ_CP094669.1_3816073-3826653:._9	71012e847d4ae9333d4fb5e15528daab	424	Pfam	PF05272	Virulence-associated protein E-like domain	135	334	1.5E-36	T	13-04-2026	IPR007936	Virulence-associated protein E-like domain	-	-
NZ_CP020104.1_7258622-7269187:._8	f6bff0bf59a994a0a5e99e2a9822763a	522	Pfam	PF07859	alpha/beta hydrolase fold	141	245	4.1E-6	T	13-04-2026	IPR013094	Alpha/beta hydrolase fold-3	-	-
NZ_CP020104.1_7258622-7269187:._8	f6bff0bf59a994a0a5e99e2a9822763a	522	CDD	cd04501	SGNH_hydrolase_like_4	341	516	1.03615E-74	T	13-04-2026	-	-	-	-
NZ_CP020104.1_7258622-7269187:._8	f6bff0bf59a994a0a5e99e2a9822763a	522	Pfam	PF13472	GDSL-like Lipase/Acylhydrolase family	345	507	1.6E-21	T	13-04-2026	IPR013830	SGNH hydrolase-type esterase domain	-	-
NZ_CP117880.1_3051631-3062205:._5	99fae996a06c447af6eb01b345acc7d1	95	CDD	cd00093	HTH_XRE	4	61	1.88055E-14	T	13-04-2026	IPR001387	Cro/C1-type helix-turn-helix domain	-	-
NZ_CP117880.1_3051631-3062205:._5	99fae996a06c447af6eb01b345acc7d1	95	Pfam	PF01381	Helix-turn-helix	7	60	3.3E-12	T	13-04-2026	IPR001387	Cro/C1-type helix-turn-helix domain	-	-
NC_015160.1_3554654-3565171:._1	2a5ee5119de2c07760acfe4e2d2ed93b	151	Pfam	PF09832	Uncharacterized protein conserved in bacteria (DUF2059)	78	137	1.5E-15	T	13-04-2026	IPR018637	Domain of unknown function DUF2059	-	-
NZ_LT906459.1_3554432-3565048:._2	2a5ee5119de2c07760acfe4e2d2ed93b	151	Pfam	PF09832	Uncharacterized protein conserved in bacteria (DUF2059)	78	137	1.5E-15	T	13-04-2026	IPR018637	Domain of unknown function DUF2059	-	-
NZ_CP072215.1_43945-54537:._1	cf3ea171b054ade8e01b7b1d7a90c187	203	Pfam	PF02796	Helix-turn-helix domain of resolvase	163	198	0.051	T	13-04-2026	IPR006120	Resolvase, HTH domain	-	-
NZ_CP072215.1_43945-54537:._1	cf3ea171b054ade8e01b7b1d7a90c187	203	CDD	cd03768	SR_ResInv	7	138	2.04232E-22	T	13-04-2026	-	-	-	-
NZ_CP072215.1_43945-54537:._1	cf3ea171b054ade8e01b7b1d7a90c187	203	Pfam	PF00239	Resolvase, N terminal domain	1	147	1.4E-22	T	13-04-2026	IPR006119	Resolvase, N-terminal catalytic domain	-	-
NZ_CP092371.1_10906-21471:._10	c4c47f060ebf73fc9ca6702f7b437ec4	155	Pfam	PF00717	Peptidase S24-like	29	143	1.0E-15	T	13-04-2026	IPR015927	Peptidase S24/S26A/S26B/S26C	-	-
NZ_CP092371.1_10906-21471:._10	c4c47f060ebf73fc9ca6702f7b437ec4	155	CDD	cd06462	Peptidase_S24_S26	64	143	1.17645E-10	T	13-04-2026	-	-	-	-
NZ_LR735258.1_6136832-6147391:._10	b2360feb94e34c4f3bdef64b1ff755ff	403	Pfam	PF00872	Transposase, Mutator family	13	378	9.8E-97	T	13-04-2026	IPR001207	Transposase, mutator type	-	-
NZ_CP152475.1_3982608-3993212:._8	fef339ab86e86c89752a27dc3890d111	201	CDD	cd03768	SR_ResInv	2	126	3.52882E-58	T	13-04-2026	-	-	-	-
NZ_CP152475.1_3982608-3993212:._8	fef339ab86e86c89752a27dc3890d111	201	Pfam	PF00239	Resolvase, N terminal domain	3	135	8.8E-41	T	13-04-2026	IPR006119	Resolvase, N-terminal catalytic domain	-	-
NC_010830.1_107438-117994:._5	46e714eb533c1ab54ac0f63d141d05ba	185	CDD	cd03768	SR_ResInv	3	129	1.85824E-47	T	13-04-2026	-	-	-	-
NC_010830.1_107438-117994:._5	46e714eb533c1ab54ac0f63d141d05ba	185	Pfam	PF02796	Helix-turn-helix domain of resolvase	141	180	2.8E-9	T	13-04-2026	IPR006120	Resolvase, HTH domain	-	-
NC_010830.1_107438-117994:._5	46e714eb533c1ab54ac0f63d141d05ba	185	Pfam	PF00239	Resolvase, N terminal domain	4	137	3.2E-34	T	13-04-2026	IPR006119	Resolvase, N-terminal catalytic domain	-	-
NZ_CP120354.1_48892-59487:._7	9b772267c706021c01e3172c32bad0d9	284	Pfam	PF13310	Virulence protein RhuM family	72	134	2.5E-16	T	13-04-2026	IPR011204	Virulence protein RhuM-like	-	-
NZ_CP071550.1_2125019-2135659:._1	397fd1105e85c693f56fe6f998ed3f06	259	Pfam	PF16162	Kiwa protein KwaB-like	62	245	2.7E-31	T	13-04-2026	IPR032359	Kiwa protein KwaB-like	-	-
NZ_CP033913.1_24170-34774:._5	a671acda1d9e26f03c29cafd4c4d52df	315	Pfam	PF04471	Restriction endonuclease	177	283	3.9E-4	T	13-04-2026	IPR007560	Restriction endonuclease type IV, Mrr	-	-
NZ_CP033916.1_37049-47653:._5	a671acda1d9e26f03c29cafd4c4d52df	315	Pfam	PF04471	Restriction endonuclease	177	283	3.9E-4	T	13-04-2026	IPR007560	Restriction endonuclease type IV, Mrr	-	-
NZ_CP120354.1_48892-59487:._5	35e6f573e6e2e47d456cac1ec66feef5	198	Pfam	PF00239	Resolvase, N terminal domain	3	135	4.4E-41	T	13-04-2026	IPR006119	Resolvase, N-terminal catalytic domain	-	-
NZ_CP120354.1_48892-59487:._5	35e6f573e6e2e47d456cac1ec66feef5	198	CDD	cd03768	SR_ResInv	2	126	2.02282E-61	T	13-04-2026	-	-	-	-
NZ_CP120354.1_48892-59487:._5	35e6f573e6e2e47d456cac1ec66feef5	198	Pfam	PF02796	Helix-turn-helix domain of resolvase	138	184	0.018	T	13-04-2026	IPR006120	Resolvase, HTH domain	-	-
NZ_CP030854.1_26986-37599:._6	bd64862fbcb7b05f7fcbdc03b0e44877	186	Pfam	PF13036	Peptidoglycan-synthase activator LpoB	26	147	0.14	T	13-04-2026	IPR014094	Penicillin-binding protein activator LpoB	-	-
NZ_CP141186.1_35393-45964:._12	f79a1c90a7a67b3a043d3b09beea3b9c	310	CDD	cd00130	PAS	151	253	2.70745E-13	T	13-04-2026	IPR000014	PAS domain	-	-
NZ_CP141186.1_35393-45964:._12	f79a1c90a7a67b3a043d3b09beea3b9c	310	Pfam	PF08447	PAS fold	165	249	6.1E-12	T	13-04-2026	IPR013655	PAS fold-3	-	-
NZ_CP141186.1_35393-45964:._12	f79a1c90a7a67b3a043d3b09beea3b9c	310	Pfam	PF08447	PAS fold	35	123	4.8E-9	T	13-04-2026	IPR013655	PAS fold-3	-	-
NZ_CP066883.1_3742481-3753091:._6	31eb55e007e4db0a060e1003bc2da38f	203	Pfam	PF00239	Resolvase, N terminal domain	3	135	4.5E-43	T	13-04-2026	IPR006119	Resolvase, N-terminal catalytic domain	-	-
NZ_CP066883.1_3742481-3753091:._6	31eb55e007e4db0a060e1003bc2da38f	203	CDD	cd03768	SR_ResInv	2	126	3.93714E-60	T	13-04-2026	-	-	-	-
NZ_CP053911.1_48024-58688:._5	efb8f148e120c61e3ab56b3b365c45fc	221	CDD	cd03768	SR_ResInv	26	149	6.27168E-60	T	13-04-2026	-	-	-	-
NZ_CP053911.1_48024-58688:._5	efb8f148e120c61e3ab56b3b365c45fc	221	Pfam	PF00239	Resolvase, N terminal domain	26	158	8.8E-43	T	13-04-2026	IPR006119	Resolvase, N-terminal catalytic domain	-	-
NZ_CP020104.1_7258622-7269187:._3	e6b3c4b836f08b91dd0f4146a51fbbe2	284	Pfam	PF00561	alpha/beta hydrolase fold	41	141	2.2E-16	T	13-04-2026	IPR000073	Alpha/beta hydrolase fold-1	-	-
NZ_CP120354.1_48892-59487:._3	cfe94d750b019e36e8e62ecaf0fbf279	196	Pfam	PF19570	Family of unknown function (DUF6088)	9	172	3.0E-46	T	13-04-2026	IPR045738	Protein of unknown function DUF6088	-	-
NZ_CP059732.1_8769055-8779602:._2	f8bd381cc34bf802dbc3d31f4ae653d2	494	CDD	cd00146	PKD	34	107	2.24434E-6	T	13-04-2026	-	-	-	-
NZ_CP059732.1_8769055-8779602:._2	f8bd381cc34bf802dbc3d31f4ae653d2	494	CDD	cd00146	PKD	203	262	1.14225E-6	T	13-04-2026	-	-	-	-
NZ_CP059732.1_8769055-8779602:._2	f8bd381cc34bf802dbc3d31f4ae653d2	494	CDD	cd00146	PKD	113	184	1.3078E-4	T	13-04-2026	-	-	-	-
NZ_CP059732.1_8769055-8779602:._2	f8bd381cc34bf802dbc3d31f4ae653d2	494	Pfam	PF18911	PKD domain	48	101	6.0E-9	T	13-04-2026	-	-	-	-
NZ_CP059732.1_8769055-8779602:._2	f8bd381cc34bf802dbc3d31f4ae653d2	494	Pfam	PF18911	PKD domain	204	261	9.3E-11	T	13-04-2026	-	-	-	-
NZ_CP059732.1_8769055-8779602:._2	f8bd381cc34bf802dbc3d31f4ae653d2	494	Pfam	PF18911	PKD domain	133	184	1.5E-5	T	13-04-2026	-	-	-	-
NZ_CP114768.1_24102-34712:._2	128f50bd1daaff80582b55681c467bb1	117	Pfam	PF18050	Cyclophilin-like family	7	115	1.7E-28	T	13-04-2026	IPR041183	Cyclophilin-like	-	-
NZ_CP172273.1_2772056-2782690:._1	7aec79cfc978c2620b57bf207a7ae8a6	281	Pfam	PF13155	Toprim-like	160	244	2.9E-10	T	13-04-2026	-	-	-	-
NZ_CM148647.1_2723775-2734409:._1	7aec79cfc978c2620b57bf207a7ae8a6	281	Pfam	PF13155	Toprim-like	160	244	2.9E-10	T	13-04-2026	-	-	-	-
NZ_CP193656.1_3635614-3646293:._6	96c443d4b6d2b1dd9fddc9981f85b451	229	Pfam	PF04471	Restriction endonuclease	1	106	1.3E-17	T	13-04-2026	IPR007560	Restriction endonuclease type IV, Mrr	-	-
NZ_CP135989.1_1706394-1716983:._13	138fdab415d73b39a096fe0e08fecbe7	229	Pfam	PF00109	Beta-ketoacyl synthase, N-terminal domain	3	228	1.9E-14	T	13-04-2026	IPR014030	Beta-ketoacyl synthase, N-terminal	-	-
NZ_CP081299.1_7408552-7419153:._7	4a42dd8a0f772c4b7120b17281b9d65c	184	Pfam	PF11667	Putative zincin peptidase	60	160	6.6E-14	T	13-04-2026	IPR021683	Putative zincin peptidase	-	-
NZ_CP081299.1_7408552-7419153:._11	196f4b3b35474a01014928ddd0df3642	138	CDD	cd16345	LMWP_ArsC	3	134	4.91891E-78	T	13-04-2026	-	-	-	-
NZ_CP081299.1_7408552-7419153:._11	196f4b3b35474a01014928ddd0df3642	138	Pfam	PF01451	Low molecular weight phosphotyrosine protein phosphatase	4	132	1.5E-17	T	13-04-2026	IPR023485	Phosphotyrosine protein phosphatase I	-	-
NZ_CP065589.1_4744455-4755017:._1	86a82104494c86e33837b3670976c87f	113	Pfam	PF06527	TniQ	2	110	1.4E-5	T	13-04-2026	IPR009492	TniQ	-	-
NZ_CP121110.1_2169661-2180256:._7	955d27f6296ffbd859698948564c6c33	355	Pfam	PF01408	Oxidoreductase family, NAD-binding Rossmann fold	19	136	2.1E-25	T	13-04-2026	IPR000683	Gfo/Idh/MocA-like oxidoreductase, N-terminal	-	-
NZ_CP121110.1_2169661-2180256:._7	955d27f6296ffbd859698948564c6c33	355	Pfam	PF02894	Oxidoreductase family, C-terminal alpha/beta domain	152	330	2.5E-4	T	13-04-2026	IPR004104	Gfo/Idh/MocA-like oxidoreductase, C-terminal	-	-
NZ_CP011318.1_3761958-3772556:._8	a5a7e0b4e36db16f9b1bb01c0fdc0c5f	286	Pfam	PF19898	Domain of unknown function (DUF6371)	92	239	1.4E-39	T	13-04-2026	IPR045951	Domain of unknown function DUF6371	-	-
NZ_CP143637.1_150213-160817:._7	10532ce5e8c471e5d3f67eb122aad964	201	Pfam	PF00239	Resolvase, N terminal domain	3	135	3.8E-41	T	13-04-2026	IPR006119	Resolvase, N-terminal catalytic domain	-	-
NZ_CP143637.1_150213-160817:._7	10532ce5e8c471e5d3f67eb122aad964	201	CDD	cd03768	SR_ResInv	2	126	4.67433E-59	T	13-04-2026	-	-	-	-
NZ_CP116008.1_388998-399602:._14	23ce14ad65108a3404fd7fd681e4a41e	437	Pfam	PF03534	Salmonella virulence plasmid 65kDa B protein	63	142	1.5E-6	T	13-04-2026	IPR003284	Salmonella virulence plasmid 65kDa B protein	-	-
NZ_CP121110.1_2169661-2180256:._1	5890257adf44e6b278e2b61c01f9f1c9	442	Pfam	PF02518	Histidine kinase-, DNA gyrase B-, and HSP90-like ATPase	331	424	8.9E-8	T	13-04-2026	IPR003594	Histidine kinase/HSP90-like ATPase	-	-
NZ_CP114285.2_2034346-2044935:._7	9f5e055d81c7ec469de3a65b1e0a7045	89	Pfam	PF01381	Helix-turn-helix	28	82	7.4E-5	T	13-04-2026	IPR001387	Cro/C1-type helix-turn-helix domain	-	-
NZ_CP114285.2_2034346-2044935:._7	9f5e055d81c7ec469de3a65b1e0a7045	89	CDD	cd00093	HTH_XRE	25	82	3.20514E-9	T	13-04-2026	IPR001387	Cro/C1-type helix-turn-helix domain	-	-
NC_018743.1_17897-28507:._6	002a95bda3fe7dfa1c78d402d55c2035	270	Pfam	PF02661	Fic/DOC family	88	198	1.7E-12	T	13-04-2026	IPR003812	Fido domain	-	-
NZ_CP033913.1_24170-34774:._7	f0f7395b3edd7ac26f465a18bf0c76af	639	Pfam	PF00580	UvrD/REP helicase N-terminal domain	37	286	9.6E-21	T	13-04-2026	IPR014016	UvrD-like helicase, ATP-binding domain	-	-
NZ_CP033916.1_37049-47653:._3	f0f7395b3edd7ac26f465a18bf0c76af	639	Pfam	PF00580	UvrD/REP helicase N-terminal domain	37	286	9.6E-21	T	13-04-2026	IPR014016	UvrD-like helicase, ATP-binding domain	-	-
NZ_CP073240.1_22748-33310:._11	46a8d95b4d33d186a0e2eceaf3dfe3cc	326	Pfam	PF13936	Helix-turn-helix domain	3	44	3.2E-6	T	13-04-2026	IPR025246	Transposase IS30-like HTH domain	-	-
NZ_CP090557.1_2770991-2781580:._16	2817714a5c4cae08827c8c416866f21f	789	Pfam	PF19263	Family of unknown function (DUF5906)	471	577	0.0015	T	13-04-2026	IPR045455	NrS-1 polymerase-like, helicase domain	-	-
NZ_CP090557.1_2770991-2781580:._16	2817714a5c4cae08827c8c416866f21f	789	CDD	cd01029	TOPRIM_primases	72	150	5.70572E-6	T	13-04-2026	IPR034154	Archaeal primase DnaG/twinkle-like, TOPRIM domain	-	-
NZ_OZ409839.1_326389-336990:._8	a0ab8a201d18cd23bd063918f46f87b2	342	Pfam	PF02368	Bacterial Ig-like domain (group 2)	29	98	1.5E-7	T	13-04-2026	IPR003343	Bacterial Ig-like domain, group 2	-	-
NZ_OZ409839.1_326389-336990:._8	a0ab8a201d18cd23bd063918f46f87b2	342	Pfam	PF02368	Bacterial Ig-like domain (group 2)	111	180	2.2E-9	T	13-04-2026	IPR003343	Bacterial Ig-like domain, group 2	-	-
NZ_CM148647.1_2723775-2734409:._9	90203a71945eac21733be40f5510d63f	331	Pfam	PF13310	Virulence protein RhuM family	62	317	5.1E-114	T	13-04-2026	IPR011204	Virulence protein RhuM-like	-	-
NZ_CP172273.1_2772056-2782690:._9	90203a71945eac21733be40f5510d63f	331	Pfam	PF13310	Virulence protein RhuM family	62	317	5.1E-114	T	13-04-2026	IPR011204	Virulence protein RhuM-like	-	-
NZ_CP087585.1_3158408-3169009:._7	d6db27480c3f2ca0525ef72949edabf4	367	Pfam	PF03235	Protein of unknown function DUF262	51	189	2.3E-23	T	13-04-2026	IPR004919	Domain of unknown function DUF262	-	-
NZ_CP059856.1_56025-66620:._5	650d65f7e35fb16dc9d6589e7339f037	1463	Pfam	PF20155	Tape measure protein	68	253	1.1E-24	T	13-04-2026	IPR013491	Tape measure protein N-terminal	-	-
NZ_OY997410.1_1109465-1119655:._1	331e9db9ea3d37d207718effceba8494	286	Pfam	PF07715	TonB-dependent Receptor Plug Domain	89	191	4.6E-20	T	13-04-2026	IPR012910	TonB-dependent receptor, plug domain	-	-
NZ_CP055156.1_2346348-2356955:._1	d2e6bc9be84e3b0caffa7933a42097b5	1515	Pfam	PF18962	Secretion system C-terminal sorting domain	1436	1511	3.1E-4	T	13-04-2026	IPR026444	Secretion system C-terminal sorting domain	-	-
NZ_CP023402.1_2692148-2702740:._9	af005138da64d3e4d118af2a340094a1	283	Pfam	PF13541	Subunit ChlI of Mg-chelatase	20	141	1.6E-42	T	13-04-2026	-	-	-	-
NZ_CP023402.1_2692148-2702740:._9	af005138da64d3e4d118af2a340094a1	283	Pfam	PF01078	Magnesium chelatase, subunit ChlI	193	281	2.8E-33	T	13-04-2026	IPR000523	Magnesium chelatase ChlI-like, catalytic domain	-	-
NZ_CP023401.1_2656649-2667241:._9	af005138da64d3e4d118af2a340094a1	283	Pfam	PF13541	Subunit ChlI of Mg-chelatase	20	141	1.6E-42	T	13-04-2026	-	-	-	-
NZ_CP023401.1_2656649-2667241:._9	af005138da64d3e4d118af2a340094a1	283	Pfam	PF01078	Magnesium chelatase, subunit ChlI	193	281	2.8E-33	T	13-04-2026	IPR000523	Magnesium chelatase ChlI-like, catalytic domain	-	-
NZ_CP023404.1_2692148-2702740:._9	af005138da64d3e4d118af2a340094a1	283	Pfam	PF13541	Subunit ChlI of Mg-chelatase	20	141	1.6E-42	T	13-04-2026	-	-	-	-
NZ_CP023404.1_2692148-2702740:._9	af005138da64d3e4d118af2a340094a1	283	Pfam	PF01078	Magnesium chelatase, subunit ChlI	193	281	2.8E-33	T	13-04-2026	IPR000523	Magnesium chelatase ChlI-like, catalytic domain	-	-
NZ_CP023403.1_2692148-2702740:._9	af005138da64d3e4d118af2a340094a1	283	Pfam	PF13541	Subunit ChlI of Mg-chelatase	20	141	1.6E-42	T	13-04-2026	-	-	-	-
NZ_CP023403.1_2692148-2702740:._9	af005138da64d3e4d118af2a340094a1	283	Pfam	PF01078	Magnesium chelatase, subunit ChlI	193	281	2.8E-33	T	13-04-2026	IPR000523	Magnesium chelatase ChlI-like, catalytic domain	-	-
NZ_CP050063.1_5052396-5062973:._10	238badab771796c03fb4181d683aa263	149	CDD	cd06529	S24_LexA-like	61	142	3.98817E-20	T	13-04-2026	IPR039418	LexA-like	-	-
NZ_CP050063.1_5052396-5062973:._10	238badab771796c03fb4181d683aa263	149	Pfam	PF00717	Peptidase S24-like	25	141	7.2E-23	T	13-04-2026	IPR015927	Peptidase S24/S26A/S26B/S26C	-	-
NZ_CP114291.2_1703538-1714145:._1	64954d48f85e1c898e2ddfea20efe766	929	Pfam	PF12951	Passenger-associated-transport-repeat	666	695	9.2E-5	T	13-04-2026	IPR013425	Autotransporter-associated beta strand repeat	-	-
NZ_CP114291.2_1703538-1714145:._1	64954d48f85e1c898e2ddfea20efe766	929	Pfam	PF12951	Passenger-associated-transport-repeat	369	398	0.91	T	13-04-2026	IPR013425	Autotransporter-associated beta strand repeat	-	-
NZ_CP114291.2_1703538-1714145:._1	64954d48f85e1c898e2ddfea20efe766	929	Pfam	PF12951	Passenger-associated-transport-repeat	110	134	11.0	T	13-04-2026	IPR013425	Autotransporter-associated beta strand repeat	-	-
NZ_CP114291.2_1703538-1714145:._1	64954d48f85e1c898e2ddfea20efe766	929	Pfam	PF12951	Passenger-associated-transport-repeat	468	493	1.6	T	13-04-2026	IPR013425	Autotransporter-associated beta strand repeat	-	-
NZ_CP114291.2_1703538-1714145:._1	64954d48f85e1c898e2ddfea20efe766	929	Pfam	PF18962	Secretion system C-terminal sorting domain	857	927	7.6E-7	T	13-04-2026	IPR026444	Secretion system C-terminal sorting domain	-	-
NZ_CP081299.1_7408552-7419153:._6	b1e7a8e140d7f7e16ea98ee88d5a90cc	200	Pfam	PF00239	Resolvase, N terminal domain	4	136	1.5E-42	T	13-04-2026	IPR006119	Resolvase, N-terminal catalytic domain	-	-
NZ_CP081299.1_7408552-7419153:._6	b1e7a8e140d7f7e16ea98ee88d5a90cc	200	CDD	cd03768	SR_ResInv	3	127	9.8704E-60	T	13-04-2026	-	-	-	-
NZ_AP029022.1_2742988-2753550:._4	9047974986cab7c42160b823def1d470	102	Pfam	PF20137	Family of unknown function (DUF6527)	28	84	2.2E-20	T	13-04-2026	IPR045384	Protein of unknown function DUF6527	-	-
NZ_CP196751.1_37266-47864:._10	472c827e9478cbef808071a0d3870985	426	Pfam	PF07693	KAP family P-loop domain	106	366	2.1E-26	T	13-04-2026	IPR011646	KAP family P-loop domain	-	-
NZ_CP091786.1_2541119-2551678:._4	4c63419687a1e85b3848d36e10368716	505	Pfam	PF13657	HipA N-terminal domain	6	119	2.0E-6	T	13-04-2026	IPR017508	HipA, N-terminal subdomain 1	-	-
NZ_CP091786.1_2541119-2551678:._4	4c63419687a1e85b3848d36e10368716	505	Pfam	PF07804	HipA-like C-terminal domain	168	385	4.9E-36	T	13-04-2026	IPR012893	HipA-like, C-terminal	-	-
NZ_CP147988.1_142083-152681:._13	59e15bd48f78edf7e2bba646a7fcff01	175	Pfam	PF20290	ABC-three component (ABC-3C) system Middle Component 4	34	156	5.1E-22	T	13-04-2026	IPR046902	ABC-three component system, Middle Component 4	-	-
NZ_CP020104.1_7258622-7269187:._6	45bf91ab8f799051d9475428e2747b15	154	Pfam	PF08808	RES domain	4	143	5.3E-22	T	13-04-2026	IPR014914	RES domain	-	-
NZ_CP015068.2_3107290-3117846:._7	e6d6548d288f3ed344c717ae55d4bf94	356	Pfam	PF06114	IrrE N-terminal-like domain	173	271	3.8E-9	T	13-04-2026	IPR010359	IrrE N-terminal-like domain	-	-
NZ_CP015068.2_3107290-3117846:._7	e6d6548d288f3ed344c717ae55d4bf94	356	Pfam	PF01381	Helix-turn-helix	11	47	0.054	T	13-04-2026	IPR001387	Cro/C1-type helix-turn-helix domain	-	-
NZ_CP015068.2_3107290-3117846:._7	e6d6548d288f3ed344c717ae55d4bf94	356	CDD	cd00093	HTH_XRE	11	54	3.1075E-5	T	13-04-2026	IPR001387	Cro/C1-type helix-turn-helix domain	-	-
NZ_CP015066.2_3107290-3117846:._7	e6d6548d288f3ed344c717ae55d4bf94	356	Pfam	PF06114	IrrE N-terminal-like domain	173	271	3.8E-9	T	13-04-2026	IPR010359	IrrE N-terminal-like domain	-	-
NZ_CP015066.2_3107290-3117846:._7	e6d6548d288f3ed344c717ae55d4bf94	356	Pfam	PF01381	Helix-turn-helix	11	47	0.054	T	13-04-2026	IPR001387	Cro/C1-type helix-turn-helix domain	-	-
NZ_CP015066.2_3107290-3117846:._7	e6d6548d288f3ed344c717ae55d4bf94	356	CDD	cd00093	HTH_XRE	11	54	3.1075E-5	T	13-04-2026	IPR001387	Cro/C1-type helix-turn-helix domain	-	-
NZ_CP015067.2_3107290-3117846:._7	e6d6548d288f3ed344c717ae55d4bf94	356	Pfam	PF06114	IrrE N-terminal-like domain	173	271	3.8E-9	T	13-04-2026	IPR010359	IrrE N-terminal-like domain	-	-
NZ_CP015067.2_3107290-3117846:._7	e6d6548d288f3ed344c717ae55d4bf94	356	Pfam	PF01381	Helix-turn-helix	11	47	0.054	T	13-04-2026	IPR001387	Cro/C1-type helix-turn-helix domain	-	-
NZ_CP015067.2_3107290-3117846:._7	e6d6548d288f3ed344c717ae55d4bf94	356	CDD	cd00093	HTH_XRE	11	54	3.1075E-5	T	13-04-2026	IPR001387	Cro/C1-type helix-turn-helix domain	-	-
NZ_CP014805.2_3107290-3117846:._7	e6d6548d288f3ed344c717ae55d4bf94	356	Pfam	PF06114	IrrE N-terminal-like domain	173	271	3.8E-9	T	13-04-2026	IPR010359	IrrE N-terminal-like domain	-	-
NZ_CP014805.2_3107290-3117846:._7	e6d6548d288f3ed344c717ae55d4bf94	356	Pfam	PF01381	Helix-turn-helix	11	47	0.054	T	13-04-2026	IPR001387	Cro/C1-type helix-turn-helix domain	-	-
NZ_CP014805.2_3107290-3117846:._7	e6d6548d288f3ed344c717ae55d4bf94	356	CDD	cd00093	HTH_XRE	11	54	3.1075E-5	T	13-04-2026	IPR001387	Cro/C1-type helix-turn-helix domain	-	-
NZ_CP059732.1_8769055-8779602:._10	ee0ccffaee161473009adead2bea0e99	173	Pfam	PF00872	Transposase, Mutator family	19	158	5.3E-34	T	13-04-2026	IPR001207	Transposase, mutator type	-	-
NZ_OX030782.1_4641479-4652074:._7	0f61a3bf63161d13ef7d5548b915a805	198	CDD	cd03768	SR_ResInv	6	132	6.7087E-26	T	13-04-2026	-	-	-	-
NZ_OX030782.1_4641479-4652074:._7	0f61a3bf63161d13ef7d5548b915a805	198	Pfam	PF00239	Resolvase, N terminal domain	5	140	5.4E-20	T	13-04-2026	IPR006119	Resolvase, N-terminal catalytic domain	-	-
NZ_CP119422.1_5694152-5704711:._12	662d4ed2d5ce5d6871150b7308f27806	377	Pfam	PF18476	PIN like domain	24	237	2.0E-60	T	13-04-2026	IPR041578	PIN like domain, group 8	-	-
NZ_CP036556.1_1-10022:._15	f470d1518c6e21510fa538e9aa2247d8	946	Pfam	PF19044	TraG P-loop domain	385	523	9.1E-35	T	13-04-2026	IPR043964	TraG, P-loop domain	-	-
NZ_CP036556.1_1-10022:._15	f470d1518c6e21510fa538e9aa2247d8	946	Pfam	PF19044	TraG P-loop domain	620	888	2.9E-77	T	13-04-2026	IPR043964	TraG, P-loop domain	-	-
NZ_CP133672.1_35799-46355:._10	3f2e241d771fb01cee6f9a3a473da26c	249	Pfam	PF17955	Cas6b N-terminal domain	19	124	2.1E-20	T	13-04-2026	IPR041528	Cas6b N-terminal	-	-
NZ_CP133672.1_35799-46355:._10	3f2e241d771fb01cee6f9a3a473da26c	249	Pfam	PF17262	Cas6b C-terminal domain	130	239	1.2E-32	T	13-04-2026	IPR020209	Cas6b, C-terminal domain	-	-
NZ_CP152475.1_3982608-3993212:._6	9a3c3f2c0814e070f53ac7682da6b8b0	396	Pfam	PF12094	Protein of unknown function (DUF3570)	110	355	7.5E-27	T	13-04-2026	IPR021953	Protein of unknown function DUF3570	-	-
NZ_CP051682.1_46407-57116:._2	166209282f2a0d8426a4889dc5d35cc1	479	Pfam	PF13229	Right handed beta helix region	214	383	5.0E-5	T	13-04-2026	IPR039448	Right handed beta helix domain	-	-
NZ_CP050995.1_3127917-3138476:._5	5ceb25610e7620bdea9eab7baf7a2f24	186	CDD	cd03768	SR_ResInv	2	127	5.23022E-56	T	13-04-2026	-	-	-	-
NZ_CP050995.1_3127917-3138476:._5	5ceb25610e7620bdea9eab7baf7a2f24	186	Pfam	PF02796	Helix-turn-helix domain of resolvase	144	183	0.041	T	13-04-2026	IPR006120	Resolvase, HTH domain	-	-
NZ_CP050995.1_3127917-3138476:._5	5ceb25610e7620bdea9eab7baf7a2f24	186	Pfam	PF00239	Resolvase, N terminal domain	2	136	6.4E-38	T	13-04-2026	IPR006119	Resolvase, N-terminal catalytic domain	-	-
NZ_CP115859.1_474741-485300:._14	60ebf98da54aad5112ef0d1b32051761	108	CDD	cd00090	HTH_ARSR	8	87	5.24258E-18	T	13-04-2026	IPR011991	ArsR-like helix-turn-helix domain	-	-
NZ_CP115859.1_474741-485300:._14	60ebf98da54aad5112ef0d1b32051761	108	Pfam	PF12840	Helix-turn-helix domain	11	59	2.6E-7	T	13-04-2026	-	-	-	-
NZ_CP094675.1_7755-18323:._1	08b7ca26e9fb0cbeb211389b43cb461e	616	Pfam	PF08448	PAS fold	132	238	2.1E-14	T	13-04-2026	IPR013656	PAS fold-4	-	-
NZ_CP094675.1_7755-18323:._1	08b7ca26e9fb0cbeb211389b43cb461e	616	CDD	cd00130	PAS	134	234	7.84853E-5	T	13-04-2026	IPR000014	PAS domain	-	-
NZ_CP094675.1_7755-18323:._1	08b7ca26e9fb0cbeb211389b43cb461e	616	Pfam	PF13188	PAS domain	419	486	4.0	T	13-04-2026	IPR000014	PAS domain	-	-
NZ_CP094675.1_7755-18323:._1	08b7ca26e9fb0cbeb211389b43cb461e	616	Pfam	PF13426	PAS domain	30	65	1300.0	T	13-04-2026	IPR000014	PAS domain	-	-
NZ_CP094675.1_7755-18323:._1	08b7ca26e9fb0cbeb211389b43cb461e	616	Pfam	PF01590	GAF domain	268	404	3.2E-9	T	13-04-2026	IPR003018	GAF domain	-	-
NZ_CM148647.1_2391999-2402636:._13	84ccffdd754ad94d42833ee4a6af7f6e	217	Pfam	PF09603	Fibrobacter succinogenes major domain (Fib_succ_major)	61	215	1.7E-7	T	13-04-2026	IPR011871	Fibrobacter succinogenes major paralogous domain	-	-
NZ_CP036547.1_5524-14930:._5	2af881248ea3e84448b8adcaab24b0d0	197	Pfam	PF00239	Resolvase, N terminal domain	3	135	2.2E-39	T	13-04-2026	IPR006119	Resolvase, N-terminal catalytic domain	-	-
NZ_CP036547.1_5524-14930:._5	2af881248ea3e84448b8adcaab24b0d0	197	CDD	cd03768	SR_ResInv	2	126	5.9845E-56	T	13-04-2026	-	-	-	-
NZ_CP036540.1_72561-83153:._7	2af881248ea3e84448b8adcaab24b0d0	197	Pfam	PF00239	Resolvase, N terminal domain	3	135	2.2E-39	T	13-04-2026	IPR006119	Resolvase, N-terminal catalytic domain	-	-
NZ_CP036540.1_72561-83153:._7	2af881248ea3e84448b8adcaab24b0d0	197	CDD	cd03768	SR_ResInv	2	126	5.9845E-56	T	13-04-2026	-	-	-	-
NZ_CP072373.1_1796422-1806798:._5	22b5c23cd44d6adf9ffa7fa71b3257d8	155	Pfam	PF08989	Domain of unknown function (DUF1896)	4	146	8.2E-57	T	13-04-2026	IPR015082	Protein of unknown function DUF1896	-	-
NZ_CP072342.1_391022-401398:._4	22b5c23cd44d6adf9ffa7fa71b3257d8	155	Pfam	PF08989	Domain of unknown function (DUF1896)	4	146	8.2E-57	T	13-04-2026	IPR015082	Protein of unknown function DUF1896	-	-
NZ_CP072364.1_68924-79300:._5	22b5c23cd44d6adf9ffa7fa71b3257d8	155	Pfam	PF08989	Domain of unknown function (DUF1896)	4	146	8.2E-57	T	13-04-2026	IPR015082	Protein of unknown function DUF1896	-	-
NZ_CP094531.1_39741-50303:._9	fade26bdba4c130175c9315310c7d537	286	Pfam	PF04326	Schlafen, AlbA_2	174	274	0.0022	T	13-04-2026	IPR007421	Schlafen, AlbA_2 domain	-	-
NZ_CP125988.1_20809-31371:._12	ea5d5684f7178f9df71a2184b32373f0	818	Pfam	PF02518	Histidine kinase-, DNA gyrase B-, and HSP90-like ATPase	694	799	0.0071	T	13-04-2026	IPR003594	Histidine kinase/HSP90-like ATPase	-	-
NZ_CP125988.1_20809-31371:._12	ea5d5684f7178f9df71a2184b32373f0	818	Pfam	PF02384	N-6 DNA Methylase	107	375	1.6E-25	T	13-04-2026	IPR003356	DNA methylase, adenine-specific	-	-
NZ_CP125998.1_20809-31371:._12	ea5d5684f7178f9df71a2184b32373f0	818	Pfam	PF02518	Histidine kinase-, DNA gyrase B-, and HSP90-like ATPase	694	799	0.0071	T	13-04-2026	IPR003594	Histidine kinase/HSP90-like ATPase	-	-
NZ_CP125998.1_20809-31371:._12	ea5d5684f7178f9df71a2184b32373f0	818	Pfam	PF02384	N-6 DNA Methylase	107	375	1.6E-25	T	13-04-2026	IPR003356	DNA methylase, adenine-specific	-	-
NZ_CP037428.1_20809-31371:._12	ea5d5684f7178f9df71a2184b32373f0	818	Pfam	PF02518	Histidine kinase-, DNA gyrase B-, and HSP90-like ATPase	694	799	0.0071	T	13-04-2026	IPR003594	Histidine kinase/HSP90-like ATPase	-	-
NZ_CP037428.1_20809-31371:._12	ea5d5684f7178f9df71a2184b32373f0	818	Pfam	PF02384	N-6 DNA Methylase	107	375	1.6E-25	T	13-04-2026	IPR003356	DNA methylase, adenine-specific	-	-
NZ_CP033929.1_1742755-1753359:._11	1f7aac4481b66c015d198abf2767d816	431	Pfam	PF13101	Protein of unknown function (DUF3945)	279	328	4.6E-13	T	13-04-2026	IPR025222	Domain of unknown function DUF3945	-	-
NZ_CP033929.1_1742755-1753359:._11	1f7aac4481b66c015d198abf2767d816	431	Pfam	PF13351	Protein of unknown function (DUF4099)	155	236	1.1E-15	T	13-04-2026	IPR025343	Protein of unknown function DUF4099	-	-
NZ_CP147519.1_306556-317139:._5	e27f2b1241c9548139acc9273c87aa0e	276	Pfam	PF07929	Plasmid pRiA4b ORF-3-like protein	61	198	1.7E-38	T	13-04-2026	IPR012912	Plasmid pRiA4b, Orf3	-	-
NZ_CP152355.1_5086-14492:._5	d365fa370afd8884508d6a4537f6e909	197	CDD	cd03768	SR_ResInv	3	126	2.42715E-61	T	13-04-2026	-	-	-	-
NZ_CP152355.1_5086-14492:._5	d365fa370afd8884508d6a4537f6e909	197	Pfam	PF00239	Resolvase, N terminal domain	4	136	1.4E-42	T	13-04-2026	IPR006119	Resolvase, N-terminal catalytic domain	-	-
NZ_OZ260103.1_4084383-4094978:._4	ed3d8827aec50352cb8701d970cd726b	350	CDD	cd00315	Cyt_C5_DNA_methylase	28	345	1.84883E-111	T	13-04-2026	-	-	-	-
NZ_OZ260103.1_4084383-4094978:._4	ed3d8827aec50352cb8701d970cd726b	350	Pfam	PF00145	C-5 cytosine-specific DNA methylase	28	344	4.3E-104	T	13-04-2026	IPR001525	C-5 cytosine methyltransferase	-	-
NZ_CP015067.2_3107290-3117846:._6	75d14c0747cd9913a97a291bc421014f	298	Pfam	PF04471	Restriction endonuclease	178	293	4.8E-24	T	13-04-2026	IPR007560	Restriction endonuclease type IV, Mrr	-	-
NZ_CP015066.2_3107290-3117846:._6	75d14c0747cd9913a97a291bc421014f	298	Pfam	PF04471	Restriction endonuclease	178	293	4.8E-24	T	13-04-2026	IPR007560	Restriction endonuclease type IV, Mrr	-	-
NZ_CP014805.2_3107290-3117846:._6	75d14c0747cd9913a97a291bc421014f	298	Pfam	PF04471	Restriction endonuclease	178	293	4.8E-24	T	13-04-2026	IPR007560	Restriction endonuclease type IV, Mrr	-	-
NZ_CP015068.2_3107290-3117846:._6	75d14c0747cd9913a97a291bc421014f	298	Pfam	PF04471	Restriction endonuclease	178	293	4.8E-24	T	13-04-2026	IPR007560	Restriction endonuclease type IV, Mrr	-	-
NZ_CP032819.1_28358-38950:._1	e7bf478bdc770359ce458966ae3b9de3	289	Pfam	PF13520	Amino acid permease	14	276	2.9E-25	T	13-04-2026	IPR002293	Amino acid/polyamine transporter I	-	-
NZ_CP176634.1_1094783-1106443:._4	9e5b8828ad4b25a63e3534825e2cbff2	553	Pfam	PF00239	Resolvase, N terminal domain	7	150	5.0E-19	T	13-04-2026	IPR006119	Resolvase, N-terminal catalytic domain	-	-
NZ_CP176634.1_1094783-1106443:._4	9e5b8828ad4b25a63e3534825e2cbff2	553	Pfam	PF13408	Recombinase zinc beta ribbon domain	285	338	2.4E-4	T	13-04-2026	IPR025827	Recombinase zinc beta ribbon domain	-	-
NZ_CP176634.1_1094783-1106443:._4	9e5b8828ad4b25a63e3534825e2cbff2	553	CDD	cd03768	SR_ResInv	7	105	6.7247E-22	T	13-04-2026	-	-	-	-
NZ_CP176634.1_1094783-1106443:._4	9e5b8828ad4b25a63e3534825e2cbff2	553	Pfam	PF07508	Recombinase	190	272	2.2E-4	T	13-04-2026	IPR011109	DNA-binding recombinase domain	-	-
NZ_OX579588.1_1236768-1247390:._14	ac1f199d698e6df9ac17e650a4659757	310	Pfam	PF13401	AAA domain	98	209	4.1E-10	T	13-04-2026	IPR003593	AAA+ ATPase domain	-	-
NZ_CM148691.1_2392532-2403127:._8	dc040fcdc9474b09960e7b8c00937e3c	198	CDD	cd03768	SR_ResInv	5	133	2.95243E-32	T	13-04-2026	-	-	-	-
NZ_CM148691.1_2392532-2403127:._8	dc040fcdc9474b09960e7b8c00937e3c	198	Pfam	PF00239	Resolvase, N terminal domain	4	142	9.7E-22	T	13-04-2026	IPR006119	Resolvase, N-terminal catalytic domain	-	-
NZ_CM148692.1_2418428-2429023:._8	dc040fcdc9474b09960e7b8c00937e3c	198	CDD	cd03768	SR_ResInv	5	133	2.95243E-32	T	13-04-2026	-	-	-	-
NZ_CM148692.1_2418428-2429023:._8	dc040fcdc9474b09960e7b8c00937e3c	198	Pfam	PF00239	Resolvase, N terminal domain	4	142	9.7E-22	T	13-04-2026	IPR006119	Resolvase, N-terminal catalytic domain	-	-
NZ_CM148689.1_3656431-3667026:._5	dc040fcdc9474b09960e7b8c00937e3c	198	CDD	cd03768	SR_ResInv	5	133	2.95243E-32	T	13-04-2026	-	-	-	-
NZ_CM148689.1_3656431-3667026:._5	dc040fcdc9474b09960e7b8c00937e3c	198	Pfam	PF00239	Resolvase, N terminal domain	4	142	9.7E-22	T	13-04-2026	IPR006119	Resolvase, N-terminal catalytic domain	-	-
NZ_CP022515.1_2251748-2262316:._6	cf7f4c551d67fdf590b711638430fe48	372	Pfam	PF04986	Putative transposase	141	315	9.9E-55	T	13-04-2026	IPR007069	Transposase, IS801/IS1294	-	-
NZ_CP022515.1_2251748-2262316:._6	cf7f4c551d67fdf590b711638430fe48	372	Pfam	PF14319	Transposase zinc-binding domain	10	99	5.6E-31	T	13-04-2026	IPR026889	Transposase zinc-binding domain	-	-
NZ_CP095185.1_951427-961992:._10	9e05bc573f610b6cc075271589bdcc11	137	Pfam	PF13541	Subunit ChlI of Mg-chelatase	20	129	6.1E-39	T	13-04-2026	-	-	-	-
NZ_CP081299.1_1785944-1796431:._10	79e8dc8296ac5741ab5e292b5a8d3cc1	232	Pfam	PF07929	Plasmid pRiA4b ORF-3-like protein	18	155	9.6E-40	T	13-04-2026	IPR012912	Plasmid pRiA4b, Orf3	-	-
NZ_CP033922.1_2373170-2383738:._2	1eeeb858388ad325fe4bb28ca2359d9e	254	Pfam	PF04397	LytTr DNA-binding domain	156	252	5.8E-13	T	13-04-2026	IPR007492	LytTR DNA-binding domain	-	-
NZ_CP033922.1_2373170-2383738:._2	1eeeb858388ad325fe4bb28ca2359d9e	254	Pfam	PF00072	Response regulator receiver domain	6	114	6.6E-9	T	13-04-2026	IPR001789	Signal transduction response regulator, receiver domain	-	-
NZ_CP089538.1_2617236-2627807:._3	d5fd1e177ec3bd474bd6324a6aaf4234	835	CDD	cd00082	HisKA	599	664	1.35417E-8	T	13-04-2026	IPR003661	Signal transduction histidine kinase, dimerisation/phosphoacceptor domain	-	-
NZ_CP089538.1_2617236-2627807:._3	d5fd1e177ec3bd474bd6324a6aaf4234	835	Pfam	PF02518	Histidine kinase-, DNA gyrase B-, and HSP90-like ATPase	711	834	9.6E-19	T	13-04-2026	IPR003594	Histidine kinase/HSP90-like ATPase	-	-
NZ_CP089538.1_2617236-2627807:._3	d5fd1e177ec3bd474bd6324a6aaf4234	835	Pfam	PF00512	His Kinase A (phospho-acceptor) domain	602	666	1.5E-6	T	13-04-2026	IPR003661	Signal transduction histidine kinase, dimerisation/phosphoacceptor domain	-	-
NZ_CP089538.1_2617236-2627807:._3	d5fd1e177ec3bd474bd6324a6aaf4234	835	Pfam	PF08448	PAS fold	447	556	0.016	T	13-04-2026	IPR013656	PAS fold-4	-	-
NZ_CP089538.1_2617236-2627807:._3	d5fd1e177ec3bd474bd6324a6aaf4234	835	Pfam	PF08448	PAS fold	187	296	0.0012	T	13-04-2026	IPR013656	PAS fold-4	-	-
NZ_CP089538.1_2617236-2627807:._3	d5fd1e177ec3bd474bd6324a6aaf4234	835	Pfam	PF08448	PAS fold	314	426	1.2E-5	T	13-04-2026	IPR013656	PAS fold-4	-	-
NZ_CP023402.1_2692148-2702740:._6	93ea1db47bef3af487bdcd4c5dd31cac	179	Pfam	PF07275	Antirestriction protein (ArdA)	13	175	4.0E-19	T	13-04-2026	IPR009899	Antirestriction	-	-
NZ_CP023401.1_2656649-2667241:._6	93ea1db47bef3af487bdcd4c5dd31cac	179	Pfam	PF07275	Antirestriction protein (ArdA)	13	175	4.0E-19	T	13-04-2026	IPR009899	Antirestriction	-	-
NZ_CP023403.1_2692148-2702740:._6	93ea1db47bef3af487bdcd4c5dd31cac	179	Pfam	PF07275	Antirestriction protein (ArdA)	13	175	4.0E-19	T	13-04-2026	IPR009899	Antirestriction	-	-
NZ_CP023404.1_2692148-2702740:._6	93ea1db47bef3af487bdcd4c5dd31cac	179	Pfam	PF07275	Antirestriction protein (ArdA)	13	175	4.0E-19	T	13-04-2026	IPR009899	Antirestriction	-	-
NZ_CP123860.1_6049507-6060096:._4	a0fd2c6cabdaf6ff52ab6baab4735579	157	CDD	cd08071	MPN_DUF2466	54	152	1.50733E-43	T	13-04-2026	IPR025657	RadC-like JAB domain	-	-
NZ_CP123860.1_6049507-6060096:._4	a0fd2c6cabdaf6ff52ab6baab4735579	157	Pfam	PF04002	RadC-like JAB domain	48	156	4.7E-30	T	13-04-2026	IPR025657	RadC-like JAB domain	-	-
NZ_LR735258.1_6136832-6147391:._11	edc55b779f2d1cec8cc9b6bfb9f230bd	396	Pfam	PF13683	Integrase core domain	255	318	1.6E-8	T	13-04-2026	IPR001584	Integrase, catalytic core	-	-
NZ_LR735258.1_6136832-6147391:._11	edc55b779f2d1cec8cc9b6bfb9f230bd	396	Pfam	PF13551	Winged helix-turn helix	11	72	4.2E-11	T	13-04-2026	-	-	-	-
NZ_CP192719.1_483286-494961:._5	3d25dbeeff4d8cf3855fde4b32e9ac7a	558	Pfam	PF07508	Recombinase	186	272	6.8E-12	T	13-04-2026	IPR011109	DNA-binding recombinase domain	-	-
NZ_CP192719.1_483286-494961:._5	3d25dbeeff4d8cf3855fde4b32e9ac7a	558	CDD	cd00338	Ser_Recombinase	7	143	1.20137E-19	T	13-04-2026	-	-	-	-
NZ_CP192719.1_483286-494961:._5	3d25dbeeff4d8cf3855fde4b32e9ac7a	558	Pfam	PF13408	Recombinase zinc beta ribbon domain	285	342	6.6E-6	T	13-04-2026	IPR025827	Recombinase zinc beta ribbon domain	-	-
NZ_CP192719.1_483286-494961:._5	3d25dbeeff4d8cf3855fde4b32e9ac7a	558	Pfam	PF00239	Resolvase, N terminal domain	4	148	5.3E-20	T	13-04-2026	IPR006119	Resolvase, N-terminal catalytic domain	-	-
NZ_LR735258.1_6136832-6147391:._4	a879f09736f5fb8c85e308917f94f80b	654	Pfam	PF00326	Prolyl oligopeptidase family	444	653	1.2E-47	T	13-04-2026	IPR001375	Peptidase S9, prolyl oligopeptidase, catalytic domain	-	-
NZ_CP095047.1_89856-100457:._7	bd264b48c6a6041fbe8fc13eda149b90	339	Pfam	PF12902	Ferritin-like	62	289	8.1E-25	T	13-04-2026	IPR026820	Iminophenyl-pyruvate dimer synthase	-	-
NZ_CM148636.1_2123055-2133650:._10	57473bd011f64bd51ee8e0eb420286a6	424	Pfam	PF19658	Family of unknown function (DUF6161)	201	409	1.0E-54	T	13-04-2026	IPR046159	Domain of unknown function DUF6161	-	-
NZ_CP179925.1_611886-623561:._7	4431af3aa20fc4b2b284212911baa276	558	Pfam	PF07508	Recombinase	186	272	8.2E-12	T	13-04-2026	IPR011109	DNA-binding recombinase domain	-	-
NZ_CP179925.1_611886-623561:._7	4431af3aa20fc4b2b284212911baa276	558	Pfam	PF13408	Recombinase zinc beta ribbon domain	285	342	6.6E-6	T	13-04-2026	IPR025827	Recombinase zinc beta ribbon domain	-	-
NZ_CP179925.1_611886-623561:._7	4431af3aa20fc4b2b284212911baa276	558	CDD	cd00338	Ser_Recombinase	7	143	1.13341E-19	T	13-04-2026	-	-	-	-
NZ_CP179925.1_611886-623561:._7	4431af3aa20fc4b2b284212911baa276	558	Pfam	PF00239	Resolvase, N terminal domain	4	148	5.3E-20	T	13-04-2026	IPR006119	Resolvase, N-terminal catalytic domain	-	-
NC_009614.1_2958343-2970018:._7	4431af3aa20fc4b2b284212911baa276	558	Pfam	PF07508	Recombinase	186	272	8.2E-12	T	13-04-2026	IPR011109	DNA-binding recombinase domain	-	-
NC_009614.1_2958343-2970018:._7	4431af3aa20fc4b2b284212911baa276	558	Pfam	PF13408	Recombinase zinc beta ribbon domain	285	342	6.6E-6	T	13-04-2026	IPR025827	Recombinase zinc beta ribbon domain	-	-
NC_009614.1_2958343-2970018:._7	4431af3aa20fc4b2b284212911baa276	558	CDD	cd00338	Ser_Recombinase	7	143	1.13341E-19	T	13-04-2026	-	-	-	-
NC_009614.1_2958343-2970018:._7	4431af3aa20fc4b2b284212911baa276	558	Pfam	PF00239	Resolvase, N terminal domain	4	148	5.3E-20	T	13-04-2026	IPR006119	Resolvase, N-terminal catalytic domain	-	-
NZ_CP179925.1_3024398-3036073:._7	4431af3aa20fc4b2b284212911baa276	558	Pfam	PF07508	Recombinase	186	272	8.2E-12	T	13-04-2026	IPR011109	DNA-binding recombinase domain	-	-
NZ_CP179925.1_3024398-3036073:._7	4431af3aa20fc4b2b284212911baa276	558	Pfam	PF13408	Recombinase zinc beta ribbon domain	285	342	6.6E-6	T	13-04-2026	IPR025827	Recombinase zinc beta ribbon domain	-	-
NZ_CP179925.1_3024398-3036073:._7	4431af3aa20fc4b2b284212911baa276	558	CDD	cd00338	Ser_Recombinase	7	143	1.13341E-19	T	13-04-2026	-	-	-	-
NZ_CP179925.1_3024398-3036073:._7	4431af3aa20fc4b2b284212911baa276	558	Pfam	PF00239	Resolvase, N terminal domain	4	148	5.3E-20	T	13-04-2026	IPR006119	Resolvase, N-terminal catalytic domain	-	-
NC_009614.1_611886-623561:._7	4431af3aa20fc4b2b284212911baa276	558	Pfam	PF07508	Recombinase	186	272	8.2E-12	T	13-04-2026	IPR011109	DNA-binding recombinase domain	-	-
NC_009614.1_611886-623561:._7	4431af3aa20fc4b2b284212911baa276	558	Pfam	PF13408	Recombinase zinc beta ribbon domain	285	342	6.6E-6	T	13-04-2026	IPR025827	Recombinase zinc beta ribbon domain	-	-
NC_009614.1_611886-623561:._7	4431af3aa20fc4b2b284212911baa276	558	CDD	cd00338	Ser_Recombinase	7	143	1.13341E-19	T	13-04-2026	-	-	-	-
NC_009614.1_611886-623561:._7	4431af3aa20fc4b2b284212911baa276	558	Pfam	PF00239	Resolvase, N terminal domain	4	148	5.3E-20	T	13-04-2026	IPR006119	Resolvase, N-terminal catalytic domain	-	-
NZ_CP022986.1_896566-907170:._3	bed376b614aed70ab4767505cec7f613	91	Pfam	PF19647	Family of unknown function (DUF6150)	3	85	2.4E-6	T	13-04-2026	IPR046148	Protein of unknown function DUF6150	-	-
NZ_CP199727.1_3386737-3397341:._1	fec53ed3a02a93f4f4dad5be48bc8299	147	CDD	cd01029	TOPRIM_primases	17	89	4.98907E-7	T	13-04-2026	IPR034154	Archaeal primase DnaG/twinkle-like, TOPRIM domain	-	-
NZ_CP199727.1_3386737-3397341:._1	fec53ed3a02a93f4f4dad5be48bc8299	147	Pfam	PF13155	Toprim-like	19	103	2.7E-11	T	13-04-2026	-	-	-	-
NZ_CP050063.1_6370496-6381115:._9	03e378e66f2768fd6e5364f1612aec23	161	Pfam	PF08808	RES domain	6	151	1.0E-15	T	13-04-2026	IPR014914	RES domain	-	-
NZ_CP130738.1_353416-363531:._5	9f287e65a42130fd5e793258044e36df	598	Pfam	PF00593	TonB dependent receptor	264	593	9.7E-6	T	13-04-2026	IPR000531	TonB-dependent receptor-like, beta-barrel	-	-
NZ_CP130738.1_353416-363531:._5	9f287e65a42130fd5e793258044e36df	598	Pfam	PF13715	CarboxypepD_reg-like domain	18	99	3.3E-13	T	13-04-2026	-	-	-	-
NZ_CP130738.1_353416-363531:._5	9f287e65a42130fd5e793258044e36df	598	Pfam	PF07715	TonB-dependent Receptor Plug Domain	109	216	1.6E-13	T	13-04-2026	IPR012910	TonB-dependent receptor, plug domain	-	-
NZ_CP119422.1_5694152-5704711:._11	ccfa8a0b6eef3dbb1e7f331719dbdd94	868	Pfam	PF07693	KAP family P-loop domain	163	428	2.6E-39	T	13-04-2026	IPR011646	KAP family P-loop domain	-	-
NZ_CP147519.1_306556-317139:._1	108f252e25867b5a8d8d952089f0d9d5	240	Pfam	PF01120	Alpha-L-fucosidase	17	105	6.6E-19	T	13-04-2026	IPR000933	Glycoside hydrolase, family 29	-	-
NZ_CP182860.1_3198816-3209453:._2	29f2710ed428b04911e9a645ed3c0791	249	CDD	cd09007	NP-I_spr0068	26	245	2.64044E-73	T	13-04-2026	-	-	-	-
NZ_CP182860.1_3198816-3209453:._2	29f2710ed428b04911e9a645ed3c0791	249	Pfam	PF01048	Phosphorylase superfamily	58	217	2.0E-17	T	13-04-2026	IPR000845	Nucleoside phosphorylase domain	-	-
NZ_CM148646.1_2068858-2079456:._8	365273f6b14886bd01962d5fdebc2c1b	513	Pfam	PF07505	Protein of unknown function (DUF5131)	81	216	1.1E-8	T	13-04-2026	IPR011101	Protein of unknown function DUF5131	-	-
NZ_CM148646.1_2068858-2079456:._8	365273f6b14886bd01962d5fdebc2c1b	513	Pfam	PF02195	ParB/Sulfiredoxin domain	286	337	0.0058	T	13-04-2026	IPR003115	ParB/Sulfiredoxin	-	-
NZ_CP192720.1_1244432-1254811:._8	9f63ebfc46c865a038d02911198993d9	303	Pfam	PF12833	Helix-turn-helix domain	198	276	3.5E-12	T	13-04-2026	IPR018060	DNA binding HTH domain, AraC-type	-	-
NZ_CM148644.1_2122378-2132973:._10	02286b0fea4b48f83f525e7e6532182d	408	Pfam	PF00069	Protein kinase domain	7	265	1.4E-30	T	13-04-2026	IPR000719	Protein kinase domain	-	-
NZ_CM148639.1_2745888-2756492:._8	54ea6d2d20af030e55422bf96518b05a	168	Pfam	PF01526	Tn3 transposase DDE domain	1	150	7.3E-51	T	13-04-2026	IPR002513	Tn3 transposase DDE domain	-	-
NZ_CP059973.1_3139427-3151240:._7	ea49d3ea5067562f52142b3e9f0c07d1	493	Pfam	PF00873	AcrB/AcrD/AcrF family	1	489	2.1E-51	T	13-04-2026	IPR001036	Acriflavin resistance protein	-	-
NZ_CP095848.1_1084049-1094167:._5	7464b39c8af317faca2939c405710e7e	540	Pfam	PF06739	Beta-propeller repeat	336	364	2.2E-4	T	13-04-2026	IPR010620	Beta-propeller repeat	-	-
NZ_CP049908.1_18286-28899:._2	9193f44d6694c9ca27f1c594c7e780e9	519	Pfam	PF01833	IPT/TIG domain	338	407	0.007	T	13-04-2026	IPR002909	IPT domain	-	-
NZ_CP049908.1_18286-28899:._2	9193f44d6694c9ca27f1c594c7e780e9	519	Pfam	PF01833	IPT/TIG domain	256	332	0.0012	T	13-04-2026	IPR002909	IPT domain	-	-
NZ_CP049908.1_18286-28899:._2	9193f44d6694c9ca27f1c594c7e780e9	519	Pfam	PF13517	FG-GAP-like repeat	126	185	5.2E-10	T	13-04-2026	IPR013517	FG-GAP repeat	-	-
NZ_CP049908.1_18286-28899:._2	9193f44d6694c9ca27f1c594c7e780e9	519	Pfam	PF13517	FG-GAP-like repeat	28	86	2.9E-7	T	13-04-2026	IPR013517	FG-GAP repeat	-	-
NZ_CP099631.1_3546-14147:._4	fc411d82df842bbe77c48eea22eadce4	200	Pfam	PF01292	Prokaryotic cytochrome b561	14	181	1.4E-22	T	13-04-2026	IPR011577	Cytochrome b561, bacterial/Ni-hydrogenase	-	-
NZ_CP143637.1_150213-160817:._3	f943ff46b675c30282308b306c849b52	329	Pfam	PF17293	Arm DNA-binding domain	23	97	9.4E-5	T	13-04-2026	IPR035386	Arm, DNA-binding domain	-	-
NZ_CP143637.1_150213-160817:._3	f943ff46b675c30282308b306c849b52	329	Pfam	PF13102	Phage integrase SAM-like domain	109	211	3.1E-15	T	13-04-2026	IPR025269	Phage integrase SAM-like domain	-	-
NZ_CP095413.1_5460829-5471271:._6	1493316c41e1d79ed6d20d24c2211871	147	Pfam	PF00239	Resolvase, N terminal domain	3	101	2.8E-22	T	13-04-2026	IPR006119	Resolvase, N-terminal catalytic domain	-	-
NZ_CP095413.1_5460829-5471271:._6	1493316c41e1d79ed6d20d24c2211871	147	CDD	cd03768	SR_ResInv	2	99	8.9953E-36	T	13-04-2026	-	-	-	-
NZ_CP095413.1_5460829-5471271:._6	1493316c41e1d79ed6d20d24c2211871	147	Pfam	PF00194	Eukaryotic-type carbonic anhydrase	98	143	3.7E-4	T	13-04-2026	IPR001148	Alpha carbonic anhydrase domain	-	-
NC_009614.1_2958343-2970018:._4	b7bdb280c5b080113a6eeccac0958f11	281	CDD	cd02440	AdoMet_MTases	148	247	5.1785E-10	T	13-04-2026	-	-	-	-
NC_009614.1_2958343-2970018:._4	b7bdb280c5b080113a6eeccac0958f11	281	Pfam	PF06325	Ribosomal protein L11 methyltransferase (PrmA)	39	278	6.9E-47	T	13-04-2026	-	-	-	-
NZ_CP179925.1_3024398-3036073:._4	b7bdb280c5b080113a6eeccac0958f11	281	CDD	cd02440	AdoMet_MTases	148	247	5.1785E-10	T	13-04-2026	-	-	-	-
NZ_CP179925.1_3024398-3036073:._4	b7bdb280c5b080113a6eeccac0958f11	281	Pfam	PF06325	Ribosomal protein L11 methyltransferase (PrmA)	39	278	6.9E-47	T	13-04-2026	-	-	-	-
NZ_CP065589.1_4744455-4755017:._9	02ff814e5e1fb09f2a5b0359fa95b461	396	Pfam	PF00149	Calcineurin-like phosphoesterase	7	242	3.5E-10	T	13-04-2026	IPR004843	Calcineurin-like phosphoesterase domain, ApaH type	-	-
NZ_OZ245719.1_5125857-5136431:._2	19add207d508a7510cd158159d0c5930	410	CDD	cd15482	Sialidase_non-viral	72	143	0.00727875	T	13-04-2026	-	-	-	-
NZ_CP121110.1_2169661-2180256:._8	468fc184652782528ab131071761eee7	312	Pfam	PF00909	Ammonium Transporter Family	42	312	1.5E-69	T	13-04-2026	IPR024041	Ammonium transporter AmtB-like domain	-	-
NZ_CP033926.1_4536317-4546921:._5	2952547a5f40e4c4672d3b32f5f5ae7c	279	Pfam	PF13181	Tetratricopeptide repeat	230	257	6.4	T	13-04-2026	IPR019734	Tetratricopeptide repeat	-	-
NZ_CP033926.1_4536317-4546921:._5	2952547a5f40e4c4672d3b32f5f5ae7c	279	Pfam	PF13174	Tetratricopeptide repeat	200	226	39.0	T	13-04-2026	IPR019734	Tetratricopeptide repeat	-	-
NZ_CP014805.2_3107290-3117846:._4	d6be4fb5ea5a838c9a7f6d3d024509e3	350	CDD	cd00038	CAP_ED	173	279	1.3456E-7	T	13-04-2026	IPR000595	Cyclic nucleotide-binding domain	-	-
NZ_CP014805.2_3107290-3117846:._4	d6be4fb5ea5a838c9a7f6d3d024509e3	350	Pfam	PF00027	Cyclic nucleotide-binding domain	191	279	0.0025	T	13-04-2026	IPR000595	Cyclic nucleotide-binding domain	-	-
NZ_CP014805.2_3107290-3117846:._4	d6be4fb5ea5a838c9a7f6d3d024509e3	350	Pfam	PF17761	DUF1016 N-terminal domain	7	142	3.2E-31	T	13-04-2026	IPR041527	YhcG, N-terminal	-	-
NZ_CP015068.2_3107290-3117846:._4	d6be4fb5ea5a838c9a7f6d3d024509e3	350	CDD	cd00038	CAP_ED	173	279	1.3456E-7	T	13-04-2026	IPR000595	Cyclic nucleotide-binding domain	-	-
NZ_CP015068.2_3107290-3117846:._4	d6be4fb5ea5a838c9a7f6d3d024509e3	350	Pfam	PF00027	Cyclic nucleotide-binding domain	191	279	0.0025	T	13-04-2026	IPR000595	Cyclic nucleotide-binding domain	-	-
NZ_CP015068.2_3107290-3117846:._4	d6be4fb5ea5a838c9a7f6d3d024509e3	350	Pfam	PF17761	DUF1016 N-terminal domain	7	142	3.2E-31	T	13-04-2026	IPR041527	YhcG, N-terminal	-	-
NZ_CP015066.2_3107290-3117846:._4	d6be4fb5ea5a838c9a7f6d3d024509e3	350	CDD	cd00038	CAP_ED	173	279	1.3456E-7	T	13-04-2026	IPR000595	Cyclic nucleotide-binding domain	-	-
NZ_CP015066.2_3107290-3117846:._4	d6be4fb5ea5a838c9a7f6d3d024509e3	350	Pfam	PF00027	Cyclic nucleotide-binding domain	191	279	0.0025	T	13-04-2026	IPR000595	Cyclic nucleotide-binding domain	-	-
NZ_CP015066.2_3107290-3117846:._4	d6be4fb5ea5a838c9a7f6d3d024509e3	350	Pfam	PF17761	DUF1016 N-terminal domain	7	142	3.2E-31	T	13-04-2026	IPR041527	YhcG, N-terminal	-	-
NZ_CP015067.2_3107290-3117846:._4	d6be4fb5ea5a838c9a7f6d3d024509e3	350	CDD	cd00038	CAP_ED	173	279	1.3456E-7	T	13-04-2026	IPR000595	Cyclic nucleotide-binding domain	-	-
NZ_CP015067.2_3107290-3117846:._4	d6be4fb5ea5a838c9a7f6d3d024509e3	350	Pfam	PF00027	Cyclic nucleotide-binding domain	191	279	0.0025	T	13-04-2026	IPR000595	Cyclic nucleotide-binding domain	-	-
NZ_CP015067.2_3107290-3117846:._4	d6be4fb5ea5a838c9a7f6d3d024509e3	350	Pfam	PF17761	DUF1016 N-terminal domain	7	142	3.2E-31	T	13-04-2026	IPR041527	YhcG, N-terminal	-	-
NZ_CP198981.1_3845293-3855930:._9	a7cb3e9060473f6e6eaf1d67c324c35d	690	Pfam	PF19838	LptD protein	214	685	4.6E-154	T	13-04-2026	IPR045659	LPS-assembly protein LptD, central domain	-	-
NZ_CP198980.1_1327920-1338557:._1	a7cb3e9060473f6e6eaf1d67c324c35d	690	Pfam	PF19838	LptD protein	214	685	4.6E-154	T	13-04-2026	IPR045659	LPS-assembly protein LptD, central domain	-	-
NZ_CP023010.2_126289-136926:._1	a7cb3e9060473f6e6eaf1d67c324c35d	690	Pfam	PF19838	LptD protein	214	685	4.6E-154	T	13-04-2026	IPR045659	LPS-assembly protein LptD, central domain	-	-
NZ_CP016373.1_1241352-1251989:._1	a7cb3e9060473f6e6eaf1d67c324c35d	690	Pfam	PF19838	LptD protein	214	685	4.6E-154	T	13-04-2026	IPR045659	LPS-assembly protein LptD, central domain	-	-
NZ_CP198979.1_334542-345179:._1	a7cb3e9060473f6e6eaf1d67c324c35d	690	Pfam	PF19838	LptD protein	214	685	4.6E-154	T	13-04-2026	IPR045659	LPS-assembly protein LptD, central domain	-	-
NZ_CP033918.1_3313892-3324232:._4	b32b7935737bfa2925e9bb71beedbbd9	81	Pfam	PF20293	ABC-three component (ABC-3C) system Middle Component 6	3	75	9.2E-13	T	13-04-2026	IPR046897	ABC-three component system, Middle Component 6	-	-
NZ_CP146526.1_6816-17408:._6	636ef69c57b46afd4b2195f8027b5c5b	52	Pfam	PF12161	HsdM N-terminal domain	18	46	0.039	T	13-04-2026	IPR022749	N6 adenine-specific DNA methyltransferase, N-terminal domain	-	-
NZ_CP073240.1_22748-33310:._12	56f3eb5da8bf2819505d0941645261e2	413	Pfam	PF07690	Major Facilitator Superfamily	34	366	7.0E-34	T	13-04-2026	IPR011701	Major facilitator superfamily	-	-
NZ_CP073240.1_22748-33310:._12	56f3eb5da8bf2819505d0941645261e2	413	CDD	cd17320	MFS_MdfA_MDR_like	25	390	2.82717E-72	T	13-04-2026	-	-	-	-
NZ_CP130738.1_353416-363531:._10	4f7cacd1523de37e00290145738fe633	309	Pfam	PF12508	Conjugative transposon, TraM	167	272	3.3E-15	T	13-04-2026	IPR022187	Conjugative transposon, TraM	-	-
NZ_CP033929.1_1742755-1753359:._8	723cbe92d2dd520ecbc3dd8d270ee720	147	CDD	cd08071	MPN_DUF2466	28	141	3.90823E-51	T	13-04-2026	IPR025657	RadC-like JAB domain	-	-
NZ_CP033929.1_1742755-1753359:._8	723cbe92d2dd520ecbc3dd8d270ee720	147	Pfam	PF04002	RadC-like JAB domain	25	145	3.1E-36	T	13-04-2026	IPR025657	RadC-like JAB domain	-	-
NZ_CP091786.1_2541119-2551678:._3	8d76d9b33a3293d1237ad28d644ba3d5	99	CDD	cd00093	HTH_XRE	11	63	5.52043E-9	T	13-04-2026	IPR001387	Cro/C1-type helix-turn-helix domain	-	-
NZ_CP091786.1_2541119-2551678:._3	8d76d9b33a3293d1237ad28d644ba3d5	99	Pfam	PF13560	Helix-turn-helix domain	9	62	3.2E-4	T	13-04-2026	-	-	-	-
NZ_CP140570.1_1595159-1605754:._4	137a956d268e079455f70a053d93c96b	179	Pfam	PF07275	Antirestriction protein (ArdA)	13	175	6.1E-20	T	13-04-2026	IPR009899	Antirestriction	-	-
NZ_CP053911.1_48024-58688:._7	b4ed305c6161a549d39b76e483d9f0b5	84	Pfam	PF01527	Transposase	12	59	0.055	T	13-04-2026	IPR002514	Transposase IS3/IS911family	-	-
NZ_CP133672.1_35799-46355:._6	8f707deac468a73c0239aef1c5dc9349	198	CDD	cd03768	SR_ResInv	2	126	4.33394E-64	T	13-04-2026	-	-	-	-
NZ_CP133672.1_35799-46355:._6	8f707deac468a73c0239aef1c5dc9349	198	Pfam	PF00239	Resolvase, N terminal domain	3	135	4.4E-45	T	13-04-2026	IPR006119	Resolvase, N-terminal catalytic domain	-	-
NZ_CP133672.1_35799-46355:._6	8f707deac468a73c0239aef1c5dc9349	198	Pfam	PF02796	Helix-turn-helix domain of resolvase	138	184	0.002	T	13-04-2026	IPR006120	Resolvase, HTH domain	-	-
NZ_CP050063.1_6370496-6381115:._6	f915a2f22fe8c9f087966f2a0a8d47a9	551	Pfam	PF07693	KAP family P-loop domain	24	293	0.11	T	13-04-2026	IPR011646	KAP family P-loop domain	-	-
NZ_CP176634.1_1094783-1106443:._7	76c5b96ec85db6d81f34efbf3d262741	167	CDD	cd03014	PRX_Atyp2cys	19	164	2.01884E-76	T	13-04-2026	IPR002065	Thiol peroxidase Tpx	-	-
NZ_CP176634.1_1094783-1106443:._7	76c5b96ec85db6d81f34efbf3d262741	167	Pfam	PF08534	Redoxin	19	162	3.2E-29	T	13-04-2026	IPR013740	Redoxin	-	-
NZ_CP030851.1_33300-43901:._7	1dfdce06c60ec7e26ecd490eb57b2fb9	86	Pfam	PF13683	Integrase core domain	29	81	5.3E-4	T	13-04-2026	IPR001584	Integrase, catalytic core	-	-
NZ_CP094675.1_7755-18323:._10	4f21695056e77d352dc8ac69535c0be3	199	CDD	cd03768	SR_ResInv	3	139	1.97865E-31	T	13-04-2026	-	-	-	-
NZ_CP094675.1_7755-18323:._10	4f21695056e77d352dc8ac69535c0be3	199	Pfam	PF00239	Resolvase, N terminal domain	3	148	9.3E-31	T	13-04-2026	IPR006119	Resolvase, N-terminal catalytic domain	-	-
NZ_CP146526.1_6816-17408:._8	278c8a5d2e27d696622c25a52a1cce1b	197	Pfam	PF00239	Resolvase, N terminal domain	4	136	2.1E-42	T	13-04-2026	IPR006119	Resolvase, N-terminal catalytic domain	-	-
NZ_CP146526.1_6816-17408:._8	278c8a5d2e27d696622c25a52a1cce1b	197	CDD	cd03768	SR_ResInv	3	126	3.02041E-61	T	13-04-2026	-	-	-	-
NZ_CP146522.1_14016-24608:._9	278c8a5d2e27d696622c25a52a1cce1b	197	Pfam	PF00239	Resolvase, N terminal domain	4	136	2.1E-42	T	13-04-2026	IPR006119	Resolvase, N-terminal catalytic domain	-	-
NZ_CP146522.1_14016-24608:._9	278c8a5d2e27d696622c25a52a1cce1b	197	CDD	cd03768	SR_ResInv	3	126	3.02041E-61	T	13-04-2026	-	-	-	-
NZ_CP056775.1_980430-990995:._14	e2be233c785907bc10dba38795d6706b	211	Pfam	PF00440	Bacterial regulatory proteins, tetR family	23	69	1.4E-7	T	13-04-2026	IPR001647	DNA-binding HTH domain, TetR-type	-	-
NZ_CP056032.1_1770823-1781409:._10	d83acc9f3c990a4e0b9afcda83293e7e	282	Pfam	PF13276	HTH-like domain	43	96	9.6E-11	T	13-04-2026	IPR025948	HTH-like domain	-	-
NZ_CP056032.1_1770823-1781409:._10	d83acc9f3c990a4e0b9afcda83293e7e	282	Pfam	PF00665	Integrase core domain	120	214	3.4E-20	T	13-04-2026	IPR001584	Integrase, catalytic core	-	-
NZ_CP099631.1_3546-14147:._9	e20d45533c9c28b565e36f3c1b9ee0ab	270	Pfam	PF03572	Peptidase family S41	160	216	3.8E-4	T	13-04-2026	IPR005151	Tail specific protease	-	-
NZ_CP102262.1_1241992-1252575:._5	37dae3ac8fad3a760730eca66d553aea	194	CDD	cd03768	SR_ResInv	4	128	8.20083E-50	T	13-04-2026	-	-	-	-
NZ_CP102262.1_1241992-1252575:._5	37dae3ac8fad3a760730eca66d553aea	194	Pfam	PF00239	Resolvase, N terminal domain	5	137	1.0E-35	T	13-04-2026	IPR006119	Resolvase, N-terminal catalytic domain	-	-
NZ_CP102938.1_14230-24825:._7	2213cc7d0fa091ddba3e477724e6bf89	173	CDD	cd01422	MGS	7	128	1.94146E-66	T	13-04-2026	IPR004363	Methylglyoxal synthase	-	-
NZ_CP102938.1_14230-24825:._7	2213cc7d0fa091ddba3e477724e6bf89	173	Pfam	PF02142	MGS-like domain	32	115	6.0E-5	T	13-04-2026	IPR011607	Methylglyoxal synthase-like domain	-	-
NZ_CP110973.1_5928283-5938851:._10	afbdbfd042eb60c797f6658e21ea30a8	97	Pfam	PF00590	Tetrapyrrole (Corrin/Porphyrin) Methylases	2	96	1.0E-11	T	13-04-2026	IPR000878	Tetrapyrrole methylase	-	-
NZ_CP016374.1_1840671-1851227:._2	4629f450a524a019d581798be6f89d36	239	CDD	cd00009	AAA	93	221	1.71259E-12	T	13-04-2026	-	-	-	-
NZ_CP016374.1_1840671-1851227:._2	4629f450a524a019d581798be6f89d36	239	Pfam	PF01695	IstB-like ATP binding protein	7	238	1.2E-55	T	13-04-2026	IPR002611	IstB-like ATP-binding domain	-	-
NZ_CP081299.1_7335084-7345685:._11	c8f7bd54310f3e62f5cf0621de82b4dc	272	CDD	cd05374	17beta-HSD-like_SDR_c	3	243	1.56944E-93	T	13-04-2026	-	-	-	-
NZ_CP081299.1_7335084-7345685:._11	c8f7bd54310f3e62f5cf0621de82b4dc	272	Pfam	PF00106	short chain dehydrogenase	3	187	5.5E-47	T	13-04-2026	IPR002347	Short-chain dehydrogenase/reductase SDR	-	-
NZ_OZ257252.1_2008577-2019169:._10	ee4e1cac128ac95968f682124bc18e55	244	CDD	cd01185	INTN1_C_like	56	233	4.36907E-49	T	13-04-2026	-	-	-	-
NZ_OZ257252.1_2008577-2019169:._10	ee4e1cac128ac95968f682124bc18e55	244	Pfam	PF00589	Phage integrase family	67	228	7.5E-15	T	13-04-2026	IPR002104	Integrase, catalytic domain	-	-
NZ_CP053911.1_48024-58688:._1	8a3b3db3ff6f789c56b768022dd92ecb	334	Pfam	PF05598	Transposase domain (DUF772)	51	125	7.3E-15	T	13-04-2026	IPR008490	Transposase InsH, N-terminal	-	-
NZ_OZ257252.1_3003352-3013911:._6	31bcfdda498d0e5b553042e738281410	401	Pfam	PF02450	Lecithin:cholesterol acyltransferase	150	205	9.9E-6	T	13-04-2026	IPR003386	Lecithin:cholesterol/phospholipid:diacylglycerol acyltransferase	-	-
NZ_CP146517.1_1634569-1644945:._8	796efc3bdd8965d25ed391d952421c35	728	Pfam	PF00593	TonB dependent receptor	335	686	1.3E-12	T	13-04-2026	IPR000531	TonB-dependent receptor-like, beta-barrel	-	-
NZ_CP146517.1_1634569-1644945:._8	796efc3bdd8965d25ed391d952421c35	728	Pfam	PF07715	TonB-dependent Receptor Plug Domain	124	231	1.4E-12	T	13-04-2026	IPR012910	TonB-dependent receptor, plug domain	-	-
NZ_CP146517.1_1634569-1644945:._8	796efc3bdd8965d25ed391d952421c35	728	Pfam	PF13715	CarboxypepD_reg-like domain	28	114	8.9E-11	T	13-04-2026	-	-	-	-
NC_015703.1_4519906-4530483:._3	81a294300d58c11fed131d021ba50ca1	418	Pfam	PF04307	LexA-binding, inner membrane-associated putative hydrolase	1	135	3.6E-24	T	13-04-2026	IPR007404	LexA-binding, inner membrane-associated putative hydrolase	-	-
NZ_CP117880.1_3051631-3062205:._3	ec1f4c7c24c51db708862cf3ba4fab87	329	Pfam	PF07751	Abi-like protein	56	239	5.0E-55	T	13-04-2026	IPR011664	Abortive infection system protein AbiD/AbiF-like	-	-
NZ_CP094932.1_1506-12110:._12	9f46afeb17ed6d0463a4e4376b122e1a	314	Pfam	PF21205	Initiator Rep protein, WH2	167	227	2.3E-9	T	13-04-2026	-	-	-	-
NZ_CP094932.1_1506-12110:._12	9f46afeb17ed6d0463a4e4376b122e1a	314	Pfam	PF01051	Initiator Replication protein, WH1	17	153	6.8E-27	T	13-04-2026	IPR000525	Initiator Rep protein, WH1 domain	-	-
NZ_CP192719.1_483286-494961:._3	9861b7989640e2a2c0d0d8a4e7beec75	182	Pfam	PF04542	Sigma-70 region 2	10	71	1.7E-8	T	13-04-2026	IPR007627	RNA polymerase sigma-70 region 2	-	-
NZ_CP192719.1_483286-494961:._3	9861b7989640e2a2c0d0d8a4e7beec75	182	CDD	cd06171	Sigma70_r4	112	165	3.58493E-10	T	13-04-2026	-	-	-	-
NZ_CP192719.1_483286-494961:._3	9861b7989640e2a2c0d0d8a4e7beec75	182	Pfam	PF08281	Sigma-70, region 4	113	164	1.4E-11	T	13-04-2026	IPR013249	RNA polymerase sigma factor 70, region 4 type 2	-	-
NZ_CP018939.1_26094-36686:._11	045e8dfba26e472dbec0d5e41c3e263f	263	Pfam	PF08401	N-terminal domain of anti-restriction factor ArdC	1	66	2.0E-5	T	13-04-2026	IPR013610	N-terminal domain of anti-restriction factor ArdC	-	-
NZ_CP018939.1_26094-36686:._11	045e8dfba26e472dbec0d5e41c3e263f	263	Pfam	PF18818	Zincin-like metallopeptidase	123	229	2.3E-25	T	13-04-2026	IPR041459	Polyvalent protein, metallopeptidase domain	-	-
NZ_CP119421.1_5019560-5030119:._7	84c6db0c4c001044b3604c45892e3a3d	306	Pfam	PF12833	Helix-turn-helix domain	225	303	2.3E-16	T	13-04-2026	IPR018060	DNA binding HTH domain, AraC-type	-	-
NZ_CP177162.1_207753-218357:._6	2c88038c6326b4dcdb5b1e486efd45ca	201	CDD	cd03768	SR_ResInv	2	126	1.44052E-58	T	13-04-2026	-	-	-	-
NZ_CP177162.1_207753-218357:._6	2c88038c6326b4dcdb5b1e486efd45ca	201	Pfam	PF00239	Resolvase, N terminal domain	3	135	5.5E-42	T	13-04-2026	IPR006119	Resolvase, N-terminal catalytic domain	-	-
NZ_CP059732.1_8769055-8779602:._7	e7aea93c1f7581336d5faead78bde23f	93	Pfam	PF13565	Homeodomain-like domain	6	80	1.2E-5	T	13-04-2026	-	-	-	-
NZ_CP179925.1_3024398-3036073:._5	5d844b1ae759f44d384ce1d95758a457	86	Pfam	PF00462	Glutaredoxin	4	65	0.025	T	13-04-2026	IPR002109	Glutaredoxin	-	-
NZ_CP179925.1_3024398-3036073:._5	5d844b1ae759f44d384ce1d95758a457	86	CDD	cd02947	TRX_family	7	69	6.68583E-8	T	13-04-2026	-	-	-	-
NC_009614.1_2958343-2970018:._5	5d844b1ae759f44d384ce1d95758a457	86	Pfam	PF00462	Glutaredoxin	4	65	0.025	T	13-04-2026	IPR002109	Glutaredoxin	-	-
NC_009614.1_2958343-2970018:._5	5d844b1ae759f44d384ce1d95758a457	86	CDD	cd02947	TRX_family	7	69	6.68583E-8	T	13-04-2026	-	-	-	-
NZ_CM148686.1_2917064-2927656:._9	c0ad51a081f343605839fa38489329b9	654	Pfam	PF13476	AAA domain	26	266	2.5E-6	T	13-04-2026	IPR038729	Rad50/SbcC-type AAA domain	-	-
NZ_CP047028.1_60104-70729:._15	95e801cf8ee47611801ce47d3cbc0ded	137	Pfam	PF11734	TilS substrate C-terminal domain	62	130	7.6E-4	T	13-04-2026	IPR012796	Lysidine-tRNA(Ile) synthetase, C-terminal	-	-
NZ_CP152475.1_3982608-3993212:._4	496494442b71f21ccbfde130ec87c037	308	Pfam	PF02424	ApbE family	12	292	4.8E-78	T	13-04-2026	IPR024932	Flavin transferase ApbE	-	-
NZ_CP050063.1_5052396-5062973:._4	cef2a056e0f8f5b29d24c7585c23ea94	583	Pfam	PF13304	AAA domain, putative AbiEii toxin, Type IV TA system	23	307	1.3E-13	T	13-04-2026	IPR003959	ATPase, AAA-type, core	-	-
NZ_CP050063.1_5052396-5062973:._4	cef2a056e0f8f5b29d24c7585c23ea94	583	CDD	cd00267	ABC_ATPase	211	322	1.38761E-7	T	13-04-2026	-	-	-	-
NZ_CP111121.1_4947174-4957778:._2	21e951a2225edc95c70b18c6d65480fe	417	Pfam	PF00589	Phage integrase family	223	388	3.2E-14	T	13-04-2026	IPR002104	Integrase, catalytic domain	-	-
NZ_CP111121.1_4947174-4957778:._2	21e951a2225edc95c70b18c6d65480fe	417	CDD	cd01185	INTN1_C_like	227	391	2.97384E-61	T	13-04-2026	-	-	-	-
NZ_CP111121.1_4947174-4957778:._2	21e951a2225edc95c70b18c6d65480fe	417	Pfam	PF13102	Phage integrase SAM-like domain	109	214	1.1E-15	T	13-04-2026	IPR025269	Phage integrase SAM-like domain	-	-
NZ_CP111121.1_4947174-4957778:._2	21e951a2225edc95c70b18c6d65480fe	417	Pfam	PF17293	Arm DNA-binding domain	9	95	1.7E-11	T	13-04-2026	IPR035386	Arm, DNA-binding domain	-	-
NZ_OX596081.1_1428450-1439087:._5	258cc24ce40a64c9709fa6d7471e100b	212	CDD	cd03768	SR_ResInv	19	147	1.49643E-32	T	13-04-2026	-	-	-	-
NZ_OX596081.1_1428450-1439087:._5	258cc24ce40a64c9709fa6d7471e100b	212	Pfam	PF00239	Resolvase, N terminal domain	18	156	4.0E-21	T	13-04-2026	IPR006119	Resolvase, N-terminal catalytic domain	-	-
NZ_OX596082.1_1428453-1439090:._5	258cc24ce40a64c9709fa6d7471e100b	212	CDD	cd03768	SR_ResInv	19	147	1.49643E-32	T	13-04-2026	-	-	-	-
NZ_OX596082.1_1428453-1439090:._5	258cc24ce40a64c9709fa6d7471e100b	212	Pfam	PF00239	Resolvase, N terminal domain	18	156	4.0E-21	T	13-04-2026	IPR006119	Resolvase, N-terminal catalytic domain	-	-
NZ_OZ257252.1_2008577-2019169:._2	75d56bd52cc65f177f5a7a61375a999e	404	Pfam	PF07995	Glucose / Sorbosone dehydrogenase	70	400	7.4E-125	T	13-04-2026	IPR012938	Glucose/Sorbosone dehydrogenase	-	-
NZ_CP094669.1_3816073-3826653:._4	8659768980579c0eb4c1999706a1f515	176	CDD	cd04301	NAT_SF	62	130	1.21923E-9	T	13-04-2026	-	-	-	-
NZ_CP094669.1_3816073-3826653:._4	8659768980579c0eb4c1999706a1f515	176	Pfam	PF00583	Acetyltransferase (GNAT) family	44	148	4.5E-16	T	13-04-2026	IPR000182	GNAT domain	-	-
NZ_CP081299.1_1785944-1796431:._8	0bd7f41a5f3b3101663bc0b87a2bad19	162	CDD	cd03768	SR_ResInv	2	126	2.58167E-61	T	13-04-2026	-	-	-	-
NZ_CP081299.1_1785944-1796431:._8	0bd7f41a5f3b3101663bc0b87a2bad19	162	Pfam	PF00239	Resolvase, N terminal domain	3	136	1.1E-44	T	13-04-2026	IPR006119	Resolvase, N-terminal catalytic domain	-	-
NZ_CP119422.1_4788955-4799508:._7	9e12e2195a1ba315a7014358612b9c48	184	Pfam	PF02796	Helix-turn-helix domain of resolvase	138	180	4.4E-7	T	13-04-2026	IPR006120	Resolvase, HTH domain	-	-
NZ_CP119422.1_4788955-4799508:._7	9e12e2195a1ba315a7014358612b9c48	184	CDD	cd03768	SR_ResInv	2	126	1.13852E-60	T	13-04-2026	-	-	-	-
NZ_CP119422.1_4788955-4799508:._7	9e12e2195a1ba315a7014358612b9c48	184	Pfam	PF00239	Resolvase, N terminal domain	3	135	1.1E-42	T	13-04-2026	IPR006119	Resolvase, N-terminal catalytic domain	-	-
NZ_CP033918.1_3313892-3324232:._5	f18388bfe84becad9929f0b716301457	303	Pfam	PF20275	C-terminal domain 10 of the ABC-three component (ABC-3C) systems	172	300	5.1E-7	T	13-04-2026	IPR046919	ABC-three component systems, C-terminal domain 10	-	-
NZ_CP103239.1_14058-24650:._17	284f66e53494cad5235de2e95c19c672	230	Pfam	PF19044	TraG P-loop domain	1	173	4.0E-53	T	13-04-2026	IPR043964	TraG, P-loop domain	-	-
NZ_CP103197.1_18166-28749:._7	2541dd14c3a40b8a1a6d1c6119cd86a9	376	CDD	cd01335	Radical_SAM	11	215	2.78517E-11	T	13-04-2026	-	-	-	-
NZ_CP103197.1_18166-28749:._7	2541dd14c3a40b8a1a6d1c6119cd86a9	376	Pfam	PF04055	Radical SAM superfamily	6	174	1.1E-24	T	13-04-2026	IPR007197	Radical SAM	-	-
NZ_CP103197.1_18166-28749:._7	2541dd14c3a40b8a1a6d1c6119cd86a9	376	Pfam	PF06969	HemN C-terminal domain	302	363	3.6E-5	T	13-04-2026	IPR010723	HemN, C-terminal	-	-
NZ_CP099631.1_3546-14147:._8	631612cf903a9bacfa5a2b0aaca085da	465	Pfam	PF00144	Beta-lactamase	38	350	2.3E-43	T	13-04-2026	IPR001466	Beta-lactamase-related	-	-
NZ_CP047647.1_190026-200624:._9	1141ce1b06b8992a9cf84875f9c94fb5	282	Pfam	PF07715	TonB-dependent Receptor Plug Domain	114	240	2.1E-12	T	13-04-2026	IPR012910	TonB-dependent receptor, plug domain	-	-
NZ_CP047647.1_190026-200624:._9	1141ce1b06b8992a9cf84875f9c94fb5	282	Pfam	PF13715	CarboxypepD_reg-like domain	25	104	1.4E-14	T	13-04-2026	-	-	-	-
NZ_OZ257252.1_3003352-3013911:._10	a9ab288a9f1c0981819756493e2fbaa2	307	Pfam	PF00126	Bacterial regulatory helix-turn-helix protein, lysR family	5	64	1.5E-12	T	13-04-2026	IPR000847	Transcription regulator HTH, LysR	-	-
NZ_OZ257252.1_3003352-3013911:._10	a9ab288a9f1c0981819756493e2fbaa2	307	Pfam	PF03466	LysR substrate binding domain	89	291	4.5E-33	T	13-04-2026	IPR005119	LysR, substrate-binding	-	-
NZ_CP089538.1_2571047-2581738:._5	92d5fcfed9e665b35862d21296ffc658	595	Pfam	PF13432	Tetratricopeptide repeat	221	270	7.5E-5	T	13-04-2026	-	-	-	-
NZ_CP089538.1_2571047-2581738:._5	92d5fcfed9e665b35862d21296ffc658	595	Pfam	PF00515	Tetratricopeptide repeat	143	174	5.2E-6	T	13-04-2026	IPR001440	Tetratricopeptide repeat 1	-	-
NZ_CP089538.1_2571047-2581738:._5	92d5fcfed9e665b35862d21296ffc658	595	Pfam	PF00515	Tetratricopeptide repeat	73	105	0.0039	T	13-04-2026	IPR001440	Tetratricopeptide repeat 1	-	-
NZ_CP089538.1_2571047-2581738:._5	92d5fcfed9e665b35862d21296ffc658	595	Pfam	PF13414	TPR repeat	188	219	1.8E-4	T	13-04-2026	-	-	-	-
NZ_CP089538.1_2571047-2581738:._5	92d5fcfed9e665b35862d21296ffc658	595	Pfam	PF13181	Tetratricopeptide repeat	108	139	350.0	T	13-04-2026	IPR019734	Tetratricopeptide repeat	-	-
NZ_CP089538.1_2571047-2581738:._5	92d5fcfed9e665b35862d21296ffc658	595	Pfam	PF13181	Tetratricopeptide repeat	41	71	290.0	T	13-04-2026	IPR019734	Tetratricopeptide repeat	-	-
NZ_CP197400.1_1166464-1177041:._10	1828c93d8ad5324af3d36dd9c05dcbeb	507	Pfam	PF03432	Relaxase/Mobilisation nuclease domain	62	246	3.7E-7	T	13-04-2026	IPR005094	MobA/VirD2-like, nuclease domain	-	-
NZ_CP114291.2_1703538-1714145:._6	750626f1da1eb5a5763a0cbaaaf8a35d	1235	Pfam	PF07669	Eco57I restriction-modification methylase	825	935	1.2E-11	T	13-04-2026	IPR011639	Type II methyltransferase M.TaqI-like domain	-	-
NZ_CP114291.2_1703538-1714145:._6	750626f1da1eb5a5763a0cbaaaf8a35d	1235	Pfam	PF20473	MmeI, DNA-methyltransferase domain	534	735	7.6E-4	T	13-04-2026	IPR046816	MmeI-like, DNA-methyltransferase domain	-	-
NZ_AP027044.1_1-9179:._9	ca2b61f759495f6d9681a0a09ed92309	380	Pfam	PF18847	Large polyvalent protein associated domain 29	156	216	5.8E-10	T	13-04-2026	IPR041311	Large polyvalent protein associated domain 29	-	-
NZ_CP133672.1_35799-46355:._7	2236dad887342fc1e4dc9942b726691c	100	CDD	cd09725	Cas2_I_II_III	3	35	3.38244E-8	T	13-04-2026	IPR021127	CRISPR-associated endonuclease Cas2	-	-
NZ_CP133672.1_35799-46355:._7	2236dad887342fc1e4dc9942b726691c	100	Pfam	PF09827	CRISPR associated protein Cas2	1	75	7.6E-10	T	13-04-2026	IPR019199	Virulence-associated protein D / CRISPR associated protein Cas2	-	-
NZ_CP034173.1_1138126-1148700:._1	ed18a69ebab3c48391e47ac040489e60	730	CDD	cd02418	Peptidase_C39B	4	125	2.78425E-47	T	13-04-2026	-	-	-	-
NZ_CP034173.1_1138126-1148700:._1	ed18a69ebab3c48391e47ac040489e60	730	CDD	cd18571	ABC_6TM_peptidase_like	171	464	9.33553E-174	T	13-04-2026	-	-	-	-
NZ_CP034173.1_1138126-1148700:._1	ed18a69ebab3c48391e47ac040489e60	730	Pfam	PF00664	ABC transporter transmembrane region	179	444	1.4E-27	T	13-04-2026	IPR011527	ABC transporter type 1, transmembrane domain	-	-
NZ_CP034173.1_1138126-1148700:._1	ed18a69ebab3c48391e47ac040489e60	730	Pfam	PF00005	ABC transporter	507	655	1.6E-25	T	13-04-2026	IPR003439	ABC transporter-like, ATP-binding domain	-	-
NZ_CP034173.1_1138126-1148700:._1	ed18a69ebab3c48391e47ac040489e60	730	Pfam	PF03412	Peptidase C39 family	4	125	1.4E-30	T	13-04-2026	IPR005074	Peptidase C39, bacteriocin processing	-	-
NZ_CP116008.1_388998-399602:._12	21402123591ee49f4b49c12ae30ac5d0	445	Pfam	PF13174	Tetratricopeptide repeat	38	68	0.0029	T	13-04-2026	IPR019734	Tetratricopeptide repeat	-	-
NZ_CP011318.1_3761958-3772556:._1	a515897619926630b6c18e36c5550d1f	124	Pfam	PF18062	Restriction endonuclease AspBHI N-terminal	27	124	3.2E-30	T	13-04-2026	IPR041409	Restriction endonuclease AspBHI, N-terminal	-	-
NZ_CP091790.1_278519-289078:._9	200ecbac01e848e091237ab5f0011bf9	424	Pfam	PF13635	Domain of unknown function (DUF4143)	200	366	4.4E-20	T	13-04-2026	IPR025420	Domain of unknown function DUF4143	-	-
NZ_CP091790.1_278519-289078:._9	200ecbac01e848e091237ab5f0011bf9	424	Pfam	PF13173	AAA domain	22	136	7.1E-13	T	13-04-2026	IPR041682	AAA domain, group 14	-	-
NZ_CP071530.1_2194749-2205311:._2	72e559bba60ddf3c7a64f2529544d040	380	Pfam	PF01494	FAD binding domain	5	306	1.9E-18	T	13-04-2026	IPR002938	FAD-binding domain	-	-
NZ_CP197400.1_1166464-1177041:._7	65fefff544d2787e7019718503787150	192	Pfam	PF00239	Resolvase, N terminal domain	3	135	2.7E-38	T	13-04-2026	IPR006119	Resolvase, N-terminal catalytic domain	-	-
NZ_CP197400.1_1166464-1177041:._7	65fefff544d2787e7019718503787150	192	Pfam	PF02796	Helix-turn-helix domain of resolvase	138	184	1.8E-6	T	13-04-2026	IPR006120	Resolvase, HTH domain	-	-
NZ_CP197400.1_1166464-1177041:._7	65fefff544d2787e7019718503787150	192	CDD	cd03768	SR_ResInv	3	126	1.579E-54	T	13-04-2026	-	-	-	-
NC_014230.1_965027-975640:._3	13e756f8c193823e5547578a5e533efd	243	Pfam	PF03309	Type III pantothenate kinase	3	194	4.6E-37	T	13-04-2026	IPR004619	Type III pantothenate kinase	-	-
NZ_CP029145.1_1157964-1168115:._1	3cf3c3c1870ac86382f2299dc845d47c	166	Pfam	PF00128	Alpha amylase, catalytic domain	79	157	1.1E-6	T	13-04-2026	IPR006047	Glycosyl hydrolase, family 13, catalytic domain	-	-
NZ_CP104203.1_3298143-3308708:._6	f00899616f9955252ff0be412797aabc	1032	Pfam	PF13289	SIR2-like domain	106	249	2.0E-19	T	13-04-2026	IPR039444	SIR2-like domain	-	-
NZ_AP042451.1_2405721-2415902:._9	2e6d353488739400d33712ee361dcfa0	403	Pfam	PF08534	Redoxin	266	387	3.0E-10	T	13-04-2026	IPR013740	Redoxin	-	-
NZ_AP042451.1_2405721-2415902:._9	2e6d353488739400d33712ee361dcfa0	403	CDD	cd02966	TlpA_like_family	273	385	9.19779E-22	T	13-04-2026	-	-	-	-
NZ_CP073276.1_2893513-2903694:._3	2e6d353488739400d33712ee361dcfa0	403	Pfam	PF08534	Redoxin	266	387	3.0E-10	T	13-04-2026	IPR013740	Redoxin	-	-
NZ_CP073276.1_2893513-2903694:._3	2e6d353488739400d33712ee361dcfa0	403	CDD	cd02966	TlpA_like_family	273	385	9.19779E-22	T	13-04-2026	-	-	-	-
NZ_OZ040189.1_1192087-1202679:._8	8348b84082850818bd88171aae1b80b6	118	Pfam	PF02517	Type II CAAX prenyl endopeptidase Rce1-like	10	107	4.7E-10	T	13-04-2026	IPR003675	Type II CAAX prenyl endopeptidase Rce1-like	-	-
NZ_CP102938.1_14230-24825:._10	1207aa27294de45f1e010e57fb82ff0b	439	CDD	cd01335	Radical_SAM	153	355	4.09482E-7	T	13-04-2026	-	-	-	-
NZ_CP102938.1_14230-24825:._10	1207aa27294de45f1e010e57fb82ff0b	439	Pfam	PF00919	Uncharacterized protein family UPF0004	14	106	7.4E-22	T	13-04-2026	IPR013848	Methylthiotransferase, N-terminal	-	-
NZ_CP102938.1_14230-24825:._10	1207aa27294de45f1e010e57fb82ff0b	439	Pfam	PF04055	Radical SAM superfamily	154	323	1.4E-20	T	13-04-2026	IPR007197	Radical SAM	-	-
NZ_CP073276.1_2893513-2903694:._7	dbb30d87ceb9206a47bacca2008f7e23	516	Pfam	PF03412	Peptidase C39 family	31	117	1.7E-6	T	13-04-2026	IPR005074	Peptidase C39, bacteriocin processing	-	-
NZ_CP073276.1_2893513-2903694:._7	dbb30d87ceb9206a47bacca2008f7e23	516	Pfam	PF13462	Thioredoxin	367	508	7.6E-8	T	13-04-2026	IPR012336	Thioredoxin-like fold	-	-
NZ_CP073276.1_2893513-2903694:._7	dbb30d87ceb9206a47bacca2008f7e23	516	CDD	cd12921	VKOR_4	171	290	1.80218E-34	T	13-04-2026	-	-	-	-
NZ_CP073276.1_2893513-2903694:._7	dbb30d87ceb9206a47bacca2008f7e23	516	Pfam	PF07884	Vitamin K epoxide reductase family	166	290	1.2E-9	T	13-04-2026	IPR012932	Vitamin K epoxide reductase	-	-
NZ_AP042451.1_2405721-2415902:._5	dbb30d87ceb9206a47bacca2008f7e23	516	Pfam	PF03412	Peptidase C39 family	31	117	1.7E-6	T	13-04-2026	IPR005074	Peptidase C39, bacteriocin processing	-	-
NZ_AP042451.1_2405721-2415902:._5	dbb30d87ceb9206a47bacca2008f7e23	516	Pfam	PF13462	Thioredoxin	367	508	7.6E-8	T	13-04-2026	IPR012336	Thioredoxin-like fold	-	-
NZ_AP042451.1_2405721-2415902:._5	dbb30d87ceb9206a47bacca2008f7e23	516	CDD	cd12921	VKOR_4	171	290	1.80218E-34	T	13-04-2026	-	-	-	-
NZ_AP042451.1_2405721-2415902:._5	dbb30d87ceb9206a47bacca2008f7e23	516	Pfam	PF07884	Vitamin K epoxide reductase family	166	290	1.2E-9	T	13-04-2026	IPR012932	Vitamin K epoxide reductase	-	-
NZ_CP147519.1_306556-317139:._9	6fcc62719cf69b1c1a5fb9c68d4e941f	310	Pfam	PF07676	WD40-like Beta Propeller Repeat	226	240	540.0	T	13-04-2026	IPR011659	WD40-like beta propeller	-	-
NZ_CP147519.1_306556-317139:._9	6fcc62719cf69b1c1a5fb9c68d4e941f	310	Pfam	PF07676	WD40-like Beta Propeller Repeat	61	96	0.0045	T	13-04-2026	IPR011659	WD40-like beta propeller	-	-
NZ_CP147519.1_306556-317139:._9	6fcc62719cf69b1c1a5fb9c68d4e941f	310	Pfam	PF07676	WD40-like Beta Propeller Repeat	166	186	3.7E-4	T	13-04-2026	IPR011659	WD40-like beta propeller	-	-
NZ_CP147519.1_306556-317139:._9	6fcc62719cf69b1c1a5fb9c68d4e941f	310	Pfam	PF07676	WD40-like Beta Propeller Repeat	104	133	0.078	T	13-04-2026	IPR011659	WD40-like beta propeller	-	-
NC_018721.1_2552203-2562816:._6	80d63df933b8ae9c1230ec4ca1b4acc2	448	Pfam	PF01548	Transposase	16	156	3.2E-16	T	13-04-2026	IPR002525	Transposase IS110-like, N-terminal	-	-
NC_018721.1_2552203-2562816:._6	80d63df933b8ae9c1230ec4ca1b4acc2	448	Pfam	PF02371	Transposase IS116/IS110/IS902 family	295	365	1.9E-5	T	13-04-2026	IPR003346	Transposase IS116/IS110/IS902, C-terminal	-	-
NZ_CP146526.1_6816-17408:._4	e2549345de517ddfaf62048a4687fa11	136	Pfam	PF10686	YspA, cpYpsA-related SLOG family	21	87	6.1E-13	T	13-04-2026	IPR019627	YspA, cpYpsA-related SLOG family	-	-
NZ_CP072215.1_43945-54537:._7	d2ecd41483fd434e99ea58a88618f06f	299	Pfam	PF12833	Helix-turn-helix domain	213	290	7.4E-13	T	13-04-2026	IPR018060	DNA binding HTH domain, AraC-type	-	-
NZ_CP130738.1_353416-363531:._6	43a0ff68fa9fcd410ca5d1673aa7f7f4	161	Pfam	PF00239	Resolvase, N terminal domain	13	110	3.6E-25	T	13-04-2026	IPR006119	Resolvase, N-terminal catalytic domain	-	-
NZ_CP130738.1_353416-363531:._6	43a0ff68fa9fcd410ca5d1673aa7f7f4	161	CDD	cd03768	SR_ResInv	13	101	8.48475E-35	T	13-04-2026	-	-	-	-
NZ_CP011318.1_3761958-3772556:._2	75054c3684d8c3c1e096d339a9ff9832	534	Pfam	PF13408	Recombinase zinc beta ribbon domain	293	349	1.3E-7	T	13-04-2026	IPR025827	Recombinase zinc beta ribbon domain	-	-
NZ_CP011318.1_3761958-3772556:._2	75054c3684d8c3c1e096d339a9ff9832	534	Pfam	PF00239	Resolvase, N terminal domain	3	150	4.3E-19	T	13-04-2026	IPR006119	Resolvase, N-terminal catalytic domain	-	-
NZ_CP011318.1_3761958-3772556:._2	75054c3684d8c3c1e096d339a9ff9832	534	CDD	cd00338	Ser_Recombinase	4	140	9.04689E-29	T	13-04-2026	-	-	-	-
NZ_CP011318.1_3761958-3772556:._2	75054c3684d8c3c1e096d339a9ff9832	534	Pfam	PF07508	Recombinase	173	277	4.7E-11	T	13-04-2026	IPR011109	DNA-binding recombinase domain	-	-
NZ_OZ409872.1_1033845-1044446:._3	d3394a32d1d5036fbfc74a82e7938e19	146	Pfam	PF07291	Methylamine utilisation protein MauE	10	135	1.0E-20	T	13-04-2026	IPR009908	Methylamine utilisation protein, MauE	-	-
NZ_CM143123.1_1-9276:._3	16682a19fc4c9a0d82e1d2731f95567f	179	Pfam	PF07275	Antirestriction protein (ArdA)	13	175	7.4E-21	T	13-04-2026	IPR009899	Antirestriction	-	-
NZ_CP077751.1_1700941-1711578:._5	16682a19fc4c9a0d82e1d2731f95567f	179	Pfam	PF07275	Antirestriction protein (ArdA)	13	175	7.4E-21	T	13-04-2026	IPR009899	Antirestriction	-	-
NZ_OX596084.1_1719772-1730409:._5	16682a19fc4c9a0d82e1d2731f95567f	179	Pfam	PF07275	Antirestriction protein (ArdA)	13	175	7.4E-21	T	13-04-2026	IPR009899	Antirestriction	-	-
NZ_CP199307.1_2979816-2990453:._5	16682a19fc4c9a0d82e1d2731f95567f	179	Pfam	PF07275	Antirestriction protein (ArdA)	13	175	7.4E-21	T	13-04-2026	IPR009899	Antirestriction	-	-
NZ_CP077754.1_1712170-1722807:._5	16682a19fc4c9a0d82e1d2731f95567f	179	Pfam	PF07275	Antirestriction protein (ArdA)	13	175	7.4E-21	T	13-04-2026	IPR009899	Antirestriction	-	-
NZ_CM143116.1_2524405-2535042:._4	16682a19fc4c9a0d82e1d2731f95567f	179	Pfam	PF07275	Antirestriction protein (ArdA)	13	175	7.4E-21	T	13-04-2026	IPR009899	Antirestriction	-	-
NZ_CM143122.1_219845-230482:._5	16682a19fc4c9a0d82e1d2731f95567f	179	Pfam	PF07275	Antirestriction protein (ArdA)	13	175	7.4E-21	T	13-04-2026	IPR009899	Antirestriction	-	-
NZ_CM143117.1_19262-29899:._5	16682a19fc4c9a0d82e1d2731f95567f	179	Pfam	PF07275	Antirestriction protein (ArdA)	13	175	7.4E-21	T	13-04-2026	IPR009899	Antirestriction	-	-
NZ_CP071547.1_2251581-2262176:._10	258cf6a525a4043ddf413be4474f420e	424	Pfam	PF19658	Family of unknown function (DUF6161)	197	409	1.1E-56	T	13-04-2026	IPR046159	Domain of unknown function DUF6161	-	-
NZ_CP104875.1_2250589-2261184:._10	258cf6a525a4043ddf413be4474f420e	424	Pfam	PF19658	Family of unknown function (DUF6161)	197	409	1.1E-56	T	13-04-2026	IPR046159	Domain of unknown function DUF6161	-	-
NZ_CP102262.1_1241992-1252575:._8	ba82e2a039e1a6e03c63c810ded92bcc	443	Pfam	PF01637	ATPase domain predominantly from Archaea	3	210	1.6E-11	T	13-04-2026	IPR011579	ATPase domain	-	-
NZ_CP102262.1_1241992-1252575:._8	ba82e2a039e1a6e03c63c810ded92bcc	443	Pfam	PF03008	Archaea bacterial proteins of unknown function	320	408	6.4E-9	T	13-04-2026	IPR004256	Domain of unknown function DUF234	-	-
NZ_CP120354.1_19280-29884:._7	f726048eb2c94bc54264cfe8ff57bb32	130	Pfam	PF00436	Single-strand binding protein family	8	104	4.5E-9	T	13-04-2026	IPR000424	Primosome PriB/single-strand DNA-binding	-	-
NZ_CP120354.1_19280-29884:._7	f726048eb2c94bc54264cfe8ff57bb32	130	CDD	cd04496	SSB_OBF	10	107	1.83862E-16	T	13-04-2026	IPR000424	Primosome PriB/single-strand DNA-binding	-	-
NZ_CP179925.1_611886-623561:._14	1b8d5dd957c5211050c3237086bad870	293	Pfam	PF13412	Winged helix-turn-helix DNA-binding	41	65	0.18	T	13-04-2026	-	-	-	-
NC_009614.1_611886-623561:._14	1b8d5dd957c5211050c3237086bad870	293	Pfam	PF13412	Winged helix-turn-helix DNA-binding	41	65	0.18	T	13-04-2026	-	-	-	-
NZ_CM148689.1_3656431-3667026:._6	9917615e3d0a7b3d217d32f6ba755d4a	169	Pfam	PF06271	RDD family	13	128	2.0E-9	T	13-04-2026	IPR010432	RDD	-	-
NZ_CP072373.1_1796422-1806798:._6	4968baf041d85cd18936f60c9ed5d032	58	Pfam	PF00589	Phage integrase family	3	42	9.9E-5	T	13-04-2026	IPR002104	Integrase, catalytic domain	-	-
NZ_CP072364.1_68924-79300:._6	4968baf041d85cd18936f60c9ed5d032	58	Pfam	PF00589	Phage integrase family	3	42	9.9E-5	T	13-04-2026	IPR002104	Integrase, catalytic domain	-	-
NZ_CP072342.1_391022-401398:._5	4968baf041d85cd18936f60c9ed5d032	58	Pfam	PF00589	Phage integrase family	3	42	9.9E-5	T	13-04-2026	IPR002104	Integrase, catalytic domain	-	-
NZ_CP081299.1_7408552-7419153:._9	8c99c065dfb264a0cb989ffab2c0e375	186	Pfam	PF20001	Family of unknown function (DUF6428)	24	186	2.1E-37	T	13-04-2026	IPR045534	Protein of unknown function DUF6428	-	-
NZ_CP123860.1_6049507-6060096:._1	16e0776dfc8164466febf8dba42df509	177	Pfam	PF12508	Conjugative transposon, TraM	17	162	5.9E-36	T	13-04-2026	IPR022187	Conjugative transposon, TraM	-	-
NZ_CP006587.1_4827107-4837720:._5	5155b1eb850018aea99d2471aceb0cfb	204	CDD	cd03768	SR_ResInv	2	123	1.04082E-56	T	13-04-2026	-	-	-	-
NZ_CP006587.1_4827107-4837720:._5	5155b1eb850018aea99d2471aceb0cfb	204	Pfam	PF00239	Resolvase, N terminal domain	3	135	3.6E-40	T	13-04-2026	IPR006119	Resolvase, N-terminal catalytic domain	-	-
NZ_CM148639.1_2178787-2189382:._11	ac89131c354d3595c9b1d0c53b3593f7	66	Pfam	PF20282	C-terminal domain 6 of the ABC-three component (ABC-3C) systems	1	62	3.0E-14	T	13-04-2026	IPR046914	ABC-three component systems, C-terminal domain 6	-	-
NZ_CP072249.1_7477-18069:._6	6cb52f3b8db5e8b83c0c1eb6971fd566	128	CDD	cd00093	HTH_XRE	10	59	5.46014E-8	T	13-04-2026	IPR001387	Cro/C1-type helix-turn-helix domain	-	-
NZ_CP072249.1_7477-18069:._6	6cb52f3b8db5e8b83c0c1eb6971fd566	128	Pfam	PF13560	Helix-turn-helix domain	9	46	2.2E-4	T	13-04-2026	-	-	-	-
NZ_CP054001.1_41085-51677:._15	78e43c943c73c63985f86f462090c174	946	Pfam	PF19044	TraG P-loop domain	385	535	9.3E-35	T	13-04-2026	IPR043964	TraG, P-loop domain	-	-
NZ_CP054001.1_41085-51677:._15	78e43c943c73c63985f86f462090c174	946	Pfam	PF19044	TraG P-loop domain	614	889	6.2E-78	T	13-04-2026	IPR043964	TraG, P-loop domain	-	-
NZ_CM148634.1_2194474-2205048:._9	2ba4ceb9c5e3cb36f9c7cbfdd3b40563	103	Pfam	PF13031	Protein of unknown function (DUF3892)	20	96	0.31	T	13-04-2026	IPR024997	Protein of unknown function DUF3892	-	-
NZ_JBQSUP010000001.1_5071-14507:._3	6db022c8a1d51a9db41d1803bece2bed	731	CDD	cd18571	ABC_6TM_peptidase_like	166	459	1.52367E-145	T	13-04-2026	-	-	-	-
NZ_JBQSUP010000001.1_5071-14507:._3	6db022c8a1d51a9db41d1803bece2bed	731	Pfam	PF00664	ABC transporter transmembrane region	172	439	6.3E-29	T	13-04-2026	IPR011527	ABC transporter type 1, transmembrane domain	-	-
NZ_JBQSUP010000001.1_5071-14507:._3	6db022c8a1d51a9db41d1803bece2bed	731	CDD	cd02418	Peptidase_C39B	1	141	6.63587E-53	T	13-04-2026	-	-	-	-
NZ_JBQSUP010000001.1_5071-14507:._3	6db022c8a1d51a9db41d1803bece2bed	731	Pfam	PF00005	ABC transporter	507	656	1.0E-27	T	13-04-2026	IPR003439	ABC transporter-like, ATP-binding domain	-	-
NZ_JBQSUP010000001.1_5071-14507:._3	6db022c8a1d51a9db41d1803bece2bed	731	Pfam	PF03412	Peptidase C39 family	5	140	4.8E-28	T	13-04-2026	IPR005074	Peptidase C39, bacteriocin processing	-	-
NZ_CP114291.2_1703538-1714145:._2	bcb68294f7a2920cbcc1d0ea98530c48	233	Pfam	PF09986	Uncharacterized protein conserved in bacteria (DUF2225)	67	220	5.7E-5	T	13-04-2026	IPR018708	Protein of unknown function DUF2225	-	-
NC_013730.1_4412465-4423030:._9	2e75d71a65352055447ed3ff599e7031	188	Pfam	PF00239	Resolvase, N terminal domain	5	137	2.4E-34	T	13-04-2026	IPR006119	Resolvase, N-terminal catalytic domain	-	-
NC_013730.1_4412465-4423030:._9	2e75d71a65352055447ed3ff599e7031	188	CDD	cd03768	SR_ResInv	4	128	1.89156E-50	T	13-04-2026	-	-	-	-
NZ_CP089538.1_2617236-2627807:._7	fff64a0a313c011eb2d8ef5e6071b16c	948	Pfam	PF10145	Phage-related minor tail protein	7	180	5.2E-21	T	13-04-2026	IPR010090	Phage tail tape measure protein	-	-
NZ_CP172273.1_2772056-2782690:._11	6f2c72bf078aefaccda6c25bbb587996	239	Pfam	PF01420	Type I restriction modification DNA specificity domain	15	179	2.6E-17	T	13-04-2026	IPR000055	Type I restriction modification DNA specificity domain	-	-
NZ_CM148647.1_2723775-2734409:._11	6f2c72bf078aefaccda6c25bbb587996	239	Pfam	PF01420	Type I restriction modification DNA specificity domain	15	179	2.6E-17	T	13-04-2026	IPR000055	Type I restriction modification DNA specificity domain	-	-
NZ_CP143637.1_150213-160817:._4	66a898d9d52147ef9758aa62d09129b4	130	Pfam	PF00589	Phage integrase family	2	58	2.4E-4	T	13-04-2026	IPR002104	Integrase, catalytic domain	-	-
NZ_CP018939.1_26094-36686:._14	e0e5a281934a3356dbd6e93cc67375e7	373	Pfam	PF00155	Aminotransferase class I and II	62	356	2.5E-38	T	13-04-2026	IPR004839	Aminotransferase, class I/classII	-	-
NZ_CP182860.1_3198816-3209453:._3	a7f3de6b1c2bb2d498106a29e7a743ec	166	Pfam	PF10706	Aminoglycoside-2''-adenylyltransferase	10	129	0.013	T	13-04-2026	IPR019646	Aminoglycoside-2''-adenylyltransferase	-	-
NZ_OZ409872.1_1033845-1044446:._8	f1ac09eba5c6f9bff0f392449ccfff12	200	CDD	cd03768	SR_ResInv	2	126	1.2525E-56	T	13-04-2026	-	-	-	-
NZ_OZ409872.1_1033845-1044446:._8	f1ac09eba5c6f9bff0f392449ccfff12	200	Pfam	PF00239	Resolvase, N terminal domain	3	135	3.2E-41	T	13-04-2026	IPR006119	Resolvase, N-terminal catalytic domain	-	-
NZ_CM148693.1_3315541-3326103:._9	c308e2b52427af2dec05831d159660c4	187	CDD	cd03768	SR_ResInv	2	127	8.09679E-57	T	13-04-2026	-	-	-	-
NZ_CM148693.1_3315541-3326103:._9	c308e2b52427af2dec05831d159660c4	187	Pfam	PF00239	Resolvase, N terminal domain	2	136	3.2E-39	T	13-04-2026	IPR006119	Resolvase, N-terminal catalytic domain	-	-
NZ_CM148693.1_3315541-3326103:._9	c308e2b52427af2dec05831d159660c4	187	Pfam	PF02796	Helix-turn-helix domain of resolvase	139	184	3.1E-4	T	13-04-2026	IPR006120	Resolvase, HTH domain	-	-
NZ_CP022515.1_2251748-2262316:._2	c0316a26d7da24a36fbca0360d661961	105	Pfam	PF00085	Thioredoxin	3	101	1.2E-27	T	13-04-2026	IPR013766	Thioredoxin domain	-	-
NZ_CP022515.1_2251748-2262316:._2	c0316a26d7da24a36fbca0360d661961	105	CDD	cd02947	TRX_family	8	102	9.15629E-39	T	13-04-2026	-	-	-	-
NZ_CP147519.1_306556-317139:._7	11244b84f57afa27dfdd33c48fe0e2cc	1040	Pfam	PF13700	Domain of unknown function (DUF4158)	26	190	8.3E-20	T	13-04-2026	IPR025296	Domain of unknown function DUF4158	-	-
NZ_CP147519.1_306556-317139:._7	11244b84f57afa27dfdd33c48fe0e2cc	1040	Pfam	PF01526	Tn3 transposase DDE domain	621	1014	6.6E-107	T	13-04-2026	IPR002513	Tn3 transposase DDE domain	-	-
NZ_CP073276.1_2893513-2903694:._11	7d7645cd17f75ea7618dd3a0b6814a61	305	Pfam	PF13715	CarboxypepD_reg-like domain	25	115	2.3E-4	T	13-04-2026	-	-	-	-
NZ_CP034173.1_1138126-1148700:._11	676d3bf11912bf1dd68201b0245fe5e2	189	Pfam	PF06114	IrrE N-terminal-like domain	81	181	4.0E-8	T	13-04-2026	IPR010359	IrrE N-terminal-like domain	-	-
NZ_CM148693.1_3315541-3326103:._8	1448820f04260526d3e4c2743c401a06	175	Pfam	PF06114	IrrE N-terminal-like domain	60	169	8.0E-20	T	13-04-2026	IPR010359	IrrE N-terminal-like domain	-	-
NZ_CM148689.1_3656431-3667026:._10	c41d031c5825996091d1544ec9af359a	187	CDD	cd00071	GMPK	4	178	1.10417E-43	T	13-04-2026	-	-	-	-
NZ_CM148689.1_3656431-3667026:._10	c41d031c5825996091d1544ec9af359a	187	Pfam	PF00625	Guanylate kinase	2	183	7.3E-40	T	13-04-2026	IPR008145	Guanylate kinase/L-type calcium channel beta subunit	-	-
NZ_CP152475.1_3982608-3993212:._5	a5420ba675de4c2fe2808f5ddf9edb23	75	Pfam	PF14086	Domain of unknown function (DUF4266)	26	75	4.7E-15	T	13-04-2026	IPR025362	Domain of unknown function DUF4266	-	-
NZ_OZ245806.1_1584225-1594832:._12	1eacf2c99047b61d12d9404554dd3414	293	CDD	cd22534	KH-II_Era	191	275	3.57648E-32	T	13-04-2026	-	-	-	-
NZ_OZ245806.1_1584225-1594832:._12	1eacf2c99047b61d12d9404554dd3414	293	Pfam	PF07650	KH domain	204	280	1.1E-15	T	13-04-2026	IPR004044	K Homology domain, type 2	-	-
NZ_OZ245806.1_1584225-1594832:._12	1eacf2c99047b61d12d9404554dd3414	293	CDD	cd04163	Era	3	168	1.38881E-70	T	13-04-2026	IPR030388	Era-type guanine nucleotide-binding (G) domain	-	-
NZ_OZ245806.1_1584225-1594832:._12	1eacf2c99047b61d12d9404554dd3414	293	Pfam	PF01926	50S ribosome-binding GTPase	8	121	7.3E-20	T	13-04-2026	IPR006073	GTP binding domain	-	-
NZ_CP147988.1_142083-152681:._10	aba6f8a4112060cfb1d65fb784e684ff	199	Pfam	PF00239	Resolvase, N terminal domain	5	140	4.6E-20	T	13-04-2026	IPR006119	Resolvase, N-terminal catalytic domain	-	-
NZ_CP147988.1_142083-152681:._10	aba6f8a4112060cfb1d65fb784e684ff	199	CDD	cd03768	SR_ResInv	6	131	7.86483E-29	T	13-04-2026	-	-	-	-
NZ_CP143953.1_1-10201:._11	68883ca60093fdcfa6b0c73776c836e1	198	Pfam	PF02796	Helix-turn-helix domain of resolvase	138	184	0.018	T	13-04-2026	IPR006120	Resolvase, HTH domain	-	-
NZ_CP143953.1_1-10201:._11	68883ca60093fdcfa6b0c73776c836e1	198	Pfam	PF00239	Resolvase, N terminal domain	3	135	7.6E-41	T	13-04-2026	IPR006119	Resolvase, N-terminal catalytic domain	-	-
NZ_CP143953.1_1-10201:._11	68883ca60093fdcfa6b0c73776c836e1	198	CDD	cd03768	SR_ResInv	2	126	2.23198E-61	T	13-04-2026	-	-	-	-
NZ_CP072233.1_55833-66428:._6	68883ca60093fdcfa6b0c73776c836e1	198	Pfam	PF02796	Helix-turn-helix domain of resolvase	138	184	0.018	T	13-04-2026	IPR006120	Resolvase, HTH domain	-	-
NZ_CP072233.1_55833-66428:._6	68883ca60093fdcfa6b0c73776c836e1	198	Pfam	PF00239	Resolvase, N terminal domain	3	135	7.6E-41	T	13-04-2026	IPR006119	Resolvase, N-terminal catalytic domain	-	-
NZ_CP072233.1_55833-66428:._6	68883ca60093fdcfa6b0c73776c836e1	198	CDD	cd03768	SR_ResInv	2	126	2.23198E-61	T	13-04-2026	-	-	-	-
NZ_CP072253.1_51844-62439:._6	68883ca60093fdcfa6b0c73776c836e1	198	Pfam	PF02796	Helix-turn-helix domain of resolvase	138	184	0.018	T	13-04-2026	IPR006120	Resolvase, HTH domain	-	-
NZ_CP072253.1_51844-62439:._6	68883ca60093fdcfa6b0c73776c836e1	198	Pfam	PF00239	Resolvase, N terminal domain	3	135	7.6E-41	T	13-04-2026	IPR006119	Resolvase, N-terminal catalytic domain	-	-
NZ_CP072253.1_51844-62439:._6	68883ca60093fdcfa6b0c73776c836e1	198	CDD	cd03768	SR_ResInv	2	126	2.23198E-61	T	13-04-2026	-	-	-	-
NZ_CP069564.1_87419-98014:._11	68883ca60093fdcfa6b0c73776c836e1	198	Pfam	PF02796	Helix-turn-helix domain of resolvase	138	184	0.018	T	13-04-2026	IPR006120	Resolvase, HTH domain	-	-
NZ_CP069564.1_87419-98014:._11	68883ca60093fdcfa6b0c73776c836e1	198	Pfam	PF00239	Resolvase, N terminal domain	3	135	7.6E-41	T	13-04-2026	IPR006119	Resolvase, N-terminal catalytic domain	-	-
NZ_CP069564.1_87419-98014:._11	68883ca60093fdcfa6b0c73776c836e1	198	CDD	cd03768	SR_ResInv	2	126	2.23198E-61	T	13-04-2026	-	-	-	-
NZ_CP072219.1_51842-62437:._6	68883ca60093fdcfa6b0c73776c836e1	198	Pfam	PF02796	Helix-turn-helix domain of resolvase	138	184	0.018	T	13-04-2026	IPR006120	Resolvase, HTH domain	-	-
NZ_CP072219.1_51842-62437:._6	68883ca60093fdcfa6b0c73776c836e1	198	Pfam	PF00239	Resolvase, N terminal domain	3	135	7.6E-41	T	13-04-2026	IPR006119	Resolvase, N-terminal catalytic domain	-	-
NZ_CP072219.1_51842-62437:._6	68883ca60093fdcfa6b0c73776c836e1	198	CDD	cd03768	SR_ResInv	2	126	2.23198E-61	T	13-04-2026	-	-	-	-
NZ_CP143950.1_88416-99011:._6	68883ca60093fdcfa6b0c73776c836e1	198	Pfam	PF02796	Helix-turn-helix domain of resolvase	138	184	0.018	T	13-04-2026	IPR006120	Resolvase, HTH domain	-	-
NZ_CP143950.1_88416-99011:._6	68883ca60093fdcfa6b0c73776c836e1	198	Pfam	PF00239	Resolvase, N terminal domain	3	135	7.6E-41	T	13-04-2026	IPR006119	Resolvase, N-terminal catalytic domain	-	-
NZ_CP143950.1_88416-99011:._6	68883ca60093fdcfa6b0c73776c836e1	198	CDD	cd03768	SR_ResInv	2	126	2.23198E-61	T	13-04-2026	-	-	-	-
NZ_CP072228.1_51839-62434:._6	68883ca60093fdcfa6b0c73776c836e1	198	Pfam	PF02796	Helix-turn-helix domain of resolvase	138	184	0.018	T	13-04-2026	IPR006120	Resolvase, HTH domain	-	-
NZ_CP072228.1_51839-62434:._6	68883ca60093fdcfa6b0c73776c836e1	198	Pfam	PF00239	Resolvase, N terminal domain	3	135	7.6E-41	T	13-04-2026	IPR006119	Resolvase, N-terminal catalytic domain	-	-
NZ_CP072228.1_51839-62434:._6	68883ca60093fdcfa6b0c73776c836e1	198	CDD	cd03768	SR_ResInv	2	126	2.23198E-61	T	13-04-2026	-	-	-	-
NZ_CP072223.1_86752-97347:._11	68883ca60093fdcfa6b0c73776c836e1	198	Pfam	PF02796	Helix-turn-helix domain of resolvase	138	184	0.018	T	13-04-2026	IPR006120	Resolvase, HTH domain	-	-
NZ_CP072223.1_86752-97347:._11	68883ca60093fdcfa6b0c73776c836e1	198	Pfam	PF00239	Resolvase, N terminal domain	3	135	7.6E-41	T	13-04-2026	IPR006119	Resolvase, N-terminal catalytic domain	-	-
NZ_CP072223.1_86752-97347:._11	68883ca60093fdcfa6b0c73776c836e1	198	CDD	cd03768	SR_ResInv	2	126	2.23198E-61	T	13-04-2026	-	-	-	-
NZ_AP019726.1_81904-92499:._6	68883ca60093fdcfa6b0c73776c836e1	198	Pfam	PF02796	Helix-turn-helix domain of resolvase	138	184	0.018	T	13-04-2026	IPR006120	Resolvase, HTH domain	-	-
NZ_AP019726.1_81904-92499:._6	68883ca60093fdcfa6b0c73776c836e1	198	Pfam	PF00239	Resolvase, N terminal domain	3	135	7.6E-41	T	13-04-2026	IPR006119	Resolvase, N-terminal catalytic domain	-	-
NZ_AP019726.1_81904-92499:._6	68883ca60093fdcfa6b0c73776c836e1	198	CDD	cd03768	SR_ResInv	2	126	2.23198E-61	T	13-04-2026	-	-	-	-
NZ_CP131534.1_3163299-3173894:._6	68883ca60093fdcfa6b0c73776c836e1	198	Pfam	PF02796	Helix-turn-helix domain of resolvase	138	184	0.018	T	13-04-2026	IPR006120	Resolvase, HTH domain	-	-
NZ_CP131534.1_3163299-3173894:._6	68883ca60093fdcfa6b0c73776c836e1	198	Pfam	PF00239	Resolvase, N terminal domain	3	135	7.6E-41	T	13-04-2026	IPR006119	Resolvase, N-terminal catalytic domain	-	-
NZ_CP131534.1_3163299-3173894:._6	68883ca60093fdcfa6b0c73776c836e1	198	CDD	cd03768	SR_ResInv	2	126	2.23198E-61	T	13-04-2026	-	-	-	-
NZ_CP143942.1_80606-91201:._6	68883ca60093fdcfa6b0c73776c836e1	198	Pfam	PF02796	Helix-turn-helix domain of resolvase	138	184	0.018	T	13-04-2026	IPR006120	Resolvase, HTH domain	-	-
NZ_CP143942.1_80606-91201:._6	68883ca60093fdcfa6b0c73776c836e1	198	Pfam	PF00239	Resolvase, N terminal domain	3	135	7.6E-41	T	13-04-2026	IPR006119	Resolvase, N-terminal catalytic domain	-	-
NZ_CP143942.1_80606-91201:._6	68883ca60093fdcfa6b0c73776c836e1	198	CDD	cd03768	SR_ResInv	2	126	2.23198E-61	T	13-04-2026	-	-	-	-
NZ_CP072238.1_51863-62458:._6	68883ca60093fdcfa6b0c73776c836e1	198	Pfam	PF02796	Helix-turn-helix domain of resolvase	138	184	0.018	T	13-04-2026	IPR006120	Resolvase, HTH domain	-	-
NZ_CP072238.1_51863-62458:._6	68883ca60093fdcfa6b0c73776c836e1	198	Pfam	PF00239	Resolvase, N terminal domain	3	135	7.6E-41	T	13-04-2026	IPR006119	Resolvase, N-terminal catalytic domain	-	-
NZ_CP072238.1_51863-62458:._6	68883ca60093fdcfa6b0c73776c836e1	198	CDD	cd03768	SR_ResInv	2	126	2.23198E-61	T	13-04-2026	-	-	-	-
NZ_CP072230.1_55830-66425:._6	68883ca60093fdcfa6b0c73776c836e1	198	Pfam	PF02796	Helix-turn-helix domain of resolvase	138	184	0.018	T	13-04-2026	IPR006120	Resolvase, HTH domain	-	-
NZ_CP072230.1_55830-66425:._6	68883ca60093fdcfa6b0c73776c836e1	198	Pfam	PF00239	Resolvase, N terminal domain	3	135	7.6E-41	T	13-04-2026	IPR006119	Resolvase, N-terminal catalytic domain	-	-
NZ_CP072230.1_55830-66425:._6	68883ca60093fdcfa6b0c73776c836e1	198	CDD	cd03768	SR_ResInv	2	126	2.23198E-61	T	13-04-2026	-	-	-	-
NZ_CP081905.1_30585-41180:._11	68883ca60093fdcfa6b0c73776c836e1	198	Pfam	PF02796	Helix-turn-helix domain of resolvase	138	184	0.018	T	13-04-2026	IPR006120	Resolvase, HTH domain	-	-
NZ_CP081905.1_30585-41180:._11	68883ca60093fdcfa6b0c73776c836e1	198	Pfam	PF00239	Resolvase, N terminal domain	3	135	7.6E-41	T	13-04-2026	IPR006119	Resolvase, N-terminal catalytic domain	-	-
NZ_CP081905.1_30585-41180:._11	68883ca60093fdcfa6b0c73776c836e1	198	CDD	cd03768	SR_ResInv	2	126	2.23198E-61	T	13-04-2026	-	-	-	-
NZ_CP072241.1_51837-62432:._6	68883ca60093fdcfa6b0c73776c836e1	198	Pfam	PF02796	Helix-turn-helix domain of resolvase	138	184	0.018	T	13-04-2026	IPR006120	Resolvase, HTH domain	-	-
NZ_CP072241.1_51837-62432:._6	68883ca60093fdcfa6b0c73776c836e1	198	Pfam	PF00239	Resolvase, N terminal domain	3	135	7.6E-41	T	13-04-2026	IPR006119	Resolvase, N-terminal catalytic domain	-	-
NZ_CP072241.1_51837-62432:._6	68883ca60093fdcfa6b0c73776c836e1	198	CDD	cd03768	SR_ResInv	2	126	2.23198E-61	T	13-04-2026	-	-	-	-
NZ_CP072245.1_55835-66430:._6	68883ca60093fdcfa6b0c73776c836e1	198	Pfam	PF02796	Helix-turn-helix domain of resolvase	138	184	0.018	T	13-04-2026	IPR006120	Resolvase, HTH domain	-	-
NZ_CP072245.1_55835-66430:._6	68883ca60093fdcfa6b0c73776c836e1	198	Pfam	PF00239	Resolvase, N terminal domain	3	135	7.6E-41	T	13-04-2026	IPR006119	Resolvase, N-terminal catalytic domain	-	-
NZ_CP072245.1_55835-66430:._6	68883ca60093fdcfa6b0c73776c836e1	198	CDD	cd03768	SR_ResInv	2	126	2.23198E-61	T	13-04-2026	-	-	-	-
NZ_CP081907.1_47128-57723:._11	68883ca60093fdcfa6b0c73776c836e1	198	Pfam	PF02796	Helix-turn-helix domain of resolvase	138	184	0.018	T	13-04-2026	IPR006120	Resolvase, HTH domain	-	-
NZ_CP081907.1_47128-57723:._11	68883ca60093fdcfa6b0c73776c836e1	198	Pfam	PF00239	Resolvase, N terminal domain	3	135	7.6E-41	T	13-04-2026	IPR006119	Resolvase, N-terminal catalytic domain	-	-
NZ_CP081907.1_47128-57723:._11	68883ca60093fdcfa6b0c73776c836e1	198	CDD	cd03768	SR_ResInv	2	126	2.23198E-61	T	13-04-2026	-	-	-	-
NZ_CP072211.1_51838-62433:._6	68883ca60093fdcfa6b0c73776c836e1	198	Pfam	PF02796	Helix-turn-helix domain of resolvase	138	184	0.018	T	13-04-2026	IPR006120	Resolvase, HTH domain	-	-
NZ_CP072211.1_51838-62433:._6	68883ca60093fdcfa6b0c73776c836e1	198	Pfam	PF00239	Resolvase, N terminal domain	3	135	7.6E-41	T	13-04-2026	IPR006119	Resolvase, N-terminal catalytic domain	-	-
NZ_CP072211.1_51838-62433:._6	68883ca60093fdcfa6b0c73776c836e1	198	CDD	cd03768	SR_ResInv	2	126	2.23198E-61	T	13-04-2026	-	-	-	-
NZ_CP016374.1_1840671-1851227:._12	c74c47c0329fc6de477914a1aa05cc10	188	Pfam	PF06114	IrrE N-terminal-like domain	82	180	4.4E-8	T	13-04-2026	IPR010359	IrrE N-terminal-like domain	-	-
NZ_CM148639.1_2733309-2743943:._10	a462e6e57c42411e562cf2fd5268b6e0	539	Pfam	PF12833	Helix-turn-helix domain	452	531	2.6E-6	T	13-04-2026	IPR018060	DNA binding HTH domain, AraC-type	-	-
NZ_CP118631.1_4648428-4659014:._4	5c3a07a403d8a6f49ab18d149d7c9101	197	Pfam	PF13707	RloB-like protein	9	187	1.1E-20	T	13-04-2026	IPR025591	RloB-like protein	-	-
NZ_CM148647.1_2723775-2734409:._10	42c8ddae344c7196265e77f78a873b6b	286	Pfam	PF02498	BRO family, N-terminal domain	18	112	7.4E-5	T	13-04-2026	IPR003497	BRO N-terminal domain	-	-
NZ_CP102938.1_14230-24825:._1	6f9262dc24123af8a3fa7ff6ea894e95	327	Pfam	PF00872	Transposase, Mutator family	2	303	1.5E-79	T	13-04-2026	IPR001207	Transposase, mutator type	-	-
NZ_CP095070.1_93803-104413:._5	20fa43bdf73db551859a992bc6776fc8	203	CDD	cd03768	SR_ResInv	2	123	5.27315E-57	T	13-04-2026	-	-	-	-
NZ_CP095070.1_93803-104413:._5	20fa43bdf73db551859a992bc6776fc8	203	Pfam	PF00239	Resolvase, N terminal domain	3	135	1.5E-42	T	13-04-2026	IPR006119	Resolvase, N-terminal catalytic domain	-	-
NZ_CP063145.1_230248-240813:._4	1c8a73c00623867b518c7554d90e0e99	408	Pfam	PF05048	Periplasmic copper-binding protein (NosD)	141	340	4.7E-27	T	13-04-2026	IPR007742	Periplasmic copper-binding protein NosD, beta helix domain	-	-
NZ_CP095185.1_951427-961992:._4	f5be59640257b0d438900b186d83cfcf	282	Pfam	PF08843	Nucleotidyl transferase AbiEii toxin, Type IV TA system	11	268	3.0E-22	T	13-04-2026	IPR014942	Nucleotidyl transferase AbiEii toxin, Type IV TA system	-	-
NZ_OZ409872.1_1033845-1044446:._5	db5f5bb98bdf1abc04dc568177f3d21a	248	Pfam	PF00072	Response regulator receiver domain	15	122	9.5E-11	T	13-04-2026	IPR001789	Signal transduction response regulator, receiver domain	-	-
NZ_OZ409872.1_1033845-1044446:._5	db5f5bb98bdf1abc04dc568177f3d21a	248	Pfam	PF04397	LytTr DNA-binding domain	152	242	1.2E-10	T	13-04-2026	IPR007492	LytTR DNA-binding domain	-	-
NZ_CP171010.1_321704-332272:._14	940f0144a3ea51e6ef370aaa0d56eac4	164	Pfam	PF13302	Acetyltransferase (GNAT) domain	9	144	1.1E-18	T	13-04-2026	IPR000182	GNAT domain	-	-
NZ_CP146522.1_14016-24608:._3	9f2d14dd5d3c3e349adc0a7c53f85843	209	CDD	cd02042	ParAB_family	3	152	2.48873E-21	T	13-04-2026	-	-	-	-
NZ_CP146522.1_14016-24608:._3	9f2d14dd5d3c3e349adc0a7c53f85843	209	Pfam	PF01656	CobQ/CobB/MinD/ParA nucleotide binding domain	5	146	1.8E-6	T	13-04-2026	IPR002586	CobQ/CobB/MinD/ParA nucleotide binding domain	-	-
NZ_CP146526.1_6816-17408:._2	9f2d14dd5d3c3e349adc0a7c53f85843	209	CDD	cd02042	ParAB_family	3	152	2.48873E-21	T	13-04-2026	-	-	-	-
NZ_CP146526.1_6816-17408:._2	9f2d14dd5d3c3e349adc0a7c53f85843	209	Pfam	PF01656	CobQ/CobB/MinD/ParA nucleotide binding domain	5	146	1.8E-6	T	13-04-2026	IPR002586	CobQ/CobB/MinD/ParA nucleotide binding domain	-	-
NZ_CP072250.1_32706-43298:._2	1f0a67d27d234fb7cf3639fff4f39b71	384	Pfam	PF17170	6-bladed beta-propeller	46	238	2.9E-21	T	13-04-2026	-	-	-	-
NZ_CP094932.1_1506-12110:._11	a9d81264b58d4e592b0aec7c92029416	73	CDD	cd21631	RHH_CopG_NikR-like	34	72	0.00141665	T	13-04-2026	-	-	-	-
NZ_CP060787.1_1-8437:._9	9c84c5ebb7a339dda9c7045797a342cf	214	Pfam	PF10546	P63C domain	82	175	1.6E-16	T	13-04-2026	IPR018874	Bacteriophage Mx8, p63, C-terminal	-	-
NZ_CP102938.1_14230-24825:._11	e50cb0d10f1fad5cecb49cee1b1ef9e9	82	Pfam	PF00501	AMP-binding enzyme	13	82	1.5E-5	T	13-04-2026	IPR000873	AMP-dependent synthetase/ligase domain	-	-
NZ_CP140570.1_1595159-1605754:._10	7598cb62aab214917781b01fba1edf78	243	Pfam	PF04402	Protein of unknown function (DUF541)	35	224	1.2E-26	T	13-04-2026	IPR007497	Interleukin-1 receptor-associated kinase 1-binding protein 1/DUF541	-	-
NZ_CM148647.1_2391999-2402636:._7	773ea46ec87b087fb3ed9881e037136e	169	Pfam	PF06271	RDD family	13	128	1.4E-9	T	13-04-2026	IPR010432	RDD	-	-
NZ_CP099631.1_3546-14147:._7	c57e8087c578abff30b231cc607a4056	200	CDD	cd03768	SR_ResInv	3	127	2.99871E-60	T	13-04-2026	-	-	-	-
NZ_CP099631.1_3546-14147:._7	c57e8087c578abff30b231cc607a4056	200	Pfam	PF00239	Resolvase, N terminal domain	4	136	8.9E-43	T	13-04-2026	IPR006119	Resolvase, N-terminal catalytic domain	-	-
NZ_CP018939.1_57218-67810:._9	d583ae2db114014f8640a96f69cfb246	197	CDD	cd03768	SR_ResInv	3	126	1.01663E-57	T	13-04-2026	-	-	-	-
NZ_CP018939.1_57218-67810:._9	d583ae2db114014f8640a96f69cfb246	197	Pfam	PF00239	Resolvase, N terminal domain	3	135	8.6E-41	T	13-04-2026	IPR006119	Resolvase, N-terminal catalytic domain	-	-
NZ_CP018939.1_26094-36686:._12	d583ae2db114014f8640a96f69cfb246	197	CDD	cd03768	SR_ResInv	3	126	1.01663E-57	T	13-04-2026	-	-	-	-
NZ_CP018939.1_26094-36686:._12	d583ae2db114014f8640a96f69cfb246	197	Pfam	PF00239	Resolvase, N terminal domain	3	135	8.6E-41	T	13-04-2026	IPR006119	Resolvase, N-terminal catalytic domain	-	-
NZ_CP130738.1_353416-363531:._7	5a1c51c24f3832884091b069dca6120a	38	Pfam	PF00239	Resolvase, N terminal domain	2	35	1.5E-4	T	13-04-2026	IPR006119	Resolvase, N-terminal catalytic domain	-	-
NZ_CM148691.1_2392532-2403127:._5	6d9559a251cfc9ee7bd5c6eb71492502	133	Pfam	PF02152	Dihydroneopterin aldolase	19	130	5.3E-27	T	13-04-2026	IPR006157	Dihydroneopterin aldolase/epimerase domain	-	-
NZ_CM148689.1_3656431-3667026:._8	6d9559a251cfc9ee7bd5c6eb71492502	133	Pfam	PF02152	Dihydroneopterin aldolase	19	130	5.3E-27	T	13-04-2026	IPR006157	Dihydroneopterin aldolase/epimerase domain	-	-
NZ_CM148647.1_2391999-2402636:._5	6d9559a251cfc9ee7bd5c6eb71492502	133	Pfam	PF02152	Dihydroneopterin aldolase	19	130	5.3E-27	T	13-04-2026	IPR006157	Dihydroneopterin aldolase/epimerase domain	-	-
NZ_CM148692.1_2418428-2429023:._5	6d9559a251cfc9ee7bd5c6eb71492502	133	Pfam	PF02152	Dihydroneopterin aldolase	19	130	5.3E-27	T	13-04-2026	IPR006157	Dihydroneopterin aldolase/epimerase domain	-	-
NZ_CP033934.1_78870-89474:._5	530544be759e4670cc729dbd7eb5a5f3	590	Pfam	PF07690	Major Facilitator Superfamily	18	245	2.3E-6	T	13-04-2026	IPR011701	Major facilitator superfamily	-	-
NZ_CP094669.1_3816073-3826653:._6	3237cafb143e4d474faa58319ada4e02	122	Pfam	PF00893	Small Multidrug Resistance protein	15	109	2.3E-16	T	13-04-2026	IPR045324	Small multidrug resistance protein	-	-
NZ_CP117880.1_596108-606379:._1	6e1cc128e4193c3fa5bf9c14c161c08b	246	Pfam	PF13561	Enoyl-(Acyl carrier protein) reductase	5	241	5.9E-48	T	13-04-2026	-	-	-	-
NZ_CP117880.1_596108-606379:._1	6e1cc128e4193c3fa5bf9c14c161c08b	246	CDD	cd05233	SDR_c	1	239	5.70677E-73	T	13-04-2026	-	-	-	-
NZ_CP050063.1_5052396-5062973:._2	6e22a6c44985def93ed96f5a63d88171	212	Pfam	PF14730	Domain of unknown function (DUF4468) with TBP-like fold	46	127	0.0022	T	13-04-2026	IPR027823	Domain of unknown function DUF4468 with TBP-like fold	-	-
NZ_CP114285.2_2034346-2044935:._8	9239ee1ce4e78c68316041f54f0f8a1e	196	CDD	cd03768	SR_ResInv	6	131	1.68846E-28	T	13-04-2026	-	-	-	-
NZ_CP114285.2_2034346-2044935:._8	9239ee1ce4e78c68316041f54f0f8a1e	196	Pfam	PF00239	Resolvase, N terminal domain	5	140	8.0E-21	T	13-04-2026	IPR006119	Resolvase, N-terminal catalytic domain	-	-
NZ_CP075682.1_3356240-3366844:._10	66930309a8c276e77be959ec59a22a81	257	CDD	cd00093	HTH_XRE	5	62	5.16903E-13	T	13-04-2026	IPR001387	Cro/C1-type helix-turn-helix domain	-	-
NZ_CP075682.1_3356240-3366844:._10	66930309a8c276e77be959ec59a22a81	257	Pfam	PF00717	Peptidase S24-like	103	214	0.0032	T	13-04-2026	IPR015927	Peptidase S24/S26A/S26B/S26C	-	-
NZ_CP075682.1_3356240-3366844:._10	66930309a8c276e77be959ec59a22a81	257	CDD	cd06529	S24_LexA-like	135	214	5.73951E-10	T	13-04-2026	IPR039418	LexA-like	-	-
NZ_CP075682.1_3356240-3366844:._10	66930309a8c276e77be959ec59a22a81	257	Pfam	PF01381	Helix-turn-helix	8	62	2.2E-9	T	13-04-2026	IPR001387	Cro/C1-type helix-turn-helix domain	-	-
NZ_CP135989.1_1706394-1716983:._6	e74ed4d2de467c8240e7df7954264356	739	Pfam	PF00717	Peptidase S24-like	600	732	0.11	T	13-04-2026	IPR015927	Peptidase S24/S26A/S26B/S26C	-	-
NZ_CP135989.1_1706394-1716983:._6	e74ed4d2de467c8240e7df7954264356	739	CDD	cd10439	GIY-YIG_COG3410	34	111	2.0774E-23	T	13-04-2026	-	-	-	-
NZ_CP135989.1_1706394-1716983:._6	e74ed4d2de467c8240e7df7954264356	739	Pfam	PF09848	Schlafen group 3, DNA/RNA helicase domain	188	557	7.9E-61	T	13-04-2026	IPR018647	Schlafen group 3-like, DNA/RNA helicase domain	-	-
NZ_CP135989.1_1706394-1716983:._6	e74ed4d2de467c8240e7df7954264356	739	Pfam	PF01541	GIY-YIG catalytic domain	37	99	0.011	T	13-04-2026	IPR000305	GIY-YIG endonuclease	-	-
NZ_CP119421.1_435009-445568:._4	1e58f9e0245e98969a30f4d665d8c20a	186	CDD	cd00569	HTH_Hin_like	138	180	6.61283E-9	T	13-04-2026	-	-	-	-
NZ_CP119421.1_435009-445568:._4	1e58f9e0245e98969a30f4d665d8c20a	186	Pfam	PF00239	Resolvase, N terminal domain	3	135	5.3E-41	T	13-04-2026	IPR006119	Resolvase, N-terminal catalytic domain	-	-
NZ_CP119421.1_435009-445568:._4	1e58f9e0245e98969a30f4d665d8c20a	186	CDD	cd03768	SR_ResInv	2	126	1.68351E-60	T	13-04-2026	-	-	-	-
NZ_CP119421.1_435009-445568:._4	1e58f9e0245e98969a30f4d665d8c20a	186	Pfam	PF02796	Helix-turn-helix domain of resolvase	138	179	3.4E-5	T	13-04-2026	IPR006120	Resolvase, HTH domain	-	-
NZ_CP030851.1_33300-43901:._5	ad3460873f894d9b707bf7a5243c9df1	200	CDD	cd03768	SR_ResInv	2	126	3.39621E-64	T	13-04-2026	-	-	-	-
NZ_CP030851.1_33300-43901:._5	ad3460873f894d9b707bf7a5243c9df1	200	Pfam	PF00239	Resolvase, N terminal domain	3	136	1.3E-46	T	13-04-2026	IPR006119	Resolvase, N-terminal catalytic domain	-	-
NZ_CP032318.1_36941-47167:._1	6e8a804c831720fee6c26f6ac4857cec	523	CDD	cd17921	DEXHc_Ski2	284	461	2.71849E-47	T	13-04-2026	-	-	-	-
NZ_CP032318.1_36941-47167:._1	6e8a804c831720fee6c26f6ac4857cec	523	Pfam	PF00656	Caspase domain	50	226	1.5E-4	T	13-04-2026	IPR011600	Peptidase C14, caspase domain	-	-
NZ_CP032318.1_36941-47167:._1	6e8a804c831720fee6c26f6ac4857cec	523	Pfam	PF00270	DEAD/DEAH box helicase	296	450	1.6E-19	T	13-04-2026	IPR011545	DEAD/DEAH box helicase domain	-	-
NZ_CP023642.1_4512811-4523433:._11	c5df36c8d66d354451634bcbc7ac9f17	286	Pfam	PF18863	AbiJ N-terminal domain 4	1	156	1.3E-26	T	13-04-2026	IPR049503	HEPN, AbiJ-N-terminal domain 4	-	-
NZ_CP072250.1_32706-43298:._6	ef5c874df28876d67d59a620b110913e	553	Pfam	PF04932	O-Antigen ligase	156	303	3.9E-13	T	13-04-2026	IPR007016	O-antigen ligase-related	-	-
NZ_OY997410.1_1109465-1119655:._8	b45f9b729c9d06c0357bec646b3f1206	515	Pfam	PF03412	Peptidase C39 family	31	116	7.9E-6	T	13-04-2026	IPR005074	Peptidase C39, bacteriocin processing	-	-
NZ_OY997410.1_1109465-1119655:._8	b45f9b729c9d06c0357bec646b3f1206	515	Pfam	PF07884	Vitamin K epoxide reductase family	166	289	5.1E-9	T	13-04-2026	IPR012932	Vitamin K epoxide reductase	-	-
NZ_OY997410.1_1109465-1119655:._8	b45f9b729c9d06c0357bec646b3f1206	515	CDD	cd12921	VKOR_4	166	290	8.65172E-35	T	13-04-2026	-	-	-	-
NZ_OY997410.1_1109465-1119655:._8	b45f9b729c9d06c0357bec646b3f1206	515	Pfam	PF13462	Thioredoxin	365	512	1.1E-6	T	13-04-2026	IPR012336	Thioredoxin-like fold	-	-
NZ_CP014805.2_3107290-3117846:._2	894e179409ac8eb3388e3a1e1333d235	492	Pfam	PF13424	Tetratricopeptide repeat	187	254	2.9E-4	T	13-04-2026	-	-	-	-
NZ_CP015068.2_3107290-3117846:._2	894e179409ac8eb3388e3a1e1333d235	492	Pfam	PF13424	Tetratricopeptide repeat	187	254	2.9E-4	T	13-04-2026	-	-	-	-
NZ_CP015067.2_3107290-3117846:._2	894e179409ac8eb3388e3a1e1333d235	492	Pfam	PF13424	Tetratricopeptide repeat	187	254	2.9E-4	T	13-04-2026	-	-	-	-
NZ_CP015066.2_3107290-3117846:._2	894e179409ac8eb3388e3a1e1333d235	492	Pfam	PF13424	Tetratricopeptide repeat	187	254	2.9E-4	T	13-04-2026	-	-	-	-
NZ_CP071550.1_2125019-2135659:._4	399889ffbc9b255715bb6002c60f0208	179	Pfam	PF07275	Antirestriction protein (ArdA)	13	175	3.7E-21	T	13-04-2026	IPR009899	Antirestriction	-	-
NZ_CP033929.1_1742755-1753359:._6	45e96edd73095f558fe487e50e76e4b7	201	CDD	cd03768	SR_ResInv	2	126	1.39997E-60	T	13-04-2026	-	-	-	-
NZ_CP033929.1_1742755-1753359:._6	45e96edd73095f558fe487e50e76e4b7	201	Pfam	PF00239	Resolvase, N terminal domain	3	135	3.4E-42	T	13-04-2026	IPR006119	Resolvase, N-terminal catalytic domain	-	-
NZ_CM148686.1_2917064-2927656:._8	446373b3349a9a96a242c25b52e4414d	173	Pfam	PF20291	ABC-three component (ABC-3C) system Middle Component 5	3	171	1.2E-35	T	13-04-2026	IPR046901	ABC-three component system, Middle Component 5	-	-
NZ_OZ409839.1_326389-336990:._4	cf5c807a47a43ad79fbff84bde17978b	504	Pfam	PF13005	zinc-finger binding domain of transposase IS66	123	153	0.0048	T	13-04-2026	IPR024474	Transposase IS66, zinc-finger binding domain of	-	-
NZ_OZ409839.1_326389-336990:._4	cf5c807a47a43ad79fbff84bde17978b	504	Pfam	PF03050	Transposase IS66 family	172	453	5.4E-88	T	13-04-2026	IPR004291	Transposase IS66, central domain	-	-
NZ_OZ409839.1_326389-336990:._4	cf5c807a47a43ad79fbff84bde17978b	504	Pfam	PF13007	Transposase C of IS166 homeodomain	41	113	9.3E-10	T	13-04-2026	IPR024463	Transposase TnpC, homeodomain	-	-
NZ_OZ257252.1_3003352-3013911:._5	0d8f637080d5b7e4c26970bebf203584	186	CDD	cd03768	SR_ResInv	2	127	6.59618E-46	T	13-04-2026	-	-	-	-
NZ_OZ257252.1_3003352-3013911:._5	0d8f637080d5b7e4c26970bebf203584	186	Pfam	PF02796	Helix-turn-helix domain of resolvase	139	181	0.0016	T	13-04-2026	IPR006120	Resolvase, HTH domain	-	-
NZ_OZ257252.1_3003352-3013911:._5	0d8f637080d5b7e4c26970bebf203584	186	Pfam	PF00239	Resolvase, N terminal domain	3	136	5.8E-35	T	13-04-2026	IPR006119	Resolvase, N-terminal catalytic domain	-	-
NZ_OX596083.1_2220108-2230706:._6	1953ae4266e0aa3a0b015d1a40e792f8	648	CDD	cd00338	Ser_Recombinase	4	141	1.44205E-21	T	13-04-2026	-	-	-	-
NZ_OX596083.1_2220108-2230706:._6	1953ae4266e0aa3a0b015d1a40e792f8	648	Pfam	PF13408	Recombinase zinc beta ribbon domain	294	350	3.3E-13	T	13-04-2026	IPR025827	Recombinase zinc beta ribbon domain	-	-
NZ_OX596083.1_2220108-2230706:._6	1953ae4266e0aa3a0b015d1a40e792f8	648	Pfam	PF00239	Resolvase, N terminal domain	4	151	2.1E-13	T	13-04-2026	IPR006119	Resolvase, N-terminal catalytic domain	-	-
NZ_OX596083.1_2220108-2230706:._6	1953ae4266e0aa3a0b015d1a40e792f8	648	Pfam	PF07508	Recombinase	173	281	2.7E-11	T	13-04-2026	IPR011109	DNA-binding recombinase domain	-	-
NZ_CP103375.1_3502053-3512636:._9	c1c2d91126fe97d0a8d361bd5d7509ff	253	Pfam	PF13614	AAA domain	5	176	9.5E-54	T	13-04-2026	IPR025669	AAA domain	-	-
NZ_CP103375.1_3502053-3512636:._9	c1c2d91126fe97d0a8d361bd5d7509ff	253	CDD	cd02042	ParAB_family	5	199	1.53283E-49	T	13-04-2026	-	-	-	-
NZ_CM148643.1_3210785-3221380:._1	2def3700ed079193a16f7d4ddc79c294	416	Pfam	PF21654	Cyclic GMP-AMP synthase DncV-like, nucleotidyltransferase domain	55	141	2.1E-5	T	13-04-2026	IPR048445	Cyclic GMP-AMP synthase DncV-like, nucleotidyltransferase domain	-	-
NZ_CM148643.1_3210785-3221380:._1	2def3700ed079193a16f7d4ddc79c294	416	CDD	cd05400	NT_2-5OAS_ClassI-CCAase	28	205	6.30214E-17	T	13-04-2026	IPR006116	2-5OAS/ClassI-CCAase, nucleotidyltransferase domain	-	-
NZ_LR215967.1_3265938-3276497:._11	f36acf49c0b878b529f7648b5d76a563	212	Pfam	PF09299	Mu transposase, C-terminal	41	103	4.4E-4	T	13-04-2026	IPR015378	Transposase-like, Mu, C-terminal	-	-
NZ_CP102938.1_14230-24825:._9	9a3c2ceec3d64745e514de00d97a10bd	300	CDD	cd07984	LPLAT_LABLAT-like	94	289	6.79452E-46	T	13-04-2026	IPR004960	Bacterial lipid A biosynthesis acyltransferase	-	-
NZ_CP102938.1_14230-24825:._9	9a3c2ceec3d64745e514de00d97a10bd	300	Pfam	PF03279	Bacterial lipid A biosynthesis acyltransferase	6	289	1.5E-34	T	13-04-2026	IPR004960	Bacterial lipid A biosynthesis acyltransferase	-	-
NZ_CP125988.1_20809-31371:._11	f700c4ef321c1e9eadca6f9edfbce255	329	Pfam	PF13280	WYL domain	155	324	3.9E-19	T	13-04-2026	IPR026881	WYL domain	-	-
NZ_CP037428.1_20809-31371:._11	f700c4ef321c1e9eadca6f9edfbce255	329	Pfam	PF13280	WYL domain	155	324	3.9E-19	T	13-04-2026	IPR026881	WYL domain	-	-
NZ_CP125998.1_20809-31371:._11	f700c4ef321c1e9eadca6f9edfbce255	329	Pfam	PF13280	WYL domain	155	324	3.9E-19	T	13-04-2026	IPR026881	WYL domain	-	-
NZ_CP053911.1_48024-58688:._11	f14394e22c282356c311cdfdecdae3ba	218	Pfam	PF05598	Transposase domain (DUF772)	51	125	7.9E-15	T	13-04-2026	IPR008490	Transposase InsH, N-terminal	-	-
NZ_CP020104.1_7258622-7269187:._2	a5dca53dccdd5084ed904ce0a4d1eea8	226	Pfam	PF13468	Glyoxalase-like domain	3	95	1.2E-5	T	13-04-2026	IPR025870	Glyoxalase-like domain	-	-
NZ_CP072250.1_32706-43298:._1	0476b46ec9a4ecc15fda67d959eb2884	196	Pfam	PF00754	F5/8 type C domain	78	188	2.2E-12	T	13-04-2026	IPR000421	Coagulation factor 5/8 C-terminal domain	-	-
NZ_CP116008.1_388998-399602:._7	f98405cf23798567d1416ca189d56b64	254	Pfam	PF14279	HNH endonuclease	4	47	1.1E-4	T	13-04-2026	IPR029471	HNH endonuclease 5	-	-
NZ_CP050063.1_6370496-6381115:._12	0bf706b76a5c7c24b1426ff2aaef2d38	176	Pfam	PF00717	Peptidase S24-like	25	143	8.6E-22	T	13-04-2026	IPR015927	Peptidase S24/S26A/S26B/S26C	-	-
NZ_CP050063.1_6370496-6381115:._12	0bf706b76a5c7c24b1426ff2aaef2d38	176	CDD	cd06529	S24_LexA-like	61	143	9.58343E-17	T	13-04-2026	IPR039418	LexA-like	-	-
NZ_CP025096.1_8554097-8564680:._3	ee401aa90c14e5528bb8bbe0093299ba	169	Pfam	PF04542	Sigma-70 region 2	2	58	0.0026	T	13-04-2026	IPR007627	RNA polymerase sigma-70 region 2	-	-
NZ_CP025096.1_8554097-8564680:._3	ee401aa90c14e5528bb8bbe0093299ba	169	Pfam	PF08281	Sigma-70, region 4	100	152	3.0E-11	T	13-04-2026	IPR013249	RNA polymerase sigma factor 70, region 4 type 2	-	-
NZ_CP025096.1_8554097-8564680:._3	ee401aa90c14e5528bb8bbe0093299ba	169	CDD	cd06171	Sigma70_r4	99	153	5.97441E-12	T	13-04-2026	-	-	-	-
NZ_CP039929.1_1273645-1284252:._6	4a5817fb3cf2e423d364583b8b87856e	202	CDD	cd03768	SR_ResInv	2	126	5.5399E-58	T	13-04-2026	-	-	-	-
NZ_CP039929.1_1273645-1284252:._6	4a5817fb3cf2e423d364583b8b87856e	202	Pfam	PF00239	Resolvase, N terminal domain	3	135	1.5E-41	T	13-04-2026	IPR006119	Resolvase, N-terminal catalytic domain	-	-
NZ_CP143943.1_29742-40334:._3	86ae19f7b1d014f921a3eedf8643dcc6	946	Pfam	PF19044	TraG P-loop domain	385	535	8.5E-35	T	13-04-2026	IPR043964	TraG, P-loop domain	-	-
NZ_CP143943.1_29742-40334:._3	86ae19f7b1d014f921a3eedf8643dcc6	946	Pfam	PF19044	TraG P-loop domain	620	888	4.4E-77	T	13-04-2026	IPR043964	TraG, P-loop domain	-	-
NZ_CP072256.1_33946-44538:._3	86ae19f7b1d014f921a3eedf8643dcc6	946	Pfam	PF19044	TraG P-loop domain	385	535	8.5E-35	T	13-04-2026	IPR043964	TraG, P-loop domain	-	-
NZ_CP072256.1_33946-44538:._3	86ae19f7b1d014f921a3eedf8643dcc6	946	Pfam	PF19044	TraG P-loop domain	620	888	4.4E-77	T	13-04-2026	IPR043964	TraG, P-loop domain	-	-
NZ_CP041231.1_28399-38991:._16	86ae19f7b1d014f921a3eedf8643dcc6	946	Pfam	PF19044	TraG P-loop domain	385	535	8.5E-35	T	13-04-2026	IPR043964	TraG, P-loop domain	-	-
NZ_CP041231.1_28399-38991:._16	86ae19f7b1d014f921a3eedf8643dcc6	946	Pfam	PF19044	TraG P-loop domain	620	888	4.4E-77	T	13-04-2026	IPR043964	TraG, P-loop domain	-	-
NZ_CP176634.1_1094783-1106443:._9	7577ef8e0e03ca819bf3f5203298fafe	101	Pfam	PF00583	Acetyltransferase (GNAT) family	29	99	1.4E-4	T	13-04-2026	IPR000182	GNAT domain	-	-
NZ_CP176634.1_1094783-1106443:._9	7577ef8e0e03ca819bf3f5203298fafe	101	CDD	cd04301	NAT_SF	49	101	5.86433E-7	T	13-04-2026	-	-	-	-
NZ_CP120354.1_19280-29884:._10	66de17faf852078da5df2e277fccda73	427	Pfam	PF07804	HipA-like C-terminal domain	170	387	2.3E-35	T	13-04-2026	IPR012893	HipA-like, C-terminal	-	-
NZ_CP120354.1_19280-29884:._10	66de17faf852078da5df2e277fccda73	427	Pfam	PF13657	HipA N-terminal domain	9	120	2.9E-8	T	13-04-2026	IPR017508	HipA, N-terminal subdomain 1	-	-
NZ_CP103197.1_18166-28749:._4	d88928081b24a4d998c698e7aa19f224	532	CDD	cd00075	HATPase	424	526	4.77476E-30	T	13-04-2026	-	-	-	-
NZ_CP103197.1_18166-28749:._4	d88928081b24a4d998c698e7aa19f224	532	Pfam	PF00512	His Kinase A (phospho-acceptor) domain	303	368	3.1E-9	T	13-04-2026	IPR003661	Signal transduction histidine kinase, dimerisation/phosphoacceptor domain	-	-
NZ_CP103197.1_18166-28749:._4	d88928081b24a4d998c698e7aa19f224	532	Pfam	PF02518	Histidine kinase-, DNA gyrase B-, and HSP90-like ATPase	417	528	1.4E-22	T	13-04-2026	IPR003594	Histidine kinase/HSP90-like ATPase	-	-
NZ_CP103197.1_18166-28749:._4	d88928081b24a4d998c698e7aa19f224	532	CDD	cd00082	HisKA	301	365	9.69911E-10	T	13-04-2026	IPR003661	Signal transduction histidine kinase, dimerisation/phosphoacceptor domain	-	-
NZ_CP081914.1_9325-19917:._16	67c013b88d0ba78b52cfb4972663d4f6	946	Pfam	PF19044	TraG P-loop domain	620	889	1.2E-77	T	13-04-2026	IPR043964	TraG, P-loop domain	-	-
NZ_CP081914.1_9325-19917:._16	67c013b88d0ba78b52cfb4972663d4f6	946	Pfam	PF19044	TraG P-loop domain	385	535	8.5E-35	T	13-04-2026	IPR043964	TraG, P-loop domain	-	-
NZ_CP081921.1_7444-18036:._14	67c013b88d0ba78b52cfb4972663d4f6	946	Pfam	PF19044	TraG P-loop domain	620	889	1.2E-77	T	13-04-2026	IPR043964	TraG, P-loop domain	-	-
NZ_CP081921.1_7444-18036:._14	67c013b88d0ba78b52cfb4972663d4f6	946	Pfam	PF19044	TraG P-loop domain	385	535	8.5E-35	T	13-04-2026	IPR043964	TraG, P-loop domain	-	-
NZ_CP045613.1_16258-26850:._13	67c013b88d0ba78b52cfb4972663d4f6	946	Pfam	PF19044	TraG P-loop domain	620	889	1.2E-77	T	13-04-2026	IPR043964	TraG, P-loop domain	-	-
NZ_CP045613.1_16258-26850:._13	67c013b88d0ba78b52cfb4972663d4f6	946	Pfam	PF19044	TraG P-loop domain	385	535	8.5E-35	T	13-04-2026	IPR043964	TraG, P-loop domain	-	-
NZ_CP072225.1_43770-54362:._3	67c013b88d0ba78b52cfb4972663d4f6	946	Pfam	PF19044	TraG P-loop domain	620	889	1.2E-77	T	13-04-2026	IPR043964	TraG, P-loop domain	-	-
NZ_CP072225.1_43770-54362:._3	67c013b88d0ba78b52cfb4972663d4f6	946	Pfam	PF19044	TraG P-loop domain	385	535	8.5E-35	T	13-04-2026	IPR043964	TraG, P-loop domain	-	-
NZ_CP081919.1_13891-24483:._3	67c013b88d0ba78b52cfb4972663d4f6	946	Pfam	PF19044	TraG P-loop domain	620	889	1.2E-77	T	13-04-2026	IPR043964	TraG, P-loop domain	-	-
NZ_CP081919.1_13891-24483:._3	67c013b88d0ba78b52cfb4972663d4f6	946	Pfam	PF19044	TraG P-loop domain	385	535	8.5E-35	T	13-04-2026	IPR043964	TraG, P-loop domain	-	-
NZ_CP095185.1_951427-961992:._1	94d7e898c181978fd5f7fd3e4179c8fd	184	Pfam	PF13333	Integrase core domain	121	174	3.5E-10	T	13-04-2026	IPR001584	Integrase, catalytic core	-	-
NZ_CP095185.1_951427-961992:._1	94d7e898c181978fd5f7fd3e4179c8fd	184	Pfam	PF00665	Integrase core domain	15	114	1.2E-14	T	13-04-2026	IPR001584	Integrase, catalytic core	-	-
NZ_AP029022.1_2742988-2753550:._8	dc975ac167fd019825400abf4705c3e2	173	Pfam	PF06114	IrrE N-terminal-like domain	34	167	4.4E-21	T	13-04-2026	IPR010359	IrrE N-terminal-like domain	-	-
NZ_CP120354.1_48892-59487:._9	0301de42e3544c3dbaf99295eb5f8914	132	Pfam	PF00436	Single-strand binding protein family	6	104	8.8E-10	T	13-04-2026	IPR000424	Primosome PriB/single-strand DNA-binding	-	-
NZ_CP120354.1_48892-59487:._9	0301de42e3544c3dbaf99295eb5f8914	132	CDD	cd04496	SSB_OBF	10	107	6.02208E-17	T	13-04-2026	IPR000424	Primosome PriB/single-strand DNA-binding	-	-
NZ_CP081299.1_1785944-1796431:._9	3f7c0b7c15bacf611ede404780a09d2e	344	Pfam	PF13700	Domain of unknown function (DUF4158)	7	165	4.1E-20	T	13-04-2026	IPR025296	Domain of unknown function DUF4158	-	-
NZ_CP087585.1_3158408-3169009:._5	4a1dce7c89764a28dc43a372d3bb3638	200	Pfam	PF00239	Resolvase, N terminal domain	3	135	9.7E-42	T	13-04-2026	IPR006119	Resolvase, N-terminal catalytic domain	-	-
NZ_CP087585.1_3158408-3169009:._5	4a1dce7c89764a28dc43a372d3bb3638	200	CDD	cd03768	SR_ResInv	2	126	3.10111E-56	T	13-04-2026	-	-	-	-
NZ_CP171010.1_321704-332272:._7	51c4a1c9ebdafedbe128a3ab89678e72	189	CDD	cd03768	SR_ResInv	2	127	1.96111E-58	T	13-04-2026	-	-	-	-
NZ_CP171010.1_321704-332272:._7	51c4a1c9ebdafedbe128a3ab89678e72	189	Pfam	PF02796	Helix-turn-helix domain of resolvase	139	183	3.0E-4	T	13-04-2026	IPR006120	Resolvase, HTH domain	-	-
NZ_CP171010.1_321704-332272:._7	51c4a1c9ebdafedbe128a3ab89678e72	189	Pfam	PF00239	Resolvase, N terminal domain	2	135	2.7E-40	T	13-04-2026	IPR006119	Resolvase, N-terminal catalytic domain	-	-
NZ_CP048222.1_624272-634840:._4	6a26bad842734d8cf5c2d604dd6d98f5	140	Pfam	PF13162	Protein of unknown function (DUF3997)	45	135	8.7E-6	T	13-04-2026	IPR025059	Protein of unknown function DUF3997	-	-
NC_013730.1_4412465-4423030:._10	23ac1e45d535af139ebb9ffca4f0a0d0	142	Pfam	PF04940	Sensors of blue-light using FAD	4	93	3.0E-24	T	13-04-2026	IPR007024	BLUF domain	-	-
NZ_CP016374.1_1840671-1851227:._11	e6847c98e720b649066a72396a290901	111	CDD	cd00093	HTH_XRE	13	66	2.15696E-7	T	13-04-2026	IPR001387	Cro/C1-type helix-turn-helix domain	-	-
NZ_CP016374.1_1840671-1851227:._11	e6847c98e720b649066a72396a290901	111	Pfam	PF01381	Helix-turn-helix	14	64	1.9E-4	T	13-04-2026	IPR001387	Cro/C1-type helix-turn-helix domain	-	-
NZ_CP111121.1_2399092-2409696:._13	e2623261a27c1d02ed3de48609c5102c	317	Pfam	PF00115	Cytochrome C and Quinol oxidase polypeptide I	20	316	2.2E-62	T	13-04-2026	IPR000883	Cytochrome c oxidase subunit I	-	-
NZ_CM148691.1_2392532-2403127:._2	cc373045e30f2ed0f1e5e79edff4f247	255	CDD	cd02440	AdoMet_MTases	33	131	6.29456E-16	T	13-04-2026	-	-	-	-
NZ_CM148691.1_2392532-2403127:._2	cc373045e30f2ed0f1e5e79edff4f247	255	Pfam	PF13847	Methyltransferase domain	29	154	4.2E-19	T	13-04-2026	IPR025714	Methyltransferase domain	-	-
NZ_CM148692.1_2418428-2429023:._2	cc373045e30f2ed0f1e5e79edff4f247	255	CDD	cd02440	AdoMet_MTases	33	131	6.29456E-16	T	13-04-2026	-	-	-	-
NZ_CM148692.1_2418428-2429023:._2	cc373045e30f2ed0f1e5e79edff4f247	255	Pfam	PF13847	Methyltransferase domain	29	154	4.2E-19	T	13-04-2026	IPR025714	Methyltransferase domain	-	-
NZ_OZ409824.1_5101300-5111901:._11	75c1a755b94060a981acb9fb3871daa7	94	Pfam	PF05717	IS66 Orf2 like protein	1	83	2.3E-24	T	13-04-2026	IPR008878	Transposase IS66, Orf2	-	-
NZ_OZ409839.1_326389-336990:._5	75c1a755b94060a981acb9fb3871daa7	94	Pfam	PF05717	IS66 Orf2 like protein	1	83	2.3E-24	T	13-04-2026	IPR008878	Transposase IS66, Orf2	-	-
NZ_CM148644.1_2122378-2132973:._6	8f95bccdbe2cdd3d2378b12690d5dae3	328	Pfam	PF18144	Second Messenger Oligonucleotide or Dinucleotide Synthetase domain	1	143	4.1E-6	T	13-04-2026	-	-	-	-
NZ_CM148644.1_2122378-2132973:._6	8f95bccdbe2cdd3d2378b12690d5dae3	328	CDD	cd05400	NT_2-5OAS_ClassI-CCAase	25	161	1.67937E-14	T	13-04-2026	IPR006116	2-5OAS/ClassI-CCAase, nucleotidyltransferase domain	-	-
NZ_CP117880.1_3051631-3062205:._4	a4425723d347807b5f59e1542eb4083c	286	CDD	cd03487	RT_Bac_retron_II	53	250	2.75889E-55	T	13-04-2026	IPR000123	RNA-directed DNA polymerase (reverse transcriptase), msDNA	-	-
NZ_CP117880.1_3051631-3062205:._4	a4425723d347807b5f59e1542eb4083c	286	Pfam	PF00078	Reverse transcriptase (RNA-dependent DNA polymerase)	60	225	2.4E-12	T	13-04-2026	IPR000477	Reverse transcriptase domain	-	-
NZ_CP116008.1_2079178-2089746:._7	737f511b27d0f114333484e84b6e6e9f	269	Pfam	PF05572	Pregnancy-associated plasma protein-A	158	256	5.9E-9	T	13-04-2026	IPR008754	Peptidase M43, pregnancy-associated plasma-A	-	-
NZ_CP033929.1_1742755-1753359:._1	4427f4e3ab5f31d5f48b56b780b13c83	237	Pfam	PF14337	Abortive infection alpha	64	190	2.4E-18	T	13-04-2026	IPR025506	Abortive infection alpha	-	-
NZ_CP179925.1_3024398-3036073:._2	8a868c0aabaf85657ad1fa82452717ee	288	CDD	cd06524	GH25_YegX-like	89	276	6.19425E-86	T	13-04-2026	-	-	-	-
NZ_CP179925.1_3024398-3036073:._2	8a868c0aabaf85657ad1fa82452717ee	288	Pfam	PF01183	Glycosyl hydrolases family 25	91	265	5.1E-47	T	13-04-2026	IPR002053	Glycoside hydrolase, family 25	-	-
NC_009614.1_2958343-2970018:._2	8a868c0aabaf85657ad1fa82452717ee	288	CDD	cd06524	GH25_YegX-like	89	276	6.19425E-86	T	13-04-2026	-	-	-	-
NC_009614.1_2958343-2970018:._2	8a868c0aabaf85657ad1fa82452717ee	288	Pfam	PF01183	Glycosyl hydrolases family 25	91	265	5.1E-47	T	13-04-2026	IPR002053	Glycoside hydrolase, family 25	-	-
NZ_AP027044.1_1-9179:._7	e8aabca12a3c3b6c15a73e619c4e595d	159	Pfam	PF00565	Staphylococcal nuclease homologue	47	142	9.1E-22	T	13-04-2026	IPR016071	Staphylococcal nuclease (SNase-like), OB-fold	-	-
NZ_CP056032.1_3024565-3035151:._9	6d88f3798f304f4e65ee4374790aa4e2	120	Pfam	PF01527	Transposase	22	96	1.0E-7	T	13-04-2026	IPR002514	Transposase IS3/IS911family	-	-
NZ_CP103375.1_3502053-3512636:._7	1bc243ea08efd2c37df7334376278ca7	194	CDD	cd03768	SR_ResInv	4	128	4.26057E-51	T	13-04-2026	-	-	-	-
NZ_CP103375.1_3502053-3512636:._7	1bc243ea08efd2c37df7334376278ca7	194	Pfam	PF00239	Resolvase, N terminal domain	5	137	1.0E-37	T	13-04-2026	IPR006119	Resolvase, N-terminal catalytic domain	-	-
NZ_CP103375.1_3502053-3512636:._7	1bc243ea08efd2c37df7334376278ca7	194	Pfam	PF02796	Helix-turn-helix domain of resolvase	151	186	0.0033	T	13-04-2026	IPR006120	Resolvase, HTH domain	-	-
NZ_OZ245719.1_5125857-5136431:._1	2fbb101b55c63db6fe2620786a2fec87	176	Pfam	PF18962	Secretion system C-terminal sorting domain	107	173	4.7E-8	T	13-04-2026	IPR026444	Secretion system C-terminal sorting domain	-	-
NZ_OZ245719.1_5125857-5136431:._1	2fbb101b55c63db6fe2620786a2fec87	176	Pfam	PF07731	Multicopper oxidase	1	92	1.2E-16	T	13-04-2026	IPR011706	Multicopper oxidase, C-terminal	-	-
NZ_CP018939.1_26094-36686:._17	63239e4671d3218556bc8e8b62136a06	128	CDD	cd00093	HTH_XRE	10	59	9.01541E-8	T	13-04-2026	IPR001387	Cro/C1-type helix-turn-helix domain	-	-
NZ_CP018939.1_26094-36686:._17	63239e4671d3218556bc8e8b62136a06	128	Pfam	PF13560	Helix-turn-helix domain	9	46	1.1E-4	T	13-04-2026	-	-	-	-
NZ_CP146517.1_1634569-1644945:._4	14d7e4698b0af67e6aac80a1c7c4bce1	58	Pfam	PF00589	Phage integrase family	3	42	4.8E-5	T	13-04-2026	IPR002104	Integrase, catalytic domain	-	-
NZ_CP085529.1_500099-510658:._2	fb06b49ddd5f5139f1caa5778472324b	294	Pfam	PF05621	Bacterial TniB protein	20	209	3.7E-69	T	13-04-2026	IPR008868	Bacterial TniB	-	-
NZ_LR215967.1_3265938-3276497:._10	fb06b49ddd5f5139f1caa5778472324b	294	Pfam	PF05621	Bacterial TniB protein	20	209	3.7E-69	T	13-04-2026	IPR008868	Bacterial TniB	-	-
NZ_CM148647.1_2391999-2402636:._4	53c97f8394a6f0ca869a6ef2e3dd4077	338	Pfam	PF02445	Quinolinate synthetase A protein	34	332	3.0E-113	T	13-04-2026	IPR003473	Quinolinate synthetase A	-	-
NZ_CM148691.1_2392532-2403127:._4	53c97f8394a6f0ca869a6ef2e3dd4077	338	Pfam	PF02445	Quinolinate synthetase A protein	34	332	3.0E-113	T	13-04-2026	IPR003473	Quinolinate synthetase A	-	-
NZ_CM148689.1_3656431-3667026:._9	53c97f8394a6f0ca869a6ef2e3dd4077	338	Pfam	PF02445	Quinolinate synthetase A protein	34	332	3.0E-113	T	13-04-2026	IPR003473	Quinolinate synthetase A	-	-
NZ_CM148692.1_2418428-2429023:._4	53c97f8394a6f0ca869a6ef2e3dd4077	338	Pfam	PF02445	Quinolinate synthetase A protein	34	332	3.0E-113	T	13-04-2026	IPR003473	Quinolinate synthetase A	-	-
NZ_CP133672.1_35799-46355:._3	68826a6a1ab88e20d27e40e7062f31de	449	Pfam	PF21205	Initiator Rep protein, WH2	183	239	5.1E-9	T	13-04-2026	-	-	-	-
NZ_CP133672.1_35799-46355:._3	68826a6a1ab88e20d27e40e7062f31de	449	Pfam	PF01051	Initiator Replication protein, WH1	18	171	6.9E-20	T	13-04-2026	IPR000525	Initiator Rep protein, WH1 domain	-	-
NZ_CP116008.1_388998-399602:._10	8c4816b84da41280bde292a1d43c2502	201	CDD	cd03768	SR_ResInv	2	126	1.18331E-58	T	13-04-2026	-	-	-	-
NZ_CP116008.1_388998-399602:._10	8c4816b84da41280bde292a1d43c2502	201	Pfam	PF00239	Resolvase, N terminal domain	3	135	4.2E-41	T	13-04-2026	IPR006119	Resolvase, N-terminal catalytic domain	-	-
NZ_CP119421.1_435009-445568:._8	d17cdc7f11f551e6c71b5f223c9f5ed2	517	Pfam	PF00326	Prolyl oligopeptidase family	166	252	0.1	T	13-04-2026	IPR001375	Peptidase S9, prolyl oligopeptidase, catalytic domain	-	-
NZ_CP110003.1_1-5567:._5	a1c7b4de24a6f6deb65be09dd6a15d14	436	CDD	cd22332	HsdR_N	32	258	1.12332E-67	T	13-04-2026	-	-	-	-
NZ_CP110003.1_1-5567:._5	a1c7b4de24a6f6deb65be09dd6a15d14	436	Pfam	PF04851	Type III restriction enzyme, res subunit	272	436	7.0E-36	T	13-04-2026	IPR006935	Helicase/UvrB, N-terminal	-	-
NZ_CP110003.1_1-5567:._5	a1c7b4de24a6f6deb65be09dd6a15d14	436	Pfam	PF04313	Type I restriction enzyme R protein N terminus (HSDR_N)	30	220	1.4E-42	T	13-04-2026	IPR007409	Restriction endonuclease, type I, HsdR, N-terminal	-	-
NZ_CP092371.1_10906-21471:._1	a1c7b4de24a6f6deb65be09dd6a15d14	436	CDD	cd22332	HsdR_N	32	258	1.12332E-67	T	13-04-2026	-	-	-	-
NZ_CP092371.1_10906-21471:._1	a1c7b4de24a6f6deb65be09dd6a15d14	436	Pfam	PF04851	Type III restriction enzyme, res subunit	272	436	7.0E-36	T	13-04-2026	IPR006935	Helicase/UvrB, N-terminal	-	-
NZ_CP092371.1_10906-21471:._1	a1c7b4de24a6f6deb65be09dd6a15d14	436	Pfam	PF04313	Type I restriction enzyme R protein N terminus (HSDR_N)	30	220	1.4E-42	T	13-04-2026	IPR007409	Restriction endonuclease, type I, HsdR, N-terminal	-	-
NZ_OZ409839.1_326389-336990:._1	2c583dd7ebb2b8c53f5465a0af55846a	193	Pfam	PF00113	Enolase, C-terminal TIM barrel domain	1	193	2.9E-72	T	13-04-2026	IPR020810	Enolase, C-terminal TIM barrel domain	-	-
NZ_CM148639.1_2745888-2756492:._4	4383ca3eab664d8838dd38d620cedae2	74	Pfam	PF02604	Antitoxin Phd_YefM, type II toxin-antitoxin system	1	69	2.0E-4	T	13-04-2026	IPR006442	Type II toxin-antitoxin system, antitoxin Phd/YefM	-	-
NZ_CP095413.1_5460829-5471271:._7	737b902b032481212ad7e6bccc6cd3e6	546	Pfam	PF00343	Carbohydrate phosphorylase	312	464	7.1E-8	T	13-04-2026	IPR000811	Glycosyl transferase, family 35	-	-
NZ_CP081299.1_7335084-7345685:._7	1cfac976d7552a51c7db14e0987704f7	200	CDD	cd03768	SR_ResInv	2	126	2.214E-62	T	13-04-2026	-	-	-	-
NZ_CP081299.1_7335084-7345685:._7	1cfac976d7552a51c7db14e0987704f7	200	Pfam	PF00239	Resolvase, N terminal domain	3	135	1.4E-45	T	13-04-2026	IPR006119	Resolvase, N-terminal catalytic domain	-	-
NZ_CP095070.1_93803-104413:._6	e8e34be6088d21fbc62c3e2f95bb9c44	584	Pfam	PF13700	Domain of unknown function (DUF4158)	18	180	2.7E-49	T	13-04-2026	IPR025296	Domain of unknown function DUF4158	-	-
NZ_CP104203.1_3298143-3308708:._8	717a0b5cb17a1f1cff025c3056d735a4	182	Pfam	PF13541	Subunit ChlI of Mg-chelatase	20	142	1.2E-44	T	13-04-2026	-	-	-	-
NZ_CP033926.1_4536317-4546921:._1	4b04b0568b989415df50e9e0c8b1a5f4	403	Pfam	PF09994	Uncharacterized alpha/beta hydrolase domain (DUF2235)	86	205	1.2E-8	T	13-04-2026	IPR018712	Tle1 phospholipase	-	-
NZ_CP022986.1_896566-907170:._8	50a4c72c724f84e30d2becee63bb684c	201	Pfam	PF00239	Resolvase, N terminal domain	3	135	2.1E-42	T	13-04-2026	IPR006119	Resolvase, N-terminal catalytic domain	-	-
NZ_CP022986.1_896566-907170:._8	50a4c72c724f84e30d2becee63bb684c	201	CDD	cd03768	SR_ResInv	2	126	2.12819E-59	T	13-04-2026	-	-	-	-
NZ_OZ245719.1_5125857-5136431:._3	d6bbf958073294f180b91a04970b02b9	190	Pfam	PF12833	Helix-turn-helix domain	98	176	1.5E-14	T	13-04-2026	IPR018060	DNA binding HTH domain, AraC-type	-	-
NZ_OZ245719.1_5125857-5136431:._3	d6bbf958073294f180b91a04970b02b9	190	CDD	cd00371	HMA	3	61	6.50851E-4	T	13-04-2026	IPR006121	Heavy metal-associated domain, HMA	-	-
NZ_CP025096.1_8554097-8564680:._7	22536ad858838b045116a7ab756fcbe0	85	Pfam	PF13751	Transposase DDE domain	3	49	5.2E-4	T	13-04-2026	IPR025668	Transposase DDE domain	-	-
NZ_CM148647.1_2391999-2402636:._8	727fa0a67c2a81d32c5b8d731ea9cc04	212	Pfam	PF00239	Resolvase, N terminal domain	18	156	3.0E-21	T	13-04-2026	IPR006119	Resolvase, N-terminal catalytic domain	-	-
NZ_CM148647.1_2391999-2402636:._8	727fa0a67c2a81d32c5b8d731ea9cc04	212	CDD	cd03768	SR_ResInv	19	147	1.02517E-32	T	13-04-2026	-	-	-	-
NZ_CP121110.1_2169661-2180256:._5	fc03cc72a764964060523ee6d5d8df95	416	Pfam	PF13541	Subunit ChlI of Mg-chelatase	1	75	1.5E-20	T	13-04-2026	-	-	-	-
NZ_CP121110.1_2169661-2180256:._5	fc03cc72a764964060523ee6d5d8df95	416	Pfam	PF01078	Magnesium chelatase, subunit ChlI	127	332	7.1E-90	T	13-04-2026	IPR000523	Magnesium chelatase ChlI-like, catalytic domain	-	-
NZ_CP121110.1_2169661-2180256:._5	fc03cc72a764964060523ee6d5d8df95	416	Pfam	PF13335	Magnesium chelatase, subunit ChlI C-terminal	340	409	1.2E-15	T	13-04-2026	IPR025158	Mg chelatase-related protein, C-terminal domain	-	-
NZ_CP094932.1_1506-12110:._3	db4bc712faa7ed3b7b5a6449c76a941d	365	Pfam	PF14319	Transposase zinc-binding domain	18	96	2.4E-27	T	13-04-2026	IPR026889	Transposase zinc-binding domain	-	-
NZ_CP094932.1_1506-12110:._3	db4bc712faa7ed3b7b5a6449c76a941d	365	Pfam	PF04986	Putative transposase	135	303	1.8E-50	T	13-04-2026	IPR007069	Transposase, IS801/IS1294	-	-
NZ_CP094531.1_39741-50303:._7	6437e46038a4ea86c678362da1b8e293	187	CDD	cd03768	SR_ResInv	2	127	6.65057E-57	T	13-04-2026	-	-	-	-
NZ_CP094531.1_39741-50303:._7	6437e46038a4ea86c678362da1b8e293	187	Pfam	PF02796	Helix-turn-helix domain of resolvase	139	184	0.0083	T	13-04-2026	IPR006120	Resolvase, HTH domain	-	-
NZ_CP094531.1_39741-50303:._7	6437e46038a4ea86c678362da1b8e293	187	Pfam	PF00239	Resolvase, N terminal domain	3	135	2.2E-38	T	13-04-2026	IPR006119	Resolvase, N-terminal catalytic domain	-	-
NZ_CP023642.1_4512811-4523433:._10	4b4e653130e67f61cb8ae03c6a742db3	207	CDD	cd03768	SR_ResInv	14	139	5.45827E-30	T	13-04-2026	-	-	-	-
NZ_CP023642.1_4512811-4523433:._10	4b4e653130e67f61cb8ae03c6a742db3	207	Pfam	PF00239	Resolvase, N terminal domain	13	148	3.1E-21	T	13-04-2026	IPR006119	Resolvase, N-terminal catalytic domain	-	-
NC_010830.1_107438-117994:._2	08a5303c4e11daa6534912dcb6478c99	355	Pfam	PF12796	Ankyrin repeats (3 copies)	194	282	5.6E-13	T	13-04-2026	IPR002110	Ankyrin repeat	-	-
NZ_CP096247.1_1008628-1019193:._3	6c0e56cff39e4913332f394971f96ef5	179	CDD	cd06223	PRTases_typeI	48	167	2.10185E-9	T	13-04-2026	IPR000836	Phosphoribosyltransferase domain	-	-
NZ_CP096247.1_1008628-1019193:._3	6c0e56cff39e4913332f394971f96ef5	179	Pfam	PF00156	Phosphoribosyl transferase domain	47	175	0.0036	T	13-04-2026	IPR000836	Phosphoribosyltransferase domain	-	-
NZ_CP096247.1_1006520-1017082:._4	6c0e56cff39e4913332f394971f96ef5	179	CDD	cd06223	PRTases_typeI	48	167	2.10185E-9	T	13-04-2026	IPR000836	Phosphoribosyltransferase domain	-	-
NZ_CP096247.1_1006520-1017082:._4	6c0e56cff39e4913332f394971f96ef5	179	Pfam	PF00156	Phosphoribosyl transferase domain	47	175	0.0036	T	13-04-2026	IPR000836	Phosphoribosyltransferase domain	-	-
NZ_CP159476.1_3963034-3973641:._6	32c83ce662dc7fb5a497a5f1a76ad435	202	CDD	cd03768	SR_ResInv	2	131	2.02087E-54	T	13-04-2026	-	-	-	-
NZ_CP159476.1_3963034-3973641:._6	32c83ce662dc7fb5a497a5f1a76ad435	202	Pfam	PF00239	Resolvase, N terminal domain	2	140	1.5E-37	T	13-04-2026	IPR006119	Resolvase, N-terminal catalytic domain	-	-
NZ_CP119604.1_57801-68393:._10	f39de130540814a5de35f2ea11e476c5	523	Pfam	PF13007	Transposase C of IS166 homeodomain	42	117	3.1E-10	T	13-04-2026	IPR024463	Transposase TnpC, homeodomain	-	-
NZ_CP119604.1_57801-68393:._10	f39de130540814a5de35f2ea11e476c5	523	Pfam	PF13817	IS66 C-terminal element	473	513	5.9E-5	T	13-04-2026	IPR039552	Transposase IS66, C-terminal	-	-
NZ_CP119604.1_57801-68393:._10	f39de130540814a5de35f2ea11e476c5	523	Pfam	PF03050	Transposase IS66 family	185	466	1.9E-92	T	13-04-2026	IPR004291	Transposase IS66, central domain	-	-
NZ_CP033926.1_4536317-4546921:._8	ff4a076eaf647dbd19ec9fa874231ce2	294	Pfam	PF18165	Predicted pPIWI-associating nuclease	145	256	1.4E-7	T	13-04-2026	IPR040556	Predicted pPIWI-associating nuclease	-	-
NZ_CP182581.1_4402594-4413114:._10	b53d2750ad422d6fb98279f864536308	246	Pfam	PF02485	Core-2/I-Branching enzyme	52	190	9.7E-21	T	13-04-2026	IPR003406	Glycosyl transferase, family 14	-	-
NZ_CP180265.1_3933061-3943665:._4	d153db64bde21072423faee3dfb7d8ba	336	Pfam	PF07484	Phage Tail Collar Domain	164	221	4.5E-20	T	13-04-2026	IPR011083	Phage tail collar domain	-	-
NZ_CP056775.1_980430-990995:._8	d1e0870867bb026f95d65180119f589a	188	Pfam	PF02796	Helix-turn-helix domain of resolvase	137	184	1.3E-5	T	13-04-2026	IPR006120	Resolvase, HTH domain	-	-
NZ_CP056775.1_980430-990995:._8	d1e0870867bb026f95d65180119f589a	188	CDD	cd03768	SR_ResInv	2	125	1.97815E-62	T	13-04-2026	-	-	-	-
NZ_CP056775.1_980430-990995:._8	d1e0870867bb026f95d65180119f589a	188	Pfam	PF00239	Resolvase, N terminal domain	2	134	2.1E-43	T	13-04-2026	IPR006119	Resolvase, N-terminal catalytic domain	-	-
NZ_CP059732.1_8769055-8779602:._6	ed2b4fcb87712903b7f38fd103c9ff1a	139	Pfam	PF13358	DDE superfamily endonuclease	23	120	3.2E-8	T	13-04-2026	IPR038717	Tc1-like transposase, DDE domain	-	-
NZ_CP120354.1_19280-29884:._9	8ce56c305f289d7c38ed0b00434c088f	112	CDD	cd00093	HTH_XRE	24	73	8.08263E-6	T	13-04-2026	IPR001387	Cro/C1-type helix-turn-helix domain	-	-
NZ_CP120354.1_19280-29884:._9	8ce56c305f289d7c38ed0b00434c088f	112	Pfam	PF01381	Helix-turn-helix	27	72	0.032	T	13-04-2026	IPR001387	Cro/C1-type helix-turn-helix domain	-	-
NZ_CP060787.1_1-8437:._6	4f801ca6b5470a9ef5070e5f740734de	264	Pfam	PF13683	Integrase core domain	170	235	3.0E-14	T	13-04-2026	IPR001584	Integrase, catalytic core	-	-
NZ_OX030782.1_4641479-4652074:._1	abca1913f4dc57798a2b8b9be3c99bd7	166	Pfam	PF19351	Domain of unknown function (DUF5929)	2	166	5.7E-70	T	13-04-2026	IPR045973	Domain of unknown function DUF5929	-	-
NZ_CP095185.1_951427-961992:._5	e0b2e2767e3b8c48af6128ab5bb9fed8	188	Pfam	PF00239	Resolvase, N terminal domain	3	136	1.0E-38	T	13-04-2026	IPR006119	Resolvase, N-terminal catalytic domain	-	-
NZ_CP095185.1_951427-961992:._5	e0b2e2767e3b8c48af6128ab5bb9fed8	188	CDD	cd03768	SR_ResInv	2	127	1.24457E-56	T	13-04-2026	-	-	-	-
NZ_CP095185.1_951427-961992:._5	e0b2e2767e3b8c48af6128ab5bb9fed8	188	Pfam	PF02796	Helix-turn-helix domain of resolvase	139	183	0.07	T	13-04-2026	IPR006120	Resolvase, HTH domain	-	-
NZ_CP095413.1_5460829-5471271:._2	7d96d6e15f5a8c1b420706b0a903f4c8	510	Pfam	PF13751	Transposase DDE domain	341	460	7.4E-13	T	13-04-2026	IPR025668	Transposase DDE domain	-	-
NZ_CP095413.1_5460829-5471271:._2	7d96d6e15f5a8c1b420706b0a903f4c8	510	Pfam	PF05598	Transposase domain (DUF772)	53	121	7.6E-16	T	13-04-2026	IPR008490	Transposase InsH, N-terminal	-	-
NZ_CM148639.1_2745888-2756492:._10	8a555b98ab1a1d4fc6adc6a3524aeb30	201	Pfam	PF00239	Resolvase, N terminal domain	3	135	4.3E-41	T	13-04-2026	IPR006119	Resolvase, N-terminal catalytic domain	-	-
NZ_CM148639.1_2745888-2756492:._10	8a555b98ab1a1d4fc6adc6a3524aeb30	201	CDD	cd03768	SR_ResInv	2	126	1.81697E-57	T	13-04-2026	-	-	-	-
NZ_CP072339.1_1316605-1328361:._3	476d8ae0829b7a95a74618e05d816429	297	Pfam	PF00535	Glycosyl transferase family 2	4	166	4.2E-34	T	13-04-2026	IPR001173	Glycosyltransferase 2-like	-	-
NZ_CP072339.1_1316605-1328361:._3	476d8ae0829b7a95a74618e05d816429	297	CDD	cd00761	Glyco_tranf_GTA_type	5	113	8.86334E-36	T	13-04-2026	-	-	-	-
NZ_CP103375.1_3502053-3512636:._11	9049d7cd6fdec676c40fdbb9447a5532	249	CDD	cd02440	AdoMet_MTases	41	141	1.00721E-12	T	13-04-2026	-	-	-	-
NZ_CP103375.1_3502053-3512636:._11	9049d7cd6fdec676c40fdbb9447a5532	249	Pfam	PF13649	Methyltransferase domain	42	136	5.0E-13	T	13-04-2026	IPR041698	Methyltransferase domain 25	-	-
NZ_CP032819.1_28358-38950:._12	b4477bf9dcce493f1d13a27ed690ad2d	147	Pfam	PF00005	ABC transporter	14	69	8.4E-7	T	13-04-2026	IPR003439	ABC transporter-like, ATP-binding domain	-	-
NZ_CP111121.1_4947174-4957778:._10	7e251204c2f4e6809aec4f6fbe626b2c	275	Pfam	PF18962	Secretion system C-terminal sorting domain	210	273	1.2E-8	T	13-04-2026	IPR026444	Secretion system C-terminal sorting domain	-	-
NZ_CP089538.1_2526952-2537580:._5	1e9456a21a0ce43c045e7ea35caaf311	209	Pfam	PF02796	Helix-turn-helix domain of resolvase	175	202	0.0049	T	13-04-2026	IPR006120	Resolvase, HTH domain	-	-
NZ_CP089538.1_2526952-2537580:._5	1e9456a21a0ce43c045e7ea35caaf311	209	CDD	cd03768	SR_ResInv	21	145	8.85362E-62	T	13-04-2026	-	-	-	-
NZ_CP089538.1_2526952-2537580:._5	1e9456a21a0ce43c045e7ea35caaf311	209	Pfam	PF00239	Resolvase, N terminal domain	22	154	4.8E-42	T	13-04-2026	IPR006119	Resolvase, N-terminal catalytic domain	-	-
NZ_CP119421.1_435009-445568:._5	1e5bbdc1eafd22fb6170596f7cf7f4cb	96	Pfam	PF01527	Transposase	10	79	1.7E-17	T	13-04-2026	IPR002514	Transposase IS3/IS911family	-	-
NZ_OZ257252.1_2008577-2019169:._13	03eca116a94fb1ccb29a9bf87e19a4b0	125	CDD	cd17546	REC_hyHK_CKI1_RcsC-like	6	119	1.80824E-38	T	13-04-2026	-	-	-	-
NZ_OZ257252.1_2008577-2019169:._13	03eca116a94fb1ccb29a9bf87e19a4b0	125	Pfam	PF00072	Response regulator receiver domain	6	119	1.5E-23	T	13-04-2026	IPR001789	Signal transduction response regulator, receiver domain	-	-
NZ_CP072249.1_7477-18069:._7	2e0f0de2717c5cb82d8b16fe65622eed	651	Pfam	PF02534	Type IV secretory system Conjugative DNA transfer	153	557	1.1E-15	T	13-04-2026	IPR003688	Type IV secretion system protein TraG/VirD4	-	-
NZ_CP072249.1_7477-18069:._7	2e0f0de2717c5cb82d8b16fe65622eed	651	CDD	cd01127	TrwB_TraG_TraD_VirD4	414	517	1.36855E-13	T	13-04-2026	-	-	-	-
NZ_CP072249.1_7477-18069:._7	2e0f0de2717c5cb82d8b16fe65622eed	651	Pfam	PF14293	YWFCY protein	3	143	6.4E-8	T	13-04-2026	IPR025988	YWFCY domain	-	-
NZ_CP094669.1_3816073-3826653:._3	f01e035d0f67c1f405cbefd964bec812	320	Pfam	PF12706	Beta-lactamase superfamily domain	95	276	4.0E-15	T	13-04-2026	IPR001279	Metallo-beta-lactamase	-	-
NZ_CP029145.1_1157964-1168115:._9	ac4d7667141c8e5bec8af9279c484b50	50	Pfam	PF00239	Resolvase, N terminal domain	3	49	1.8E-7	T	13-04-2026	IPR006119	Resolvase, N-terminal catalytic domain	-	-
NZ_CP033922.1_2373170-2383738:._1	45282d1a80b0e01dffe36592f3837c6f	164	Pfam	PF13568	Outer membrane protein beta-barrel domain	2	142	7.5E-21	T	13-04-2026	IPR025665	Outer membrane protein beta-barrel domain 2	-	-
NZ_CP043609.1_17474-28072:._8	1eab07fcf486f77e1b4663c12508df43	97	Pfam	PF14055	NVEALA protein	3	50	1.1E-8	T	13-04-2026	IPR025905	NVEALA protein	-	-
NZ_CP119422.1_5694152-5704711:._5	58f03c5494f1533c09d3ff1b6b055a87	289	Pfam	PF13495	Phage integrase, N-terminal SAM-like domain	16	96	1.1E-11	T	13-04-2026	IPR004107	Integrase, SAM-like, N-terminal	-	-
NZ_CP119422.1_5694152-5704711:._5	58f03c5494f1533c09d3ff1b6b055a87	289	Pfam	PF00589	Phage integrase family	116	275	3.0E-39	T	13-04-2026	IPR002104	Integrase, catalytic domain	-	-
NZ_CP011318.1_3761958-3772556:._3	51007a53d44e2b9636d64b2768d716e6	579	Pfam	PF08239	Bacterial SH3 domain	422	469	1.5E-5	T	13-04-2026	IPR003646	SH3-like domain, bacterial-type	-	-
NZ_CP011318.1_3761958-3772556:._3	51007a53d44e2b9636d64b2768d716e6	579	Pfam	PF08239	Bacterial SH3 domain	326	373	1.5E-5	T	13-04-2026	IPR003646	SH3-like domain, bacterial-type	-	-
NZ_CP011318.1_3761958-3772556:._3	51007a53d44e2b9636d64b2768d716e6	579	Pfam	PF08239	Bacterial SH3 domain	230	277	1.5E-5	T	13-04-2026	IPR003646	SH3-like domain, bacterial-type	-	-
NZ_CP011318.1_3761958-3772556:._3	51007a53d44e2b9636d64b2768d716e6	579	Pfam	PF08239	Bacterial SH3 domain	134	181	1.5E-5	T	13-04-2026	IPR003646	SH3-like domain, bacterial-type	-	-
NZ_CP016374.1_1840671-1851227:._4	fa8b94b6949d96f53b853abeb0d29ce8	296	Pfam	PF00561	alpha/beta hydrolase fold	36	282	4.3E-21	T	13-04-2026	IPR000073	Alpha/beta hydrolase fold-1	-	-
NZ_CP085529.1_500099-510658:._8	132de9674771b96e7e3f08e0ef0d2298	744	Pfam	PF00082	Subtilase family	269	540	6.6E-15	T	13-04-2026	IPR000209	Peptidase S8/S53 domain	-	-
NZ_CP085529.1_500099-510658:._8	132de9674771b96e7e3f08e0ef0d2298	744	CDD	cd04847	Peptidases_S8_Subtilisin_like_2	272	528	2.01365E-68	T	13-04-2026	IPR034074	Y4bN, peptidase domain	-	-
NZ_LR215967.1_3265938-3276497:._4	132de9674771b96e7e3f08e0ef0d2298	744	Pfam	PF00082	Subtilase family	269	540	6.6E-15	T	13-04-2026	IPR000209	Peptidase S8/S53 domain	-	-
NZ_LR215967.1_3265938-3276497:._4	132de9674771b96e7e3f08e0ef0d2298	744	CDD	cd04847	Peptidases_S8_Subtilisin_like_2	272	528	2.01365E-68	T	13-04-2026	IPR034074	Y4bN, peptidase domain	-	-
NC_015144.1_2100312-2110919:._1	cc3b695e960388269ee28cdcccf92f07	967	Pfam	PF07669	Eco57I restriction-modification methylase	535	646	2.4E-10	T	13-04-2026	IPR011639	Type II methyltransferase M.TaqI-like domain	-	-
NC_015144.1_2100312-2110919:._1	cc3b695e960388269ee28cdcccf92f07	967	Pfam	PF12950	TaqI-like C-terminal specificity domain	745	900	1.7E-4	T	13-04-2026	IPR025931	TaqI-like C-terminal specificity domain	-	-
NC_015144.1_2100312-2110919:._1	cc3b695e960388269ee28cdcccf92f07	967	Pfam	PF20473	MmeI, DNA-methyltransferase domain	324	401	9.9E-4	T	13-04-2026	IPR046816	MmeI-like, DNA-methyltransferase domain	-	-
NZ_CP054141.1_36662-47269:._7	2c3aefde2f9768cdb25123458b4c8b99	54	Pfam	PF13411	MerR HTH family regulatory protein	6	51	0.46	T	13-04-2026	IPR000551	MerR-type HTH domain	-	-
NZ_CP051682.1_46407-57116:._9	3606dbd8930962efc220fe218ba66d7b	221	Pfam	PF00132	Bacterial transferase hexapeptide (six repeats)	152	186	9.5E-6	T	13-04-2026	IPR001451	Hexapeptide repeat	-	-
NZ_CP051682.1_46407-57116:._9	3606dbd8930962efc220fe218ba66d7b	221	CDD	cd04647	LbH_MAT_like	91	202	4.60291E-35	T	13-04-2026	-	-	-	-
NZ_CP119422.1_4788955-4799508:._4	24f29067b387dd8ce4b763ab35139315	128	Pfam	PF11799	impB/mucB/samB family C-terminal domain	1	49	0.015	T	13-04-2026	IPR017961	DNA polymerase, Y-family, little finger domain	-	-
NZ_CP119422.1_4788955-4799508:._4	24f29067b387dd8ce4b763ab35139315	128	Pfam	PF13438	Domain of unknown function (DUF4113)	60	109	1.1E-10	T	13-04-2026	IPR025188	Domain of unknown function DUF4113	-	-
NZ_CM148692.1_2418428-2429023:._9	59e0e4ed609aac7c7ab78a7474011c36	179	Pfam	PF07275	Antirestriction protein (ArdA)	13	175	2.2E-20	T	13-04-2026	IPR009899	Antirestriction	-	-
NZ_CM148689.1_3656431-3667026:._4	59e0e4ed609aac7c7ab78a7474011c36	179	Pfam	PF07275	Antirestriction protein (ArdA)	13	175	2.2E-20	T	13-04-2026	IPR009899	Antirestriction	-	-
NZ_CM148691.1_2392532-2403127:._9	59e0e4ed609aac7c7ab78a7474011c36	179	Pfam	PF07275	Antirestriction protein (ArdA)	13	175	2.2E-20	T	13-04-2026	IPR009899	Antirestriction	-	-
NZ_CP064939.1_4395415-4405641:._2	7f1bfd927d88607522b2d6f33a95c809	117	Pfam	PF00176	SNF2-related domain	42	104	1.3E-5	T	13-04-2026	IPR000330	SNF2, N-terminal	-	-
NZ_CP119604.1_57801-68393:._2	d6e460068af43654844366cab496f761	661	Pfam	PF13175	AAA ATPase domain	439	564	8.0E-7	T	13-04-2026	IPR041685	AAA domain, group 15	-	-
NZ_CP119604.1_57801-68393:._2	d6e460068af43654844366cab496f761	661	Pfam	PF18860	AbiJ N-terminal domain 3	8	144	4.6E-19	T	13-04-2026	IPR041427	AbiJ-NTD3	-	-
NZ_CP115636.1_2090523-2101085:._7	622ad46fd67cd0e30b9b95bbc252f4ae	105	CDD	cd00093	HTH_XRE	11	68	1.71186E-15	T	13-04-2026	IPR001387	Cro/C1-type helix-turn-helix domain	-	-
NZ_CP115636.1_2090523-2101085:._7	622ad46fd67cd0e30b9b95bbc252f4ae	105	Pfam	PF01381	Helix-turn-helix	16	68	5.7E-12	T	13-04-2026	IPR001387	Cro/C1-type helix-turn-helix domain	-	-
NZ_CM148693.1_3315541-3326103:._7	622ad46fd67cd0e30b9b95bbc252f4ae	105	CDD	cd00093	HTH_XRE	11	68	1.71186E-15	T	13-04-2026	IPR001387	Cro/C1-type helix-turn-helix domain	-	-
NZ_CM148693.1_3315541-3326103:._7	622ad46fd67cd0e30b9b95bbc252f4ae	105	Pfam	PF01381	Helix-turn-helix	16	68	5.7E-12	T	13-04-2026	IPR001387	Cro/C1-type helix-turn-helix domain	-	-
NZ_OX596084.1_1719772-1730409:._6	d7352a56d1c284acc43bc1429b85ac70	247	Pfam	PF01695	IstB-like ATP binding protein	8	240	4.4E-62	T	13-04-2026	IPR002611	IstB-like ATP-binding domain	-	-
NZ_OX596084.1_1719772-1730409:._6	d7352a56d1c284acc43bc1429b85ac70	247	CDD	cd00009	AAA	96	200	1.01268E-11	T	13-04-2026	-	-	-	-
NZ_CM143117.1_19262-29899:._6	d7352a56d1c284acc43bc1429b85ac70	247	Pfam	PF01695	IstB-like ATP binding protein	8	240	4.4E-62	T	13-04-2026	IPR002611	IstB-like ATP-binding domain	-	-
NZ_CM143117.1_19262-29899:._6	d7352a56d1c284acc43bc1429b85ac70	247	CDD	cd00009	AAA	96	200	1.01268E-11	T	13-04-2026	-	-	-	-
NZ_CP077754.1_1712170-1722807:._6	d7352a56d1c284acc43bc1429b85ac70	247	Pfam	PF01695	IstB-like ATP binding protein	8	240	4.4E-62	T	13-04-2026	IPR002611	IstB-like ATP-binding domain	-	-
NZ_CP077754.1_1712170-1722807:._6	d7352a56d1c284acc43bc1429b85ac70	247	CDD	cd00009	AAA	96	200	1.01268E-11	T	13-04-2026	-	-	-	-
NZ_CM143122.1_219845-230482:._6	d7352a56d1c284acc43bc1429b85ac70	247	Pfam	PF01695	IstB-like ATP binding protein	8	240	4.4E-62	T	13-04-2026	IPR002611	IstB-like ATP-binding domain	-	-
NZ_CM143122.1_219845-230482:._6	d7352a56d1c284acc43bc1429b85ac70	247	CDD	cd00009	AAA	96	200	1.01268E-11	T	13-04-2026	-	-	-	-
NZ_CM143123.1_1-9276:._2	d7352a56d1c284acc43bc1429b85ac70	247	Pfam	PF01695	IstB-like ATP binding protein	8	240	4.4E-62	T	13-04-2026	IPR002611	IstB-like ATP-binding domain	-	-
NZ_CM143123.1_1-9276:._2	d7352a56d1c284acc43bc1429b85ac70	247	CDD	cd00009	AAA	96	200	1.01268E-11	T	13-04-2026	-	-	-	-
NZ_CM143116.1_2524405-2535042:._3	d7352a56d1c284acc43bc1429b85ac70	247	Pfam	PF01695	IstB-like ATP binding protein	8	240	4.4E-62	T	13-04-2026	IPR002611	IstB-like ATP-binding domain	-	-
NZ_CM143116.1_2524405-2535042:._3	d7352a56d1c284acc43bc1429b85ac70	247	CDD	cd00009	AAA	96	200	1.01268E-11	T	13-04-2026	-	-	-	-
NZ_CP077751.1_1700941-1711578:._6	d7352a56d1c284acc43bc1429b85ac70	247	Pfam	PF01695	IstB-like ATP binding protein	8	240	4.4E-62	T	13-04-2026	IPR002611	IstB-like ATP-binding domain	-	-
NZ_CP077751.1_1700941-1711578:._6	d7352a56d1c284acc43bc1429b85ac70	247	CDD	cd00009	AAA	96	200	1.01268E-11	T	13-04-2026	-	-	-	-
NZ_CP199307.1_2979816-2990453:._6	d7352a56d1c284acc43bc1429b85ac70	247	Pfam	PF01695	IstB-like ATP binding protein	8	240	4.4E-62	T	13-04-2026	IPR002611	IstB-like ATP-binding domain	-	-
NZ_CP199307.1_2979816-2990453:._6	d7352a56d1c284acc43bc1429b85ac70	247	CDD	cd00009	AAA	96	200	1.01268E-11	T	13-04-2026	-	-	-	-
NZ_CP119421.1_5019560-5030119:._3	a7266be63eab44f6476e7ffe69937999	280	Pfam	PF08878	HamA	36	259	9.1E-50	T	13-04-2026	IPR014976	Anti-bacteriophage protein A/HamA, C-terminal domain	-	-
NZ_CP182581.1_4402594-4413114:._5	22d53fa074c313771c830cdf78939459	173	Pfam	PF00239	Resolvase, N terminal domain	3	135	1.0E-41	T	13-04-2026	IPR006119	Resolvase, N-terminal catalytic domain	-	-
NZ_CP182581.1_4402594-4413114:._5	22d53fa074c313771c830cdf78939459	173	CDD	cd03768	SR_ResInv	2	126	4.77968E-59	T	13-04-2026	-	-	-	-
NZ_CP049908.1_225723-236333:._5	c6e5b7c24c0fb55658c8b3cd0e628322	203	Pfam	PF00239	Resolvase, N terminal domain	3	135	1.1E-43	T	13-04-2026	IPR006119	Resolvase, N-terminal catalytic domain	-	-
NZ_CP049908.1_225723-236333:._5	c6e5b7c24c0fb55658c8b3cd0e628322	203	CDD	cd03768	SR_ResInv	3	126	6.89527E-59	T	13-04-2026	-	-	-	-
NZ_CP032819.1_28358-38950:._2	2010807d9c4a589d264497d48c065026	399	Pfam	PF07690	Major Facilitator Superfamily	16	349	2.5E-35	T	13-04-2026	IPR011701	Major facilitator superfamily	-	-
NZ_CP152475.1_3982608-3993212:._7	39b529f9abdb251740d3996d1a26c54f	163	Pfam	PF13545	Crp-like helix-turn-helix domain	88	159	2.5E-11	T	13-04-2026	IPR012318	Crp-type HTH domain	-	-
NZ_CP102262.1_1241992-1252575:._6	7373181b0a220080ebccac8353977d58	103	Pfam	PF01381	Helix-turn-helix	24	66	0.2	T	13-04-2026	IPR001387	Cro/C1-type helix-turn-helix domain	-	-
NZ_CP102262.1_1241992-1252575:._6	7373181b0a220080ebccac8353977d58	103	CDD	cd00093	HTH_XRE	20	72	9.08224E-6	T	13-04-2026	IPR001387	Cro/C1-type helix-turn-helix domain	-	-
NZ_CM148647.1_2723775-2734409:._8	d4fc6f88e6987e04ea32ff4718d927da	509	Pfam	PF12161	HsdM N-terminal domain	11	144	1.6E-19	T	13-04-2026	IPR022749	N6 adenine-specific DNA methyltransferase, N-terminal domain	-	-
NZ_CM148647.1_2723775-2734409:._8	d4fc6f88e6987e04ea32ff4718d927da	509	CDD	cd02440	AdoMet_MTases	204	287	0.00130656	T	13-04-2026	-	-	-	-
NZ_CM148647.1_2723775-2734409:._8	d4fc6f88e6987e04ea32ff4718d927da	509	Pfam	PF02384	N-6 DNA Methylase	157	474	4.9E-102	T	13-04-2026	IPR003356	DNA methylase, adenine-specific	-	-
NZ_CP172273.1_2772056-2782690:._8	d4fc6f88e6987e04ea32ff4718d927da	509	Pfam	PF12161	HsdM N-terminal domain	11	144	1.6E-19	T	13-04-2026	IPR022749	N6 adenine-specific DNA methyltransferase, N-terminal domain	-	-
NZ_CP172273.1_2772056-2782690:._8	d4fc6f88e6987e04ea32ff4718d927da	509	CDD	cd02440	AdoMet_MTases	204	287	0.00130656	T	13-04-2026	-	-	-	-
NZ_CP172273.1_2772056-2782690:._8	d4fc6f88e6987e04ea32ff4718d927da	509	Pfam	PF02384	N-6 DNA Methylase	157	474	4.9E-102	T	13-04-2026	IPR003356	DNA methylase, adenine-specific	-	-
NZ_CM148639.1_2745888-2756492:._14	d4fc6f88e6987e04ea32ff4718d927da	509	Pfam	PF12161	HsdM N-terminal domain	11	144	1.6E-19	T	13-04-2026	IPR022749	N6 adenine-specific DNA methyltransferase, N-terminal domain	-	-
NZ_CM148639.1_2745888-2756492:._14	d4fc6f88e6987e04ea32ff4718d927da	509	CDD	cd02440	AdoMet_MTases	204	287	0.00130656	T	13-04-2026	-	-	-	-
NZ_CM148639.1_2745888-2756492:._14	d4fc6f88e6987e04ea32ff4718d927da	509	Pfam	PF02384	N-6 DNA Methylase	157	474	4.9E-102	T	13-04-2026	IPR003356	DNA methylase, adenine-specific	-	-
NZ_CP037921.1_118503-129116:._5	6c45a8705ceb67f0d67a09cb7fe22ab0	204	CDD	cd03768	SR_ResInv	3	124	4.62853E-58	T	13-04-2026	-	-	-	-
NZ_CP037921.1_118503-129116:._5	6c45a8705ceb67f0d67a09cb7fe22ab0	204	Pfam	PF00239	Resolvase, N terminal domain	3	136	3.0E-43	T	13-04-2026	IPR006119	Resolvase, N-terminal catalytic domain	-	-
NZ_CP049908.1_18286-28899:._4	6c45a8705ceb67f0d67a09cb7fe22ab0	204	CDD	cd03768	SR_ResInv	3	124	4.62853E-58	T	13-04-2026	-	-	-	-
NZ_CP049908.1_18286-28899:._4	6c45a8705ceb67f0d67a09cb7fe22ab0	204	Pfam	PF00239	Resolvase, N terminal domain	3	136	3.0E-43	T	13-04-2026	IPR006119	Resolvase, N-terminal catalytic domain	-	-
NZ_OZ409872.1_1033845-1044446:._11	d6eb841d3dfc3377e5c0a46916966484	269	Pfam	PF20613	HipA-like kinase	23	241	1.0E-4	T	13-04-2026	IPR046748	HipA-like kinase	-	-
NZ_CP006587.1_4827107-4837720:._8	1696176676f17895f0714a521977b418	592	Pfam	PF00415	Regulator of chromosome condensation (RCC1) repeat	301	347	1.2E-9	T	13-04-2026	IPR000408	Regulator of chromosome condensation, RCC1	-	-
NZ_CP006587.1_4827107-4837720:._8	1696176676f17895f0714a521977b418	592	Pfam	PF00415	Regulator of chromosome condensation (RCC1) repeat	151	197	5.5E-7	T	13-04-2026	IPR000408	Regulator of chromosome condensation, RCC1	-	-
NZ_CP006587.1_4827107-4837720:._8	1696176676f17895f0714a521977b418	592	Pfam	PF00415	Regulator of chromosome condensation (RCC1) repeat	51	98	0.011	T	13-04-2026	IPR000408	Regulator of chromosome condensation, RCC1	-	-
NZ_CP006587.1_4827107-4837720:._8	1696176676f17895f0714a521977b418	592	Pfam	PF00415	Regulator of chromosome condensation (RCC1) repeat	453	499	0.0053	T	13-04-2026	IPR000408	Regulator of chromosome condensation, RCC1	-	-
NZ_CP006587.1_4827107-4837720:._8	1696176676f17895f0714a521977b418	592	Pfam	PF00415	Regulator of chromosome condensation (RCC1) repeat	102	148	3.8E-7	T	13-04-2026	IPR000408	Regulator of chromosome condensation, RCC1	-	-
NZ_CP006587.1_4827107-4837720:._8	1696176676f17895f0714a521977b418	592	Pfam	PF00415	Regulator of chromosome condensation (RCC1) repeat	201	248	5.9E-9	T	13-04-2026	IPR000408	Regulator of chromosome condensation, RCC1	-	-
NZ_CP006587.1_4827107-4837720:._8	1696176676f17895f0714a521977b418	592	Pfam	PF00415	Regulator of chromosome condensation (RCC1) repeat	251	298	8.5E-10	T	13-04-2026	IPR000408	Regulator of chromosome condensation, RCC1	-	-
NZ_CP006587.1_4827107-4837720:._8	1696176676f17895f0714a521977b418	592	Pfam	PF00415	Regulator of chromosome condensation (RCC1) repeat	403	450	3.0E-8	T	13-04-2026	IPR000408	Regulator of chromosome condensation, RCC1	-	-
NZ_CP006587.1_4827107-4837720:._8	1696176676f17895f0714a521977b418	592	Pfam	PF00415	Regulator of chromosome condensation (RCC1) repeat	353	400	0.0017	T	13-04-2026	IPR000408	Regulator of chromosome condensation, RCC1	-	-
NZ_OZ409824.1_5101300-5111901:._14	adc20679499285b26d7292314fbef313	193	Pfam	PF00440	Bacterial regulatory proteins, tetR family	12	55	1.9E-10	T	13-04-2026	IPR001647	DNA-binding HTH domain, TetR-type	-	-
NZ_CP114285.2_2034346-2044935:._9	cc3a22b2533b94cf5722eece8c7b926f	430	Pfam	PF14253	Bacteriophage abortive infection AbiH	10	385	1.8E-20	T	13-04-2026	IPR025935	Bacteriophage abortive infection AbiH	-	-
NZ_CP049908.1_225723-236333:._3	c561e49e691c41552dcbca5091d23019	174	Pfam	PF13517	FG-GAP-like repeat	1	63	6.4E-7	T	13-04-2026	IPR013517	FG-GAP repeat	-	-
NZ_CP049908.1_225723-236333:._3	c561e49e691c41552dcbca5091d23019	174	Pfam	PF01833	IPT/TIG domain	81	157	1.5E-4	T	13-04-2026	IPR002909	IPT domain	-	-
NZ_CP094531.1_39741-50303:._4	6c1e07ccaf5790bebb33c98bd8369c56	245	Pfam	PF00196	Bacterial regulatory proteins, luxR family	178	231	2.5E-5	T	13-04-2026	IPR000792	Transcription regulator LuxR, C-terminal	-	-
NZ_CP143637.1_1427192-1437565:._10	bb8c69b5434f8d4ed0ac6d315a8f4f94	219	Pfam	PF00561	alpha/beta hydrolase fold	4	205	2.2E-17	T	13-04-2026	IPR000073	Alpha/beta hydrolase fold-1	-	-
NZ_CP094997.1_809047-819648:._10	2803bbc1621b16108f90fda907335e58	111	Pfam	PF03551	Transcriptional regulator PadR-like family	15	89	7.9E-5	T	13-04-2026	IPR005149	Transcription regulator PadR, N-terminal	-	-
NZ_CP115859.1_474741-485300:._16	41be12fdaf6933e811452068ab74bade	192	Pfam	PF08818	Domain of unknown function (DU1801)	15	112	2.2E-14	T	13-04-2026	IPR014922	YdhG-like domain	-	-
NZ_CP115859.1_474741-485300:._16	41be12fdaf6933e811452068ab74bade	192	Pfam	PF13376	Bacteriocin-protection, YdeI or OmpD-Associated	128	187	1.1E-18	T	13-04-2026	-	-	-	-
NZ_CP081912.1_1-8518:._1	b9b32532a6fc62a33841a8b9ef9de74e	338	CDD	cd06502	TA_like	4	338	8.95092E-111	T	13-04-2026	-	-	-	-
NZ_CP081912.1_1-8518:._1	b9b32532a6fc62a33841a8b9ef9de74e	338	Pfam	PF01212	Beta-eliminating lyase	4	286	4.7E-48	T	13-04-2026	IPR001597	Aromatic amino acid beta-eliminating lyase/threonine aldolase	-	-
NZ_CP095047.1_89856-100457:._4	7433e80a8b9eb73232eef5377324b914	842	Pfam	PF01833	IPT/TIG domain	669	743	2.4E-5	T	13-04-2026	IPR002909	IPT domain	-	-
NZ_CP095047.1_89856-100457:._4	7433e80a8b9eb73232eef5377324b914	842	Pfam	PF13517	FG-GAP-like repeat	482	545	2.1E-10	T	13-04-2026	IPR013517	FG-GAP repeat	-	-
NZ_CP095047.1_89856-100457:._4	7433e80a8b9eb73232eef5377324b914	842	Pfam	PF13517	FG-GAP-like repeat	587	649	9.4E-11	T	13-04-2026	IPR013517	FG-GAP repeat	-	-
NZ_CP095047.1_89856-100457:._4	7433e80a8b9eb73232eef5377324b914	842	Pfam	PF13517	FG-GAP-like repeat	378	440	3.6E-10	T	13-04-2026	IPR013517	FG-GAP repeat	-	-
NZ_CP095047.1_89856-100457:._4	7433e80a8b9eb73232eef5377324b914	842	Pfam	PF13205	Bacterial Ig-like domain	191	294	3.8E-5	T	13-04-2026	IPR032812	SbsA, Ig-like domain	-	-
NZ_CP133672.1_35799-46355:._12	f01797b0568c512a9b78ffa3f43b4a3a	57	CDD	cd06257	DnaJ	4	55	3.29553E-14	T	13-04-2026	IPR001623	DnaJ domain	-	-
NZ_CP133672.1_35799-46355:._12	f01797b0568c512a9b78ffa3f43b4a3a	57	Pfam	PF00226	DnaJ domain	4	55	1.7E-11	T	13-04-2026	IPR001623	DnaJ domain	-	-
NZ_CP033916.1_37049-47653:._2	c45a35c7833253ccd853cca3b484b182	600	Pfam	PF20469	Overcoming lysogenization defect protein-like, TOPRIM domain	350	419	3.6E-13	T	13-04-2026	IPR034139	OLD protein-like, TOPRIM domain	-	-
NZ_CP033916.1_37049-47653:._2	c45a35c7833253ccd853cca3b484b182	600	Pfam	PF13304	AAA domain, putative AbiEii toxin, Type IV TA system	1	303	3.5E-11	T	13-04-2026	IPR003959	ATPase, AAA-type, core	-	-
NZ_CP033916.1_37049-47653:._2	c45a35c7833253ccd853cca3b484b182	600	CDD	cd01026	TOPRIM_OLD	350	425	5.57121E-19	T	13-04-2026	IPR034139	OLD protein-like, TOPRIM domain	-	-
NZ_CP033913.1_24170-34774:._8	c45a35c7833253ccd853cca3b484b182	600	Pfam	PF20469	Overcoming lysogenization defect protein-like, TOPRIM domain	350	419	3.6E-13	T	13-04-2026	IPR034139	OLD protein-like, TOPRIM domain	-	-
NZ_CP033913.1_24170-34774:._8	c45a35c7833253ccd853cca3b484b182	600	Pfam	PF13304	AAA domain, putative AbiEii toxin, Type IV TA system	1	303	3.5E-11	T	13-04-2026	IPR003959	ATPase, AAA-type, core	-	-
NZ_CP033913.1_24170-34774:._8	c45a35c7833253ccd853cca3b484b182	600	CDD	cd01026	TOPRIM_OLD	350	425	5.57121E-19	T	13-04-2026	IPR034139	OLD protein-like, TOPRIM domain	-	-
NZ_CP073240.1_22748-33310:._5	0d127ec88a9dd37aba17431e4011b45d	231	Pfam	PF12759	InsA C-terminal domain	50	91	0.0022	T	13-04-2026	IPR024431	Insertion element IS1 protein InsA, helix-turn-helix domain	-	-
NZ_CP073240.1_22748-33310:._5	0d127ec88a9dd37aba17431e4011b45d	231	Pfam	PF03400	IS1 transposase	110	225	3.5E-18	T	13-04-2026	IPR005063	Transposase, IS1	-	-
NZ_CP051682.1_46407-57116:._5	6e17c763743a2294e44f3fb0606c7b28	304	Pfam	PF00535	Glycosyl transferase family 2	6	142	6.6E-4	T	13-04-2026	IPR001173	Glycosyltransferase 2-like	-	-
NZ_OZ409824.1_5101300-5111901:._1	96c6fcc0216dcc7597c9629677cbda46	70	Pfam	PF12833	Helix-turn-helix domain	3	56	4.8E-12	T	13-04-2026	IPR018060	DNA binding HTH domain, AraC-type	-	-
NZ_CP053911.1_48024-58688:._6	9fa0819540e82e092b5a01487f6f3ed5	495	Pfam	PF13751	Transposase DDE domain	344	465	2.1E-16	T	13-04-2026	IPR025668	Transposase DDE domain	-	-
NZ_CP053911.1_48024-58688:._6	9fa0819540e82e092b5a01487f6f3ed5	495	Pfam	PF05598	Transposase domain (DUF772)	51	123	2.0E-15	T	13-04-2026	IPR008490	Transposase InsH, N-terminal	-	-
NZ_LR134404.1_997179-1007786:._8	8fa0216c4e455b78d2d126d5fee12683	968	Pfam	PF12950	TaqI-like C-terminal specificity domain	746	901	1.7E-4	T	13-04-2026	IPR025931	TaqI-like C-terminal specificity domain	-	-
NZ_LR134404.1_997179-1007786:._8	8fa0216c4e455b78d2d126d5fee12683	968	Pfam	PF07669	Eco57I restriction-modification methylase	536	647	2.4E-10	T	13-04-2026	IPR011639	Type II methyltransferase M.TaqI-like domain	-	-
NZ_LR134404.1_997179-1007786:._8	8fa0216c4e455b78d2d126d5fee12683	968	Pfam	PF20473	MmeI, DNA-methyltransferase domain	325	402	9.9E-4	T	13-04-2026	IPR046816	MmeI-like, DNA-methyltransferase domain	-	-
NZ_CP094669.1_3816073-3826653:._2	d5a143334d23fe2c99055735d96af4ac	331	CDD	cd19078	AKR_AKR13C1_2	10	310	0.0	T	13-04-2026	-	-	-	-
NZ_CP094669.1_3816073-3826653:._2	d5a143334d23fe2c99055735d96af4ac	331	Pfam	PF00248	Aldo/keto reductase family	16	309	4.7E-74	T	13-04-2026	IPR023210	NADP-dependent oxidoreductase domain	-	-
NZ_CP048222.1_66079-76653:._4	7b1a07aa198fb525a36a93a4ab98d029	165	Pfam	PF00872	Transposase, Mutator family	11	161	5.8E-36	T	13-04-2026	IPR001207	Transposase, mutator type	-	-
NZ_CP033918.1_3313892-3324232:._1	1880c1acd98293401632e6827fac599d	223	Pfam	PF12686	Protein of unknown function (DUF3800)	6	179	1.9E-8	T	13-04-2026	IPR024524	Protein of unknown function DUF3800	-	-
NZ_CP182581.1_4402594-4413114:._13	1d20a54cafff6d49fd3534515bc2bb15	365	Pfam	PF01699	Sodium/calcium exchanger protein	223	363	9.8E-11	T	13-04-2026	IPR004837	Sodium/calcium exchanger membrane region	-	-
NZ_CP182581.1_4402594-4413114:._13	1d20a54cafff6d49fd3534515bc2bb15	365	Pfam	PF01699	Sodium/calcium exchanger protein	33	186	6.3E-10	T	13-04-2026	IPR004837	Sodium/calcium exchanger membrane region	-	-
NZ_OZ409824.1_5101300-5111901:._12	058dc3033031d5c22954c366c7dee010	504	Pfam	PF13005	zinc-finger binding domain of transposase IS66	123	153	0.0048	T	13-04-2026	IPR024474	Transposase IS66, zinc-finger binding domain of	-	-
NZ_OZ409824.1_5101300-5111901:._12	058dc3033031d5c22954c366c7dee010	504	Pfam	PF13007	Transposase C of IS166 homeodomain	41	113	6.1E-10	T	13-04-2026	IPR024463	Transposase TnpC, homeodomain	-	-
NZ_OZ409824.1_5101300-5111901:._12	058dc3033031d5c22954c366c7dee010	504	Pfam	PF03050	Transposase IS66 family	172	453	2.2E-87	T	13-04-2026	IPR004291	Transposase IS66, central domain	-	-
NZ_CP050995.1_3127917-3138476:._3	5289a20aa87c634c676402fd38bb0592	327	Pfam	PF06527	TniQ	15	151	2.6E-10	T	13-04-2026	IPR009492	TniQ	-	-
NZ_CP143637.1_1427192-1437565:._2	1b1abb4c8e9407e2830d5f8be4d7f61d	215	Pfam	PF14568	SMI1-KNR4 cell-wall	33	137	3.2E-4	T	13-04-2026	-	-	-	-
NZ_CP110012.1_3190230-3200819:._1	65167b0cddca97707a1cf1b365902270	1343	Pfam	PF20148	Domain of unknown function (DUF6531)	157	230	1.2E-12	T	13-04-2026	IPR045351	Domain of unknown function DUF6531	-	-
NZ_CP110012.1_3190230-3200819:._1	65167b0cddca97707a1cf1b365902270	1343	Pfam	PF05593	RHS Repeat	1012	1039	0.0043	T	13-04-2026	IPR031325	RHS repeat	-	-
NZ_OZ257252.1_2008577-2019169:._11	c46e3f2bed60779f9b16070bbe88397c	121	Pfam	PF17293	Arm DNA-binding domain	41	106	5.6E-7	T	13-04-2026	IPR035386	Arm, DNA-binding domain	-	-
NZ_CP050063.1_5052396-5062973:._11	5a8b8c48035e2c3cc69262165d43cf70	270	Pfam	PF13365	Trypsin-like peptidase domain	45	216	2.0E-8	T	13-04-2026	-	-	-	-
NZ_CM148644.1_2122378-2132973:._1	9085b00902e438d15114c4e9b2b601d5	241	CDD	cd00038	CAP_ED	66	172	1.28475E-7	T	13-04-2026	IPR000595	Cyclic nucleotide-binding domain	-	-
NZ_CM148644.1_2122378-2132973:._1	9085b00902e438d15114c4e9b2b601d5	241	Pfam	PF00027	Cyclic nucleotide-binding domain	81	166	2.6E-4	T	13-04-2026	IPR000595	Cyclic nucleotide-binding domain	-	-
NZ_OX030782.1_4641479-4652074:._5	46a6b1321d85cf1293bc21f17cf334d6	229	Pfam	PF21347	DUF3108-like	30	225	4.5E-43	T	13-04-2026	IPR049279	DUF3108-like	-	-
NZ_CP072215.1_43945-54537:._6	1001d9eecff2a0fd9e2978bf9f3f6043	258	Pfam	PF12706	Beta-lactamase superfamily domain	22	220	1.7E-7	T	13-04-2026	IPR001279	Metallo-beta-lactamase	-	-
NC_015144.1_2100312-2110919:._3	ad53cad138e401c142f91aa315bbfd64	265	Pfam	PF13276	HTH-like domain	45	88	0.0023	T	13-04-2026	IPR025948	HTH-like domain	-	-
NC_015144.1_2100312-2110919:._3	ad53cad138e401c142f91aa315bbfd64	265	Pfam	PF13683	Integrase core domain	191	256	1.8E-21	T	13-04-2026	IPR001584	Integrase, catalytic core	-	-
NZ_LR134404.1_997179-1007786:._6	ad53cad138e401c142f91aa315bbfd64	265	Pfam	PF13276	HTH-like domain	45	88	0.0023	T	13-04-2026	IPR025948	HTH-like domain	-	-
NZ_LR134404.1_997179-1007786:._6	ad53cad138e401c142f91aa315bbfd64	265	Pfam	PF13683	Integrase core domain	191	256	1.8E-21	T	13-04-2026	IPR001584	Integrase, catalytic core	-	-
NZ_CP034173.1_1138126-1148700:._10	f255749bc63701b5aa232a50d34664c4	111	CDD	cd00093	HTH_XRE	13	66	3.65041E-7	T	13-04-2026	IPR001387	Cro/C1-type helix-turn-helix domain	-	-
NZ_CP034173.1_1138126-1148700:._10	f255749bc63701b5aa232a50d34664c4	111	Pfam	PF01381	Helix-turn-helix	14	64	0.0011	T	13-04-2026	IPR001387	Cro/C1-type helix-turn-helix domain	-	-
NZ_CP102938.1_14230-24825:._4	0c8db436e6fb92e0b83f8c92c700d5ef	217	Pfam	PF13568	Outer membrane protein beta-barrel domain	28	197	6.5E-17	T	13-04-2026	IPR025665	Outer membrane protein beta-barrel domain 2	-	-
NZ_CP059732.1_8769055-8779602:._11	bb7e53667a4eda51b66e3dbb24dfb86e	221	Pfam	PF00872	Transposase, Mutator family	8	193	2.9E-42	T	13-04-2026	IPR001207	Transposase, mutator type	-	-
NZ_CP049908.1_225723-236333:._4	9e57390d0fef1b108f417c0d47f23a36	879	Pfam	PF13205	Bacterial Ig-like domain	20	117	3.5E-9	T	13-04-2026	IPR032812	SbsA, Ig-like domain	-	-
NZ_CP049908.1_225723-236333:._4	9e57390d0fef1b108f417c0d47f23a36	879	Pfam	PF13517	FG-GAP-like repeat	393	458	0.0012	T	13-04-2026	IPR013517	FG-GAP repeat	-	-
NZ_CP049908.1_225723-236333:._4	9e57390d0fef1b108f417c0d47f23a36	879	Pfam	PF13517	FG-GAP-like repeat	303	360	1.3E-6	T	13-04-2026	IPR013517	FG-GAP repeat	-	-
NZ_CP049908.1_225723-236333:._4	9e57390d0fef1b108f417c0d47f23a36	879	Pfam	PF13517	FG-GAP-like repeat	725	771	0.012	T	13-04-2026	IPR013517	FG-GAP repeat	-	-
NZ_CP049908.1_225723-236333:._4	9e57390d0fef1b108f417c0d47f23a36	879	Pfam	PF13517	FG-GAP-like repeat	609	669	9.9E-8	T	13-04-2026	IPR013517	FG-GAP repeat	-	-
NZ_CP049908.1_225723-236333:._4	9e57390d0fef1b108f417c0d47f23a36	879	Pfam	PF13517	FG-GAP-like repeat	202	266	2.9E-6	T	13-04-2026	IPR013517	FG-GAP repeat	-	-
NZ_CP049908.1_225723-236333:._4	9e57390d0fef1b108f417c0d47f23a36	879	Pfam	PF13517	FG-GAP-like repeat	678	723	4.7E-4	T	13-04-2026	IPR013517	FG-GAP repeat	-	-
NZ_CP011318.1_3761958-3772556:._11	9a24c5330eab0e4cee42d3486a7e2145	165	Pfam	PF01230	HIT domain	54	145	2.4E-17	T	13-04-2026	IPR011146	HIT-like domain	-	-
NZ_CP011318.1_3761958-3772556:._11	9a24c5330eab0e4cee42d3486a7e2145	165	Pfam	PF01844	HNH endonuclease	1	26	0.47	T	13-04-2026	IPR002711	HNH endonuclease	-	-
NZ_CP117880.1_596108-606379:._4	9ac7476c41accd10c317732664f17e3f	90	Pfam	PF00239	Resolvase, N terminal domain	3	90	1.2E-24	T	13-04-2026	IPR006119	Resolvase, N-terminal catalytic domain	-	-
NZ_CP117880.1_596108-606379:._4	9ac7476c41accd10c317732664f17e3f	90	CDD	cd03768	SR_ResInv	2	90	1.48177E-42	T	13-04-2026	-	-	-	-
NZ_CP103375.1_3502053-3512636:._13	cb4e82a3760dc262c1b5ec248ea4eb57	220	Pfam	PF01554	MatE	20	181	1.3E-24	T	13-04-2026	IPR002528	Multi antimicrobial extrusion protein	-	-
NZ_CP115859.1_474741-485300:._5	2c805ecde119298cfc225ed0fdc654b8	260	Pfam	PF08856	Protein of unknown function (DUF1826)	51	181	0.077	T	13-04-2026	IPR014955	Protein of unknown function DUF1826	-	-
NZ_CP102262.1_1241992-1252575:._3	932b2ab34b37ee2da327401bccc4be1c	552	Pfam	PF19904	Domain of unknown function (DUF6377)	262	517	6.5E-75	T	13-04-2026	IPR045957	Domain of unknown function DUF6377	-	-
NZ_CP091786.1_2541119-2551678:._11	12a07bcccf541d28b78da161b1db83dd	241	CDD	cd08071	MPN_DUF2466	126	236	2.69156E-46	T	13-04-2026	IPR025657	RadC-like JAB domain	-	-
NZ_CP091786.1_2541119-2551678:._11	12a07bcccf541d28b78da161b1db83dd	241	Pfam	PF20582	UPF0758 N-terminal	19	95	6.1E-20	T	13-04-2026	IPR046778	UPF0758, N-terminal	-	-
NZ_CP091786.1_2541119-2551678:._11	12a07bcccf541d28b78da161b1db83dd	241	Pfam	PF04002	RadC-like JAB domain	122	239	1.3E-33	T	13-04-2026	IPR025657	RadC-like JAB domain	-	-
NZ_CP111121.1_2399092-2409696:._9	779c8c27c6117f9fa4b552060c9e3dbd	276	CDD	cd07721	yflN-like_MBL-fold	34	244	8.39642E-66	T	13-04-2026	-	-	-	-
NZ_CP111121.1_2399092-2409696:._9	779c8c27c6117f9fa4b552060c9e3dbd	276	Pfam	PF00753	Metallo-beta-lactamase superfamily	34	243	5.4E-31	T	13-04-2026	IPR001279	Metallo-beta-lactamase	-	-
NZ_CP171010.1_321704-332272:._5	bc1feb08d904d30b38c1752bd173c027	561	Pfam	PF12161	HsdM N-terminal domain	13	142	6.5E-24	T	13-04-2026	IPR022749	N6 adenine-specific DNA methyltransferase, N-terminal domain	-	-
NZ_CP171010.1_321704-332272:._5	bc1feb08d904d30b38c1752bd173c027	561	Pfam	PF02384	N-6 DNA Methylase	154	520	1.3E-97	T	13-04-2026	IPR003356	DNA methylase, adenine-specific	-	-
NZ_CP114768.1_24102-34712:._9	40040a066beec12191e3d8f1e749705f	358	CDD	cd16433	CheB	16	195	7.8774E-103	T	13-04-2026	-	-	-	-
NZ_CP114768.1_24102-34712:._9	40040a066beec12191e3d8f1e749705f	358	Pfam	PF01339	CheB methylesterase	17	190	1.6E-51	T	13-04-2026	IPR000673	Signal transduction response regulator, chemotaxis, protein-glutamate methylesterase	-	-
NZ_CP123860.1_6049507-6060096:._7	7c7d48a3e9e795269b0b7cc5a8db3ed9	236	Pfam	PF02586	SOS response associated peptidase (SRAP)	1	218	1.1E-47	T	13-04-2026	IPR003738	SOS response associated peptidase (SRAP)	-	-
NZ_OY997410.1_2540106-2550287:._5	3aea64b6b3704c61ecdc76321ca2418d	338	Pfam	PF07884	Vitamin K epoxide reductase family	166	290	5.3E-10	T	13-04-2026	IPR012932	Vitamin K epoxide reductase	-	-
NZ_OY997410.1_2540106-2550287:._5	3aea64b6b3704c61ecdc76321ca2418d	338	CDD	cd12921	VKOR_4	171	290	5.19463E-31	T	13-04-2026	-	-	-	-
NZ_OY997410.1_2540106-2550287:._5	3aea64b6b3704c61ecdc76321ca2418d	338	Pfam	PF03412	Peptidase C39 family	31	117	8.2E-7	T	13-04-2026	IPR005074	Peptidase C39, bacteriocin processing	-	-
NZ_CP143637.1_1427192-1437565:._7	7eafd3af759a303e12c4060e12676168	516	Pfam	PF18962	Secretion system C-terminal sorting domain	442	514	7.6E-5	T	13-04-2026	IPR026444	Secretion system C-terminal sorting domain	-	-
NZ_CP143637.1_1427192-1437565:._7	7eafd3af759a303e12c4060e12676168	516	Pfam	PF17164	Domain of unknown function (DUF5122) beta-propeller	159	194	6.9E-4	T	13-04-2026	IPR013431	Delta-60 repeat	-	-
NZ_CP143637.1_1427192-1437565:._7	7eafd3af759a303e12c4060e12676168	516	Pfam	PF17164	Domain of unknown function (DUF5122) beta-propeller	218	254	0.13	T	13-04-2026	IPR013431	Delta-60 repeat	-	-
NZ_CP143637.1_1427192-1437565:._7	7eafd3af759a303e12c4060e12676168	516	Pfam	PF17164	Domain of unknown function (DUF5122) beta-propeller	279	316	0.79	T	13-04-2026	IPR013431	Delta-60 repeat	-	-
NZ_CP143637.1_1427192-1437565:._7	7eafd3af759a303e12c4060e12676168	516	Pfam	PF17164	Domain of unknown function (DUF5122) beta-propeller	342	375	1.0	T	13-04-2026	IPR013431	Delta-60 repeat	-	-
NZ_CP143637.1_1427192-1437565:._7	7eafd3af759a303e12c4060e12676168	516	Pfam	PF17164	Domain of unknown function (DUF5122) beta-propeller	53	81	0.028	T	13-04-2026	IPR013431	Delta-60 repeat	-	-
NZ_CP016374.1_1840671-1851227:._10	a7b3c6223f431c893e0e06f1b1ed4b49	335	CDD	cd07199	Pat17_PNPLA8_PNPLA9_like	22	322	5.84367E-55	T	13-04-2026	-	-	-	-
NZ_CP016374.1_1840671-1851227:._10	a7b3c6223f431c893e0e06f1b1ed4b49	335	Pfam	PF01734	Patatin-like phospholipase	10	208	1.0E-20	T	13-04-2026	IPR002641	Patatin-like phospholipase domain	-	-
NZ_CP033922.1_2373170-2383738:._6	6a58d3e7e5d33a844ae535a57d869ee5	189	Pfam	PF00239	Resolvase, N terminal domain	3	136	8.1E-37	T	13-04-2026	IPR006119	Resolvase, N-terminal catalytic domain	-	-
NZ_CP033922.1_2373170-2383738:._6	6a58d3e7e5d33a844ae535a57d869ee5	189	CDD	cd03768	SR_ResInv	2	127	5.30237E-55	T	13-04-2026	-	-	-	-
NZ_CP033922.1_2373170-2383738:._6	6a58d3e7e5d33a844ae535a57d869ee5	189	Pfam	PF02796	Helix-turn-helix domain of resolvase	139	183	0.028	T	13-04-2026	IPR006120	Resolvase, HTH domain	-	-
NZ_CP095061.1_546517-557088:._6	eac35cedef1a3225ea57832891faa95c	189	Pfam	PF05272	Virulence-associated protein E-like domain	13	125	9.1E-22	T	13-04-2026	IPR007936	Virulence-associated protein E-like domain	-	-
NZ_CP012937.1_5202558-5214371:._2	0f3f1c24f6a403bd855df748e4ce93cd	330	Pfam	PF14297	Lin1244/Lin1753-like, N-terminal	8	101	3.0E-27	T	13-04-2026	IPR025400	Lin1244/Lin1753-like, N-terminal	-	-
NZ_CP094997.1_809047-819648:._6	7fab5bec937f5eee82605c642759d516	200	CDD	cd03768	SR_ResInv	3	127	1.92897E-61	T	13-04-2026	-	-	-	-
NZ_CP094997.1_809047-819648:._6	7fab5bec937f5eee82605c642759d516	200	Pfam	PF00239	Resolvase, N terminal domain	4	136	3.2E-44	T	13-04-2026	IPR006119	Resolvase, N-terminal catalytic domain	-	-
NZ_CP029145.1_1157964-1168115:._7	ebce8f1ddc2d8b24b8c4be1bbb7e56bf	235	Pfam	PF13358	DDE superfamily endonuclease	69	215	6.8E-25	T	13-04-2026	IPR038717	Tc1-like transposase, DDE domain	-	-
NZ_CP077751.1_1700941-1711578:._1	ca985e1e011e6906ac904283de288300	269	Pfam	PF00589	Phage integrase family	75	255	1.6E-6	T	13-04-2026	IPR002104	Integrase, catalytic domain	-	-
NZ_CP077751.1_1700941-1711578:._1	ca985e1e011e6906ac904283de288300	269	Pfam	PF13102	Phage integrase SAM-like domain	2	60	0.0014	T	13-04-2026	IPR025269	Phage integrase SAM-like domain	-	-
NZ_CP077751.1_1700941-1711578:._1	ca985e1e011e6906ac904283de288300	269	CDD	cd01185	INTN1_C_like	79	258	7.82657E-48	T	13-04-2026	-	-	-	-
NZ_CM143117.1_19262-29899:._1	ca985e1e011e6906ac904283de288300	269	Pfam	PF00589	Phage integrase family	75	255	1.6E-6	T	13-04-2026	IPR002104	Integrase, catalytic domain	-	-
NZ_CM143117.1_19262-29899:._1	ca985e1e011e6906ac904283de288300	269	Pfam	PF13102	Phage integrase SAM-like domain	2	60	0.0014	T	13-04-2026	IPR025269	Phage integrase SAM-like domain	-	-
NZ_CM143117.1_19262-29899:._1	ca985e1e011e6906ac904283de288300	269	CDD	cd01185	INTN1_C_like	79	258	7.82657E-48	T	13-04-2026	-	-	-	-
NZ_CP199307.1_2979816-2990453:._1	ca985e1e011e6906ac904283de288300	269	Pfam	PF00589	Phage integrase family	75	255	1.6E-6	T	13-04-2026	IPR002104	Integrase, catalytic domain	-	-
NZ_CP199307.1_2979816-2990453:._1	ca985e1e011e6906ac904283de288300	269	Pfam	PF13102	Phage integrase SAM-like domain	2	60	0.0014	T	13-04-2026	IPR025269	Phage integrase SAM-like domain	-	-
NZ_CP199307.1_2979816-2990453:._1	ca985e1e011e6906ac904283de288300	269	CDD	cd01185	INTN1_C_like	79	258	7.82657E-48	T	13-04-2026	-	-	-	-
NZ_CP077754.1_1712170-1722807:._1	ca985e1e011e6906ac904283de288300	269	Pfam	PF00589	Phage integrase family	75	255	1.6E-6	T	13-04-2026	IPR002104	Integrase, catalytic domain	-	-
NZ_CP077754.1_1712170-1722807:._1	ca985e1e011e6906ac904283de288300	269	Pfam	PF13102	Phage integrase SAM-like domain	2	60	0.0014	T	13-04-2026	IPR025269	Phage integrase SAM-like domain	-	-
NZ_CP077754.1_1712170-1722807:._1	ca985e1e011e6906ac904283de288300	269	CDD	cd01185	INTN1_C_like	79	258	7.82657E-48	T	13-04-2026	-	-	-	-
NZ_OX596084.1_1719772-1730409:._1	ca985e1e011e6906ac904283de288300	269	Pfam	PF00589	Phage integrase family	75	255	1.6E-6	T	13-04-2026	IPR002104	Integrase, catalytic domain	-	-
NZ_OX596084.1_1719772-1730409:._1	ca985e1e011e6906ac904283de288300	269	Pfam	PF13102	Phage integrase SAM-like domain	2	60	0.0014	T	13-04-2026	IPR025269	Phage integrase SAM-like domain	-	-
NZ_OX596084.1_1719772-1730409:._1	ca985e1e011e6906ac904283de288300	269	CDD	cd01185	INTN1_C_like	79	258	7.82657E-48	T	13-04-2026	-	-	-	-
NZ_CM143122.1_219845-230482:._1	ca985e1e011e6906ac904283de288300	269	Pfam	PF00589	Phage integrase family	75	255	1.6E-6	T	13-04-2026	IPR002104	Integrase, catalytic domain	-	-
NZ_CM143122.1_219845-230482:._1	ca985e1e011e6906ac904283de288300	269	Pfam	PF13102	Phage integrase SAM-like domain	2	60	0.0014	T	13-04-2026	IPR025269	Phage integrase SAM-like domain	-	-
NZ_CM143122.1_219845-230482:._1	ca985e1e011e6906ac904283de288300	269	CDD	cd01185	INTN1_C_like	79	258	7.82657E-48	T	13-04-2026	-	-	-	-
NZ_CM143123.1_1-9276:._7	ca985e1e011e6906ac904283de288300	269	Pfam	PF00589	Phage integrase family	75	255	1.6E-6	T	13-04-2026	IPR002104	Integrase, catalytic domain	-	-
NZ_CM143123.1_1-9276:._7	ca985e1e011e6906ac904283de288300	269	Pfam	PF13102	Phage integrase SAM-like domain	2	60	0.0014	T	13-04-2026	IPR025269	Phage integrase SAM-like domain	-	-
NZ_CM143123.1_1-9276:._7	ca985e1e011e6906ac904283de288300	269	CDD	cd01185	INTN1_C_like	79	258	7.82657E-48	T	13-04-2026	-	-	-	-
NZ_CM143116.1_2524405-2535042:._8	ca985e1e011e6906ac904283de288300	269	Pfam	PF00589	Phage integrase family	75	255	1.6E-6	T	13-04-2026	IPR002104	Integrase, catalytic domain	-	-
NZ_CM143116.1_2524405-2535042:._8	ca985e1e011e6906ac904283de288300	269	Pfam	PF13102	Phage integrase SAM-like domain	2	60	0.0014	T	13-04-2026	IPR025269	Phage integrase SAM-like domain	-	-
NZ_CM143116.1_2524405-2535042:._8	ca985e1e011e6906ac904283de288300	269	CDD	cd01185	INTN1_C_like	79	258	7.82657E-48	T	13-04-2026	-	-	-	-
NZ_CP081299.1_1785944-1796431:._5	ce1f968fc600f6ff436ac8a394352ee7	137	Pfam	PF01451	Low molecular weight phosphotyrosine protein phosphatase	4	132	4.0E-18	T	13-04-2026	IPR023485	Phosphotyrosine protein phosphatase I	-	-
NZ_CP081299.1_1785944-1796431:._5	ce1f968fc600f6ff436ac8a394352ee7	137	CDD	cd16345	LMWP_ArsC	3	134	1.34339E-73	T	13-04-2026	-	-	-	-
NZ_CP071547.1_2251581-2262176:._9	3ba753cc7617bbcbaa55c2810ef1f171	349	Pfam	PF04245	37-kD nucleoid-associated bacterial protein	14	334	2.1E-45	T	13-04-2026	IPR007358	Nucleoid-associated protein NdpA	-	-
NZ_CP104875.1_2250589-2261184:._9	3ba753cc7617bbcbaa55c2810ef1f171	349	Pfam	PF04245	37-kD nucleoid-associated bacterial protein	14	334	2.1E-45	T	13-04-2026	IPR007358	Nucleoid-associated protein NdpA	-	-
NZ_CP022515.1_2251748-2262316:._1	d4efeb89d3e3beca2d58e5695c5ffb1e	919	Pfam	PF14579	Helix-hairpin-helix motif	557	645	2.1E-24	T	13-04-2026	IPR029460	DNA polymerase, helix-hairpin-helix motif	-	-
NZ_CP022515.1_2251748-2262316:._1	d4efeb89d3e3beca2d58e5695c5ffb1e	919	CDD	cd04485	DnaE_OBF	753	843	8.87111E-21	T	13-04-2026	-	-	-	-
NZ_CP022515.1_2251748-2262316:._1	d4efeb89d3e3beca2d58e5695c5ffb1e	919	Pfam	PF17657	Bacterial DNA polymerase III alpha subunit finger domain	321	484	2.6E-56	T	13-04-2026	IPR040982	DNA polymerase III alpha subunit finger domain	-	-
NZ_CP022515.1_2251748-2262316:._1	d4efeb89d3e3beca2d58e5695c5ffb1e	919	Pfam	PF07733	Bacterial DNA polymerase III alpha NTPase domain	46	318	1.8E-88	T	13-04-2026	IPR011708	Bacterial DNA polymerase III, alpha subunit, NTPase domain	-	-
NZ_CP172273.1_2772056-2782690:._10	2f6dd013d3226d2cc39cf5d3352030d5	286	Pfam	PF02498	BRO family, N-terminal domain	18	112	7.4E-5	T	13-04-2026	IPR003497	BRO N-terminal domain	-	-
NZ_CP036547.1_5524-14930:._9	0ff643f49a837ee6044fb3f571a435df	477	CDD	cd18808	SF1_C_Upf1	284	470	4.37479E-41	T	13-04-2026	IPR047187	Upf1-like, C-terminal helicase domain	-	-
NZ_CP036547.1_5524-14930:._9	0ff643f49a837ee6044fb3f571a435df	477	Pfam	PF13087	AAA domain	261	450	6.6E-34	T	13-04-2026	IPR041679	DNA2/NAM7 helicase-like, C-terminal	-	-
NZ_CP036547.1_5524-14930:._9	0ff643f49a837ee6044fb3f571a435df	477	Pfam	PF13086	AAA domain	77	155	5.3E-4	T	13-04-2026	IPR041677	DNA2/NAM7 helicase, helicase domain	-	-
NZ_CP036547.1_5524-14930:._9	0ff643f49a837ee6044fb3f571a435df	477	Pfam	PF13086	AAA domain	212	255	9.2E-9	T	13-04-2026	IPR041677	DNA2/NAM7 helicase, helicase domain	-	-
NZ_CP036547.1_5524-14930:._9	0ff643f49a837ee6044fb3f571a435df	477	CDD	cd17934	DEXXQc_Upf1-like	91	283	2.78277E-24	T	13-04-2026	-	-	-	-
NZ_CP103120.1_40675-51270:._12	2f9ae7807bbdc68ddef6a2143c2cb87c	205	CDD	cd08071	MPN_DUF2466	90	200	3.26237E-51	T	13-04-2026	IPR025657	RadC-like JAB domain	-	-
NZ_CP103120.1_40675-51270:._12	2f9ae7807bbdc68ddef6a2143c2cb87c	205	Pfam	PF04002	RadC-like JAB domain	86	203	7.3E-36	T	13-04-2026	IPR025657	RadC-like JAB domain	-	-
NZ_OZ040189.1_1192087-1202679:._1	f2833fcedae73da34fcf482fd67fbd25	765	CDD	cd18808	SF1_C_Upf1	236	453	7.10992E-35	T	13-04-2026	IPR047187	Upf1-like, C-terminal helicase domain	-	-
NZ_OZ040189.1_1192087-1202679:._1	f2833fcedae73da34fcf482fd67fbd25	765	Pfam	PF13087	AAA domain	207	435	1.9E-31	T	13-04-2026	IPR041679	DNA2/NAM7 helicase-like, C-terminal	-	-
NZ_OZ040189.1_1192087-1202679:._1	f2833fcedae73da34fcf482fd67fbd25	765	Pfam	PF13086	AAA domain	117	184	8.7E-13	T	13-04-2026	IPR041677	DNA2/NAM7 helicase, helicase domain	-	-
NZ_OZ040189.1_1192087-1202679:._1	f2833fcedae73da34fcf482fd67fbd25	765	Pfam	PF13086	AAA domain	4	91	2.2E-6	T	13-04-2026	IPR041677	DNA2/NAM7 helicase, helicase domain	-	-
NZ_CP033926.1_4536317-4546921:._7	e053cfd14e7cffc291b70aa7fd463a4c	201	CDD	cd03768	SR_ResInv	2	126	1.11682E-59	T	13-04-2026	-	-	-	-
NZ_CP033926.1_4536317-4546921:._7	e053cfd14e7cffc291b70aa7fd463a4c	201	Pfam	PF00239	Resolvase, N terminal domain	3	135	5.2E-41	T	13-04-2026	IPR006119	Resolvase, N-terminal catalytic domain	-	-
NZ_CM148639.1_2745888-2756492:._11	e8f736d6ef04deab23574445b43c30c1	164	Pfam	PF19666	Family of unknown function (DUF6169)	68	156	2.6E-11	T	13-04-2026	IPR046167	Protein of unknown function DUF6169	-	-
NZ_CP073240.1_22748-33310:._9	4068e57642afb5648fdb2d8f984a63f5	98	CDD	cd00093	HTH_XRE	4	61	1.39028E-13	T	13-04-2026	IPR001387	Cro/C1-type helix-turn-helix domain	-	-
NZ_CP073240.1_22748-33310:._9	4068e57642afb5648fdb2d8f984a63f5	98	Pfam	PF01381	Helix-turn-helix	7	60	5.9E-11	T	13-04-2026	IPR001387	Cro/C1-type helix-turn-helix domain	-	-
NZ_CP146517.1_1634569-1644945:._6	a8d5eedd089e2a0cbb42e717fef6cf90	87	Pfam	PF02796	Helix-turn-helix domain of resolvase	47	83	0.035	T	13-04-2026	IPR006120	Resolvase, HTH domain	-	-
NZ_CP171011.1_905932-916497:._8	030c43e2396ca3cab83d94ba02d16517	188	CDD	cd03768	SR_ResInv	2	127	1.3583E-56	T	13-04-2026	-	-	-	-
NZ_CP171011.1_905932-916497:._8	030c43e2396ca3cab83d94ba02d16517	188	Pfam	PF00239	Resolvase, N terminal domain	3	136	2.3E-38	T	13-04-2026	IPR006119	Resolvase, N-terminal catalytic domain	-	-
NZ_CP171011.1_905932-916497:._8	030c43e2396ca3cab83d94ba02d16517	188	Pfam	PF02796	Helix-turn-helix domain of resolvase	139	183	9.2E-4	T	13-04-2026	IPR006120	Resolvase, HTH domain	-	-
NZ_CP063145.1_230248-240813:._8	030c43e2396ca3cab83d94ba02d16517	188	CDD	cd03768	SR_ResInv	2	127	1.3583E-56	T	13-04-2026	-	-	-	-
NZ_CP063145.1_230248-240813:._8	030c43e2396ca3cab83d94ba02d16517	188	Pfam	PF00239	Resolvase, N terminal domain	3	136	2.3E-38	T	13-04-2026	IPR006119	Resolvase, N-terminal catalytic domain	-	-
NZ_CP063145.1_230248-240813:._8	030c43e2396ca3cab83d94ba02d16517	188	Pfam	PF02796	Helix-turn-helix domain of resolvase	139	183	9.2E-4	T	13-04-2026	IPR006120	Resolvase, HTH domain	-	-
NC_015164.1_34583-45172:._4	dc1ebb95623baf1d717eccb5e53b520b	1144	Pfam	PF12950	TaqI-like C-terminal specificity domain	870	1019	6.3E-15	T	13-04-2026	IPR025931	TaqI-like C-terminal specificity domain	-	-
NC_015164.1_34583-45172:._4	dc1ebb95623baf1d717eccb5e53b520b	1144	Pfam	PF02384	N-6 DNA Methylase	623	771	2.3E-7	T	13-04-2026	IPR003356	DNA methylase, adenine-specific	-	-
NZ_CP087585.1_3158408-3169009:._10	57e6c43dcde0f16bb8c20f16bd3c1a9d	195	Pfam	PF01555	DNA methylase	65	190	4.4E-17	T	13-04-2026	IPR002941	DNA methylase N-4/N-6	-	-
NZ_CP006576.1_3840682-3851322:._6	a322d4537a9411d91a509652dd37b7f8	199	Pfam	PF00239	Resolvase, N terminal domain	4	142	3.8E-22	T	13-04-2026	IPR006119	Resolvase, N-terminal catalytic domain	-	-
NZ_CP006576.1_3840682-3851322:._6	a322d4537a9411d91a509652dd37b7f8	199	CDD	cd03768	SR_ResInv	5	133	7.39374E-32	T	13-04-2026	-	-	-	-
NZ_CP115636.1_2090523-2101085:._6	d59c79aaf2e4e0e50a1fdff3081e1dfb	175	Pfam	PF06114	IrrE N-terminal-like domain	60	169	9.5E-20	T	13-04-2026	IPR010359	IrrE N-terminal-like domain	-	-
NZ_CP066883.1_3742481-3753091:._18	5615fc3adef50abd54ae6a9d1c0ec1ed	206	Pfam	PF01609	Transposase DDE domain	12	184	2.2E-23	T	13-04-2026	IPR002559	Transposase IS4-like domain	-	-
